trial_id,pt_test_acc,tf_test_acc,pt_uniform_accuracy,tf_uniform_accuracy,pt_gaussian_accuracy,tf_gaussian_accuracy,pt_saltandpepper_accuracy,tf_saltandpepper_accuracy,average_res,time_this_iter_s,done,timesteps_total,episodes_total,training_iteration,experiment_id,date,timestamp,time_total_s,pid,hostname,node_ip,time_since_restore,timesteps_since_restore,iterations_since_restore,experiment_tag,config.learning_rate,config.dropout,config.epochs,config.batch_size
042d5464,1.6043794282845087,0.44119998812675476,0.21557719054242008,0.5994436717663422,0.21910773510217185,0.5994436717663422,0.21493527334973783,0.5994436717663422,0.5616913288380775,336.7655825614929,True,,,1,eeb574e21e324631b99c37ed2c82bf5d,2020-10-09_16-17-22,1602278242,336.7655825614929,105796,iotagpu02,140.221.68.6,336.7655825614929,0,1,"1_batch_size=719,dropout=0.7958,epochs=72,learning_rate=0.08984",0.08983973148590499,0.7958039286639932,72,719
042e0b2a,0.6496470129335081,0.875,0.48721227621483376,0.7905764312413929,0.49272083415305923,0.794314381270903,0.5062954947865435,0.7971670273460555,0.674116682243287,233.75257778167725,True,,,1,fbcf0f35d2c240e1b53294bc86ba4b54,2020-10-09_16-15-39,1602278139,233.75257778167725,105794,iotagpu02,140.221.68.6,233.75257778167725,0,1,"2_batch_size=782,dropout=0.63029,epochs=49,learning_rate=0.083462",0.08346207891137941,0.630293680582028,49,782
042e47de,0.666105792396947,0.8722000122070312,0.6018384131591679,0.8895742622157716,0.6059506531204644,0.8917513304305758,0.6149008224479923,0.8940493468795355,0.7545463291071857,419.48180294036865,True,,,1,ab2a0f300ca647bcba91b7f5a457d3fe,2020-10-09_16-18-45,1602278325,419.48180294036865,105797,iotagpu02,140.221.68.6,419.48180294036865,0,1,"3_batch_size=636,dropout=0.6004,epochs=89,learning_rate=0.073859",0.07385940123747214,0.600395957575349,89,636
042e7bb4,0.7353174675393988,0.7247999906539917,0.4630521535709371,0.6065776799229393,0.46484106233659006,0.6102931058208338,0.46374019540388056,0.6360258703729187,0.5880809407026862,249.02680587768555,True,,,1,4c7e2445be844f08ae09b78731b5e415,2020-10-09_16-15-54,1602278154,249.02680587768555,105795,iotagpu02,140.221.68.6,249.02680587768555,0,1,"4_batch_size=559,dropout=0.55097,epochs=51,learning_rate=0.097997",0.09799675692831301,0.550968216042941,51,559
042eb570,0.3732862127762215,0.9047999978065491,0.7732656514382403,0.906286606794221,0.7706625016269686,0.907848496680984,0.7929194325133412,0.9342704672653911,0.7954174208627396,391.68616580963135,True,,,1,5515ec5c077a4ccb9b21181b5b512713,2020-10-09_16-18-17,1602278297,391.68616580963135,105805,iotagpu02,140.221.68.6,391.68616580963135,0,1,"5_batch_size=591,dropout=0.4823,epochs=84,learning_rate=0.074099",0.07409897030126482,0.4822955411388509,84,591
03b5afbc,0.5041247580464431,0.8751000165939331,0.4932793522267207,0.8435627530364372,0.4879352226720648,0.8448582995951417,0.4963562753036437,0.8409716599190283,0.6732735421741766,454.9643681049347,True,,,1,447c65b8fe95423098a06aa203df9bcc,2020-10-09_16-26-23,1602278783,454.9643681049347,106397,iotagpu02,140.221.68.6,454.9643681049347,0,1,"1_batch_size=475,dropout=0.88303,epochs=95,learning_rate=0.02355",0.02355013795828248,0.8830264064476032,95,475
03b6483c,0.10887843666347206,0.9555000066757202,0.874617186092596,0.9475770131507837,0.8809223563321924,0.9488380471987029,0.883444424428031,0.9459556836606017,0.8182166442752625,237.39283204078674,True,,,1,5755f2efaf3e4131a85d0005af2dad0e,2020-10-09_16-22-45,1602278565,237.39283204078674,106380,iotagpu02,140.221.68.6,237.39283204078674,0,1,"2_batch_size=427,dropout=0.64089,epochs=49,learning_rate=0.022899",0.02289857147383977,0.6408894926380742,49,427
03b677ee,0.21498963746375271,0.9275000095367432,0.7424980083207932,0.8989997344427724,0.7453306187483403,0.8997078870496592,0.7586084801274675,0.8946622997255909,0.7602870844268899,259.4454607963562,True,,,1,0d4f7b896878410daada20eb7f04bc6a,2020-10-09_16-23-08,1602278588,259.4454607963562,105952,iotagpu02,140.221.68.6,259.4454607963562,0,1,"3_batch_size=869,dropout=0.68511,epochs=56,learning_rate=0.041408",0.041407959425850356,0.6851074238773588,56,869
03b6a660,0.6125899120684593,0.8003000020980835,0.4102302192189833,0.7934312878133103,0.4107016578926691,0.7951598962834918,0.42154474738744396,0.7938241533747152,0.6297227345171446,390.4767348766327,True,,,1,47ed6acf0dc24a0abdd1d2c27cea9764,2020-10-09_16-25-19,1602278719,390.4767348766327,106001,iotagpu02,140.221.68.6,390.4767348766327,0,1,"4_batch_size=979,dropout=0.80378,epochs=85,learning_rate=0.057276",0.057275645357702624,0.8037822600478917,85,979
03b6d89c,0.6071393767825696,0.8403000235557556,0.5130738826391,0.7739434478564913,0.5203709334144117,0.7750076010945577,0.5162663423532989,0.7854971115840681,0.6664498399100316,355.9004578590393,True,,,1,714012365e99427fa650f32c81ff3b7f,2020-10-09_16-24-44,1602278684,355.9004578590393,106070,iotagpu02,140.221.68.6,355.9004578590393,0,1,"5_batch_size=506,dropout=0.69561,epochs=75,learning_rate=0.060191",0.060191428937410085,0.6956066422305954,75,506
14c4dbf6,0.5314939758843846,0.8629000186920166,0.5812271062271062,0.9103479853479853,0.5908424908424909,0.910989010989011,0.6006410256410256,0.9248168498168499,0.7391573079301088,462.5388262271881,True,,,1,207c33a2cbae40a4be632bb61ac48664,2020-10-09_16-34-09,1602279249,462.5388262271881,106107,iotagpu02,140.221.68.6,462.5388262271881,0,1,"1_batch_size=840,dropout=0.51628,epochs=99,learning_rate=0.098062",0.09806171860304932,0.5162796315392753,99,840
14c51db4,0.13353622157288633,0.9501000046730042,0.9109932213380489,0.899351606248158,0.9130562923666372,0.8999410551134689,0.923666371942234,0.8978779840848806,0.8160653446674148,397.0317361354828,True,,,1,e72800b634cf4e5aac9148f949e83b79,2020-10-09_16-33-03,1602279183,397.0317361354828,106129,iotagpu02,140.221.68.6,397.0317361354828,0,1,"2_batch_size=522,dropout=0.37507,epochs=86,learning_rate=0.049264",0.04926398390485623,0.3750733311019868,86,522
14c5519e,0.0973507001460211,0.9527999758720398,0.8697868396663577,0.9969416126042632,0.8770157553290083,0.997775718257646,0.8781278962001854,0.9925857275254866,0.832798028200126,441.370796918869,True,,,1,d2e18220190944ddb338815d5a87d2d9,2020-10-09_16-33-48,1602279228,441.370796918869,106103,iotagpu02,140.221.68.6,441.370796918869,0,1,"3_batch_size=830,dropout=0.37946,epochs=94,learning_rate=0.049197",0.049196568847537994,0.37946446843546144,94,830
14c57fc0,0.42145241783044046,0.9000999927520752,0.7450041062140706,0.9290993703805092,0.7517109225294278,0.9327949630440734,0.7640295647413085,0.9281412537640296,0.7965415739069919,225.49666380882263,True,,,1,5081114e335449aca3b7cb934af0e0d7,2020-10-09_16-30-12,1602279012,225.49666380882263,106119,iotagpu02,140.221.68.6,225.49666380882263,0,1,"4_batch_size=562,dropout=0.47559,epochs=47,learning_rate=0.076037",0.07603727757804711,0.4755870974417993,47,562
14c5aff4,0.480724506010519,0.880299985408783,0.7566607460035524,0.8736166142915699,0.7619893428063943,0.8760759666621123,0.7740128432846017,0.8830441317119825,0.7858030170224394,282.7290554046631,True,,,1,44759ac052d04414a7f526569c77b28e,2020-10-09_16-31-09,1602279069,282.7290554046631,106096,iotagpu02,140.221.68.6,282.7290554046631,0,1,"5_batch_size=563,dropout=0.40381,epochs=58,learning_rate=0.092134",0.09213400458089982,0.40380636486126875,58,563
2a59ad42,0.0730442929951871,0.9563000202178955,0.9649781113195748,0.9471544715447154,0.9649781113195748,0.9476235146966854,0.967010631644778,0.9460600375234521,0.8458936489077329,328.1856689453125,True,,,1,2b10038de89245418b80a936375a1ff0,2020-10-09_16-39-40,1602279580,328.1856689453125,106116,iotagpu02,140.221.68.6,328.1856689453125,0,1,"1_batch_size=492,dropout=0.25048,epochs=71,learning_rate=0.041692",0.041691898615562197,0.25047587000935523,71,492
2a59fa04,0.08453074388671666,0.9605000019073486,0.961948717948718,0.9958974358974358,0.9628717948717949,0.9963076923076923,0.9647179487179487,0.9895384615384616,0.8645390996345146,348.9351601600647,True,,,1,81e57cb9f68944f3a9c3aa3b288df0b1,2020-10-09_16-40-01,1602279601,348.9351601600647,106043,iotagpu02,140.221.68.6,348.9351601600647,0,1,"2_batch_size=750,dropout=0.31015,epochs=73,learning_rate=0.050024",0.05002399002851143,0.3101463145183059,73,750
2a5a2858,0.06970448792921473,0.965499997138977,0.916015132408575,0.9941992433795712,0.908827238335435,0.9945775535939471,0.9147540983606557,0.9930643127364439,0.8445802579853524,352.18753266334534,True,,,1,164965688b1e41dca627eeaebe585e3c,2020-10-09_16-40-04,1602279604,352.18753266334534,106104,iotagpu02,140.221.68.6,352.18753266334534,0,1,"3_batch_size=610,dropout=0.55868,epochs=74,learning_rate=0.026285",0.02628494299494628,0.5586797257428318,74,610
2a5a65c0,0.007580365657614653,0.9779999852180481,0.9776639790804097,1.0,0.9800610154717804,1.0,0.9797341468729571,1.0,0.8653799365376013,400.03241658210754,True,,,1,c6c3cc502aef41879443125a181e22e5,2020-10-09_16-40-52,1602279652,400.03241658210754,106040,iotagpu02,140.221.68.6,400.03241658210754,0,1,"4_batch_size=706,dropout=0.4815,epochs=83,learning_rate=0.0048939",0.004893930157449146,0.4814982093791553,83,706
2a5a9388,0.152378125967724,0.9498999714851379,0.8803220035778175,0.8991055456171735,0.8788908765652952,0.8998211091234347,0.8826475849731663,0.895706618962433,0.8048464795340228,354.516215801239,True,,,1,d82b5a535f314f5382921969166990b6,2020-10-09_16-40-06,1602279606,354.516215801239,106055,iotagpu02,140.221.68.6,354.516215801239,0,1,"5_batch_size=430,dropout=0.38274,epochs=73,learning_rate=0.044251",0.044250737648387405,0.38274330184772687,73,430
1aba8932,0.6461566724311346,0.8154000043869019,0.5127469374241254,0.8393113342898135,0.5152852885994923,0.8412978699922746,0.5254386933009602,0.8463745723430085,0.6927514215959638,73.63763523101807,True,,,1,0492931ccd5c467195371c24dc9610af,2020-10-09_16-42-09,1602279729,73.63763523101807,106072,iotagpu02,140.221.68.6,73.63763523101807,0,1,"1_batch_size=697,dropout=0.65348,epochs=13,learning_rate=0.08748",0.08748019164445839,0.6534820279532725,13,697
1abacc76,0.35884989485144614,0.91839998960495,0.7179060540125433,0.9447075387175221,0.7237936772046589,0.9461154486112888,0.7310892102905414,0.9402278254191732,0.7851362048390155,210.2743625640869,True,,,1,f6353d8b080e442ebf96d5f2a15a13d9,2020-10-09_16-44-25,1602279865,210.2743625640869,106106,iotagpu02,140.221.68.6,210.2743625640869,0,1,"2_batch_size=601,dropout=0.48489,epochs=44,learning_rate=0.072432",0.07243246942604198,0.4848932409815277,44,601
1abafb10,1.0167892926269106,0.5766000151634216,0.23549055734684476,0.5939659143251957,0.23226623675725477,0.5941962229387379,0.2422846614463381,0.600529709811147,0.5115153263019813,87.76120805740356,True,,,1,ab536e3fe58c4a479b9860ed586b2784,2020-10-09_16-42-23,1602279743,87.76120805740356,106073,iotagpu02,140.221.68.6,87.76120805740356,0,1,"3_batch_size=668,dropout=0.89996,epochs=16,learning_rate=0.039541",0.03954074421890644,0.8999633216274577,16,668
1abb2900,0.3165215836867454,0.9171000123023987,0.7502413904087544,0.8944319279047312,0.7521725136787898,0.895397489539749,0.7711618925008046,0.8982941744448021,0.7744151230583469,69.45653128623962,True,,,1,64a96ee7b4f14bf388a757141f84dd40,2020-10-09_16-42-05,1602279725,69.45653128623962,106137,iotagpu02,140.221.68.6,69.45653128623962,0,1,"4_batch_size=478,dropout=0.65546,epochs=12,learning_rate=0.050526",0.05052570273878172,0.6554629880630971,12,478
1abb598e,1.1240576870405852,0.5580000281333923,0.46992384700949774,0.5894583725506973,0.47026610764096854,0.5909129802344486,0.4760845383759733,0.5970736716009242,0.6094721540733109,256.4859662055969,True,,,1,30e85d8ff67642e2abf50fa1d3309d64,2020-10-09_16-45-11,1602279911,256.4859662055969,106120,iotagpu02,140.221.68.6,256.4859662055969,0,1,"5_batch_size=899,dropout=0.75492,epochs=56,learning_rate=0.089399",0.08939862380723063,0.7549194411702835,56,899
b5619f48,0.4802586030764658,0.8427000045776367,0.49593495934959353,0.8351313320825516,0.49499687304565354,0.8373202001250781,0.510475297060663,0.8445121951219512,0.6676661830549492,219.89805674552917,True,,,1,a39812e2416d497c8063af475c49b497,2020-10-09_16-48-54,1602280134,219.89805674552917,106064,iotagpu02,140.221.68.6,219.89805674552917,0,1,"1_batch_size=984,dropout=0.78438,epochs=45,learning_rate=0.059799",0.05979862622196974,0.7843772653330614,45,984
b561de22,0.07740521973132022,0.9620000123977661,0.881216457960644,1.0,0.8847942754919499,1.0,0.895169946332737,1.0,0.8375732389893021,125.07107996940613,True,,,1,044cd934340b47f6925be420f082ddff,2020-10-09_16-47-20,1602280040,125.07107996940613,106027,iotagpu02,140.221.68.6,125.07107996940613,0,1,"2_batch_size=430,dropout=0.65267,epochs=24,learning_rate=0.014657",0.01465725682248401,0.652665067463166,24,430
b5620cc6,1.1121778052244613,0.5756000280380249,0.2048734929529632,0.5987434199354729,0.2082696552895228,0.598998132110715,0.21480726778740022,0.6012056376294788,0.5143344298710049,102.85144090652466,True,,,1,2507ee94ba3f41b7aace7bd4459f20bc,2020-10-09_16-46-57,1602280017,102.85144090652466,106136,iotagpu02,140.221.68.6,102.85144090652466,0,1,"3_batch_size=906,dropout=0.87407,epochs=19,learning_rate=0.057718",0.05771773659954538,0.8740739916553486,19,906
b5623b24,0.07610411953293916,0.9650999903678894,0.9100192516949862,0.9021511676571524,0.9116096091068888,0.9029881978739432,0.9130325604754331,0.8998911860718172,0.8101120103476311,79.65271782875061,True,,,1,cf1de2c7997c4462bddd249a85774c22,2020-10-09_16-46-34,1602279994,79.65271782875061,106054,iotagpu02,140.221.68.6,79.65271782875061,0,1,"4_batch_size=919,dropout=0.57203,epochs=14,learning_rate=0.023547",0.02354689232864982,0.5720262074338073,14,919
b56268e2,0.21082299707397337,0.944599986076355,0.7888386123680241,0.9049773755656109,0.7916170516789711,0.9043423037231086,0.7949511788521076,0.8970389775343336,0.7796485603590605,158.2808678150177,True,,,1,0cc926eb04e64712969e137545d3c7db,2020-10-09_16-47-53,1602280073,158.2808678150177,106068,iotagpu02,140.221.68.6,158.2808678150177,0,1,"5_batch_size=969,dropout=0.75282,epochs=32,learning_rate=0.035147",0.035146556152140386,0.7528184929411103,32,969
3a3c2a58,0.2323555903253602,0.9415000081062317,0.8497982558896264,0.891969282832227,0.8527918781725888,0.8934010152284264,0.8595600676818951,0.8852010933229207,0.8008221489449096,280.96562790870667,True,,,1,9febfad47647415cbdb066f58dda2ef9,2020-10-09_16-53-38,1602280418,280.96562790870667,106078,iotagpu02,140.221.68.6,280.96562790870667,0,1,"1_batch_size=591,dropout=0.26359,epochs=60,learning_rate=0.076473",0.07647315935678115,0.26358747060075044,60,591
3a3c6cca,0.28556655705171197,0.9266999959945679,0.7804972804972805,0.9011266511266511,0.7933177933177933,0.9007381507381508,0.7970085470085471,0.8987956487956488,0.7854688280662939,262.734575510025,True,,,1,efbb90ce994b47d0a61770fdaedddf95,2020-10-09_16-53-20,1602280400,262.734575510025,106017,iotagpu02,140.221.68.6,262.734575510025,0,1,"2_batch_size=396,dropout=0.56113,epochs=52,learning_rate=0.046613",0.046612883727933804,0.5611328947377594,52,396
3a3c9bc8,0.09087937405352951,0.9584000110626221,0.9176247481332227,0.9495081189996444,0.921061988858599,0.9492710679151357,0.9209434633163447,0.9476117103235747,0.8319125603328341,113.93179392814636,True,,,1,0a2d63cd62d34a19b6f4b6be017a3b1f,2020-10-09_16-50-51,1602280251,113.93179392814636,106114,iotagpu02,140.221.68.6,113.93179392814636,0,1,"3_batch_size=649,dropout=0.33855,epochs=22,learning_rate=0.039298",0.03929798815687188,0.33854566028102306,22,649
3a3cc9b8,0.0909525127234784,0.9585999846458435,0.9606950067476383,0.8955802968960864,0.9635627530364372,0.8968454790823212,0.9717442645074224,0.8960863697705803,0.829258333426226,275.42285895347595,True,,,1,3e8dd0a6745c417c9a976d2267a76233,2020-10-09_16-53-33,1602280413,275.42285895347595,106094,iotagpu02,140.221.68.6,275.42285895347595,0,1,"4_batch_size=912,dropout=0.21174,epochs=59,learning_rate=0.059388",0.05938806050366929,0.21174224397119057,59,912
3a3cf7a8,0.34126662666147406,0.9078999757766724,0.647857624831309,0.8922064777327935,0.6542678812415654,0.8922064777327935,0.6566295546558705,0.895748987854251,0.7360104508108412,94.33247661590576,True,,,1,c0c9ec307df2426581196b65826fe59b,2020-10-09_16-50-32,1602280232,94.33247661590576,106067,iotagpu02,140.221.68.6,94.33247661590576,0,1,"5_batch_size=912,dropout=0.54742,epochs=18,learning_rate=0.095352",0.09535179799703422,0.5474199591627347,18,912
e3982516,0.04961256234783609,0.9764000177383423,0.9739083412194133,0.9530890901716912,0.9744491009868865,0.9529539002298228,0.97255644180073,0.950520481276193,0.8504362419713644,72.96422958374023,True,,,1,f5ee13e4f18b4118bd7640dbbf9a5d57,2020-10-09_16-54-55,1602280495,72.96422958374023,106115,iotagpu02,140.221.68.6,72.96422958374023,0,1,"1_batch_size=569,dropout=0.44783,epochs=13,learning_rate=0.0022607",0.002260690654736014,0.44782875890508794,13,569
e398663e,0.03056776241752349,0.9728999733924866,0.978643464504647,1.0,0.9784457188056159,1.0,0.9764682618153055,1.0,0.8671281476169473,142.89043521881104,True,,,1,850debba14df43859c3825240845c029,2020-10-09_16-56-05,1602280565,142.89043521881104,106022,iotagpu02,140.221.68.6,142.89043521881104,0,1,"2_batch_size=389,dropout=0.24646,epochs=28,learning_rate=0.015388",0.01538808886621311,0.24645563445522584,28,389
e39894c4,0.12023371662944556,0.9531999826431274,0.8669150918285866,0.9493390116227487,0.8690444503593293,0.9490728418064058,0.8753438026794428,0.9445479549285778,0.815962106562208,218.1784646511078,True,,,1,c5c72b03731e4428b6b3cab4587f3432,2020-10-09_16-57-20,1602280640,218.1784646511078,106101,iotagpu02,140.221.68.6,218.1784646511078,0,1,"3_batch_size=867,dropout=0.44944,epochs=45,learning_rate=0.051479",0.05147867567355069,0.4494420227232183,45,867
e398c2a0,0.11382022436994772,0.9549999833106995,0.908005270960303,0.900263548015154,0.9112172623949926,0.9001811892604183,0.9151704826223027,0.900263548015154,0.8129901886186215,143.94717454910278,True,,,1,b3a0ae5e9d03419b8d23dd55f43e63cd,2020-10-09_16-56-06,1602280566,143.94717454910278,106134,iotagpu02,140.221.68.6,143.94717454910278,0,1,"4_batch_size=934,dropout=0.53289,epochs=28,learning_rate=0.042813",0.04281264533399167,0.5328896272222113,28,934
e398f234,0.05737973664266368,0.9704999923706055,0.9428923076923077,1.0,0.9451076923076923,1.0,0.9452307692307692,1.0,0.8576388122805048,71.4056077003479,True,,,1,6a66371c6133467eae632854dff345ab,2020-10-09_16-54-53,1602280493,71.4056077003479,105944,iotagpu02,140.221.68.6,71.4056077003479,0,1,"5_batch_size=625,dropout=0.37669,epochs=12,learning_rate=0.018469",0.01846901521611634,0.37668715233969075,12,625
67a5615c,0.9891065155466398,0.6367999911308289,0.35821123321123316,0.8015873015873016,0.3721001221001221,0.8015873015873016,0.3817155067155067,0.8015873015873016,0.6428369091832794,237.56441855430603,True,,,1,33af2eeb69e44163af32522bd0c4e3f7,2020-10-09_17-01-21,1602280881,237.56441855430603,105929,iotagpu02,140.221.68.6,237.56441855430603,0,1,"1_batch_size=504,dropout=0.73425,epochs=48,learning_rate=0.072743",0.07274347898951666,0.7342456070545482,48,504
67a5a59a,0.5743288396151511,0.8033000230789185,0.574482918893795,0.7229839646758076,0.5930745991168952,0.7243783406925401,0.600743667208924,0.6990471763885662,0.6615424412088247,350.583548784256,True,,,1,8ba57be4695c4310b40949d50601ccce,2020-10-09_17-03-14,1602280994,350.583548784256,106099,iotagpu02,140.221.68.6,350.583548784256,0,1,"2_batch_size=331,dropout=0.72053,epochs=70,learning_rate=0.046516",0.04651638410116565,0.7205263564825545,70,331
67a5d4c0,0.6786417407648904,0.8353999853134155,0.42708333333333337,0.8226495726495726,0.43603098290598286,0.8262553418803419,0.4512553418803419,0.8345352564102564,0.6639814443922669,361.7520332336426,True,,,1,d28021f61c4f42e48b6b9b4a7421e363,2020-10-09_17-03-25,1602281005,361.7520332336426,105959,iotagpu02,140.221.68.6,361.7520332336426,0,1,"3_batch_size=576,dropout=0.77937,epochs=75,learning_rate=0.050441",0.05044112658727826,0.7793734830965049,75,576
67a60332,0.773009350666633,0.6229000091552734,0.4935787104461803,0.6470276711240567,0.4923871309413478,0.6486164437971667,0.5080100622269297,0.6504700119157951,0.6044999237841728,246.59407591819763,True,,,1,108c22beeecd45c9996d190d6b882018,2020-10-09_17-01-30,1602280890,246.59407591819763,105874,iotagpu02,140.221.68.6,246.59407591819763,0,1,"4_batch_size=581,dropout=0.67993,epochs=51,learning_rate=0.073402",0.07340200816398976,0.6799315481433719,51,581
67a63136,0.7880516177223574,0.6108999848365784,0.43187946074544015,0.6456780333068992,0.4293417922283902,0.6461538461538461,0.4367961934972244,0.6496431403647899,0.5798055086069407,355.8734939098358,True,,,1,1b37d79571814397a5f6ad843dd27f94,2020-10-09_17-03-19,1602280999,355.8734939098358,105807,iotagpu02,140.221.68.6,355.8734939098358,0,1,"5_batch_size=485,dropout=0.67425,epochs=74,learning_rate=0.076601",0.07660058888429822,0.6742476304208136,74,485
4119bc6c,1.1532706385808633,0.5074999928474426,0.2621885157096425,0.5406283856988082,0.2654387865655471,0.542795232936078,0.27193932827735645,0.5449620801733478,0.5110903700986358,572.7389941215515,True,,,1,e16890f2909f4060bc39233df7431dda,2020-10-09_17-13-01,1602281581,572.7389941215515,105993,iotagpu02,140.221.68.6,572.7389941215515,0,1,"1_batch_size=71,dropout=0.87714,epochs=80,learning_rate=0.023182",0.023181903912139982,0.8771439969283513,80,71
411a000a,1.0042628951561756,0.6912000179290771,0.34290709290709287,0.6038961038961039,0.3451548451548452,0.6056443556443556,0.3548951048951049,0.6058941058941059,0.5692318151846076,277.586225271225,True,,,1,fbb915b842a74d6e8fc3861d2f92a858,2020-10-09_17-08-06,1602281286,277.586225271225,105940,iotagpu02,140.221.68.6,277.586225271225,0,1,"2_batch_size=308,dropout=0.75553,epochs=56,learning_rate=0.058367",0.05836677831201361,0.7555289658694355,56,308
411a2f12,0.07119717888038038,0.9613000154495239,0.9213085764809903,0.9080459770114943,0.9089301503094607,0.9080459770114943,0.9142351900972591,0.9080459770114943,0.8126386302815122,653.5103733539581,True,,,1,943e79326aa542059e3556de7d63a5f8,2020-10-09_17-14-21,1602281661,653.5103733539581,105923,iotagpu02,140.221.68.6,653.5103733539581,0,1,"3_batch_size=87,dropout=0.62732,epochs=98,learning_rate=0.0090829",0.0090828632328356,0.6273229388845052,98,87
411a5cb2,0.0857090830125592,0.9584000110626221,0.8968723584108199,0.8953226260918569,0.8936320090166244,0.8965905888982812,0.9064525218371372,0.8978585517047055,0.8038547187543258,415.91282773017883,True,,,1,4c19f5c7ac3744f69cd5973ec79a9ff3,2020-10-09_17-10-24,1602281424,415.91282773017883,105915,iotagpu02,140.221.68.6,415.91282773017883,0,1,"4_batch_size=546,dropout=0.5769,epochs=88,learning_rate=0.030241",0.030241466082840847,0.5769042438385354,88,546
411a8a2a,0.7038319064934451,0.8015999794006348,0.437712729748128,0.8427501701837985,0.437712729748128,0.8451327433628318,0.4343090537780804,0.8485364193328795,0.6689482165059908,287.5990629196167,True,,,1,8286bdc4a7954952a67c58866a29f71d,2020-10-09_17-08-16,1602281296,287.5990629196167,105921,iotagpu02,140.221.68.6,287.5990629196167,0,1,"5_batch_size=226,dropout=0.77044,epochs=55,learning_rate=0.041117",0.041116950406647396,0.7704376946784477,55,226
c8782b66,1.1490921079646068,0.6004999876022339,0.469721767594108,0.5441898527004909,0.4754500818330606,0.5458265139116203,0.49181669394435357,0.5490998363338788,0.6032121052355441,446.34925603866577,True,,,1,20bb4fc2e7b94016ae90e6b78d108569,2020-10-09_17-21-51,1602282111,446.34925603866577,106034,iotagpu02,140.221.68.6,446.34925603866577,0,1,"1_batch_size=94,dropout=0.47008,epochs=69,learning_rate=0.081815",0.08181547358917235,0.4700822219094508,69,94
c8787012,1.0693410437583923,0.6686999797821045,0.5536858974358974,0.5,0.5761217948717949,0.5,0.592948717948718,0.5,0.6200996792246134,512.7570960521698,True,,,1,dbd28f462c7441268b0a337c646ec124,2020-10-09_17-22-57,1602282177,512.7570960521698,105916,iotagpu02,140.221.68.6,512.7570960521698,0,1,"2_batch_size=96,dropout=0.55147,epochs=81,learning_rate=0.06797",0.06796968923032386,0.5514675485641515,81,96
c878a302,0.9109271923808074,0.7049000263214111,0.584045584045584,0.7782526115859449,0.5911680911680912,0.7787274453941121,0.6035137701804368,0.7905982905982906,0.7177666264593348,496.8589766025543,True,,,1,33f107b6350d45c59ea4bd21c9e7d388,2020-10-09_17-22-41,1602282161,496.8589766025543,105895,iotagpu02,140.221.68.6,496.8589766025543,0,1,"3_batch_size=162,dropout=0.37076,epochs=90,learning_rate=0.086649",0.08664901589569565,0.37076054434102446,90,162
c878d0c0,0.6368218955605529,0.7566999793052673,0.7258241758241758,0.6755494505494506,0.7310439560439561,0.6774725274725275,0.7420329670329671,0.6887362637362637,0.7042726519406451,297.209730386734,True,,,1,47975f5c737e4c2fb40ca7a80cea0e69,2020-10-09_17-19-22,1602281962,297.209730386734,105927,iotagpu02,140.221.68.6,297.209730386734,0,1,"4_batch_size=280,dropout=0.38112,epochs=58,learning_rate=0.083398",0.08339831391689886,0.38112107366026066,58,280
c878fea6,0.5542091056381985,0.880299985408783,0.6846153846153846,0.7863905325443787,0.6863905325443787,0.7875739644970414,0.6899408284023669,0.7955621301775148,0.7331228079785058,312.3320691585541,True,,,1,2bfe8f4a35564c04af2dd9210a30313a,2020-10-09_17-19-37,1602281977,312.3320691585541,105996,iotagpu02,140.221.68.6,312.3320691585541,0,1,"5_batch_size=260,dropout=0.30769,epochs=62,learning_rate=0.073732",0.07373215965654273,0.30769353545467215,62,260
fbef6c06,0.24786664756213866,0.921500027179718,0.7412349555206699,0.8953427524856097,0.7414965986394557,0.8973050758765044,0.7552328623757195,0.8982208267922553,0.7622749683040089,273.4064691066742,True,,,1,c3df3465609147f79df17760963d422e,2020-10-09_17-27-34,1602282454,273.4064691066742,105906,iotagpu02,140.221.68.6,273.4064691066742,0,1,"1_batch_size=588,dropout=0.5098,epochs=59,learning_rate=0.060752",0.06075227062640562,0.5098010457483481,59,588
fbf046ee,0.01009211074225269,0.979200005531311,0.9703054298642534,0.9537613122171946,0.9714366515837104,0.9537613122171946,0.9714366515837104,0.9503676470588235,0.8450451400998064,257.23849844932556,True,,,1,cac9bb23463c4e2e95d1a2652f415d83,2020-10-09_17-27-18,1602282438,257.23849844932556,105809,iotagpu02,140.221.68.6,257.23849844932556,0,1,"2_batch_size=544,dropout=0.44321,epochs=54,learning_rate=0.0020987",0.002098685559043503,0.4432139735353492,54,544
fbf0770e,0.16792599030190336,0.9441999793052673,0.8522888154789996,0.8942897593204342,0.8593676262387919,0.8947616800377537,0.8678621991505427,0.8947616800377537,0.7969322162339308,396.8320348262787,True,,,1,5f6fa28229c34a4c90b163055ca26523,2020-10-09_17-29-37,1602282577,396.8320348262787,105932,iotagpu02,140.221.68.6,396.8320348262787,0,1,"3_batch_size=163,dropout=0.37784,epochs=72,learning_rate=0.031976",0.03197612992395198,0.3778359111995411,72,163
fbf0b048,0.7395282371660297,0.7638999819755554,0.539031339031339,0.5982905982905983,0.5401709401709403,0.5977207977207977,0.531054131054131,0.6017094017094018,0.6139256783898491,355.14103627204895,True,,,1,081e753433824fddb02156263db3a530,2020-10-09_17-28-56,1602282536,355.14103627204895,105897,iotagpu02,140.221.68.6,355.14103627204895,0,1,"4_batch_size=135,dropout=0.58519,epochs=61,learning_rate=0.052515",0.052514566176965635,0.585186819957789,61,135
fbf0de4c,0.006261377976140163,0.9786999821662903,0.9665765544359793,1.0,0.9663307938068322,1.0,0.9660850331776849,0.9998771196854264,0.8604788576560441,399.7697129249573,True,,,1,87c5fe137b764baf913b10bcc8a24012,2020-10-09_17-29-40,1602282580,399.7697129249573,105924,iotagpu02,140.221.68.6,399.7697129249573,0,1,"5_batch_size=626,dropout=0.46104,epochs=85,learning_rate=0.0051044",0.005104438446996456,0.4610427783523858,85,626
ebf96986,1.7496911384621445,0.2840999960899353,0.15635179153094458,0.5472312703583062,0.14733149586569783,0.5472312703583062,0.15760461037334006,0.5472312703583062,0.5170966054246227,99.92842078208923,True,,,1,62be269f8456423a99d219cbec525cbb,2020-10-09_17-31-23,1602282683,99.92842078208923,105845,iotagpu02,140.221.68.6,99.92842078208923,0,1,"1_batch_size=307,dropout=0.77473,epochs=17,learning_rate=0.092312",0.09231161308592581,0.7747344963723564,17,307
ebf9b1c0,1.7899123078244497,0.296099990606308,0.1724315952503872,0.40216830149716054,0.16985028394424373,0.40268456375838924,0.1719153329891585,0.40268456375838924,0.47596836745356075,352.11849761009216,True,,,1,57a00bd321de4cc3b891620cf6cbdcb3,2020-10-09_17-35-35,1602282935,352.11849761009216,105835,iotagpu02,140.221.68.6,352.11849761009216,0,1,"2_batch_size=149,dropout=0.74825,epochs=60,learning_rate=0.081305",0.08130489274256036,0.7482450175701851,60,149
ebf9e15e,1.0663679985716792,0.6151999831199646,0.3641625932595832,0.6198868021610496,0.3729096989966555,0.6216876768716233,0.3835863133521996,0.6321070234113713,0.5844885112180158,178.21838450431824,True,,,1,e86fbf17bf0b4f94b22eeb10661876ae,2020-10-09_17-32-41,1602282761,178.21838450431824,105844,iotagpu02,140.221.68.6,178.21838450431824,0,1,"3_batch_size=598,dropout=0.72473,epochs=36,learning_rate=0.076289",0.07628890412642819,0.7247339157685107,36,598
ebfa0f80,1.0584255830351128,0.6620000004768372,0.4640883977900553,0.5393115172120697,0.46196345091372715,0.5393115172120697,0.46833829154271145,0.5465363365915852,0.592496886846771,346.0027587413788,True,,,1,d5364e68e1104d0a918a77f15e38a14e,2020-10-09_17-35-29,1602282929,346.0027587413788,105920,iotagpu02,140.221.68.6,346.0027587413788,0,1,"4_batch_size=181,dropout=0.70655,epochs=61,learning_rate=0.066117",0.06611734909112374,0.7065474057135164,61,181
ebfa3d70,1.8069797901278213,0.3025999963283539,0.19750519750519746,0.39708939708939706,0.1860706860706861,0.39708939708939706,0.1725571725571725,0.3991683991683992,0.48238250449205305,112.21825194358826,True,,,1,3c421acf891b4008afd96bd5fb38fe59,2020-10-09_17-31-35,1602282695,112.21825194358826,105891,iotagpu02,140.221.68.6,112.21825194358826,0,1,"5_batch_size=74,dropout=0.8104,epochs=14,learning_rate=0.043152",0.043152425349566634,0.8103955662365302,14,74
bfa996a2,0.1728150913236188,0.9376999735832214,0.8423792789275023,0.8956136925680073,0.838734869191722,0.8966549524925159,0.8445919562670832,0.8958740075491345,0.7905454777378507,115.14510107040405,True,,,1,73a639c6126f42bca434f1d34f5f1ceb,2020-10-09_17-37-33,1602283053,115.14510107040405,105859,iotagpu02,140.221.68.6,115.14510107040405,0,1,"1_batch_size=591,dropout=0.67595,epochs=22,learning_rate=0.032634",0.03263409951166251,0.6759461436929493,22,591
bfa9d8ce,0.370819091796875,0.9164000153541565,0.7254249167688803,0.9490099877343613,0.7220956719817768,0.9493604345540564,0.735412651130191,0.9467320834063431,0.7894068565908301,73.2537670135498,True,,,1,095dffb33036410c9c5c0f0daaaf112a,2020-10-09_17-36-52,1602283012,73.2537670135498,106045,iotagpu02,140.221.68.6,73.2537670135498,0,1,"2_batch_size=439,dropout=0.65999,epochs=13,learning_rate=0.048218",0.04821815799444486,0.6599854490929997,13,439
bfaa070e,0.1336685319542885,0.953000009059906,0.9057692307692308,0.9,0.8998397435897436,0.9,0.9072115384615385,0.8982371794871795,0.8122157791652359,126.71788120269775,True,,,1,a2f765c196e14d95bde14b6a43328bf3,2020-10-09_17-37-45,1602283065,126.71788120269775,105902,iotagpu02,140.221.68.6,126.71788120269775,0,1,"3_batch_size=480,dropout=0.70383,epochs=25,learning_rate=0.020303",0.020302865109465225,0.7038270051778517,25,480
bfaa3c10,0.3319803045855628,0.9028000235557556,0.6791208791208792,0.8413461538461539,0.6877747252747253,0.8425824175824176,0.6836538461538462,0.8491758241758242,0.7273042717868956,225.2369475364685,True,,,1,c2c56e0fe89548998d22b774429f3b5d,2020-10-09_17-39-24,1602283164,225.2369475364685,105880,iotagpu02,140.221.68.6,225.2369475364685,0,1,"4_batch_size=560,dropout=0.70443,epochs=46,learning_rate=0.047181",0.04718109599129713,0.7044308404271202,46,560
bfaa69e2,2.3033871951083182,0.0892999991774559,0.1071428571428571,0.0714285714285714,0.1071428571428571,0.0714285714285714,0.1071428571428571,0.0714285714285714,0.36605018500000747,303.17623925209045,True,,,1,c0e5a8ade17d4784b2ebd2b561fd5ff7,2020-10-09_17-40-41,1602283241,303.17623925209045,106139,iotagpu02,140.221.68.6,303.17623925209045,0,1,"5_batch_size=28,dropout=0.76223,epochs=25,learning_rate=0.057169",0.0571691464433348,0.7622329587900466,25,28
7634b2bc,1.4449903245325442,0.4690999984741211,0.30079337702656084,0.40255260434632634,0.30424284235943433,0.4056571231459124,0.3170058640910659,0.4080717488789237,0.5065517353568612,115.02997994422913,True,,,1,d96a08425f07472184b5e8b61694c17f,2020-10-09_17-42-40,1602283360,115.02997994422913,105925,iotagpu02,140.221.68.6,115.02997994422913,0,1,"1_batch_size=223,dropout=0.57506,epochs=19,learning_rate=0.098019",0.09801932374806707,0.5750552338958141,19,223
7634f70e,1.1131611788394362,0.6413000226020813,0.5927601809954751,0.5701357466063348,0.5746606334841629,0.5723981900452488,0.5916289592760181,0.5678733031674208,0.6529897768770223,123.19795441627502,True,,,1,c4467e484e0c436196ac1fa4e9aa90a5,2020-10-09_17-42-48,1602283368,123.19795441627502,105904,iotagpu02,140.221.68.6,123.19795441627502,0,1,"2_batch_size=68,dropout=0.36225,epochs=15,learning_rate=0.077226",0.07722600370744874,0.36224948523317074,15,68
7635254e,0.3849375275814015,0.8980000019073486,0.7291482463896257,0.8900677866195108,0.730032419687592,0.8924255820807545,0.7580312407898615,0.8950781019746537,0.7722151133788435,270.52430033683777,True,,,1,5695b134c781412d8277403ffc6c0730,2020-10-09_17-45-15,1602283515,270.52430033683777,105883,iotagpu02,140.221.68.6,270.52430033683777,0,1,"3_batch_size=261,dropout=0.57018,epochs=52,learning_rate=0.047901",0.04790129878132097,0.5701770415906919,52,261
763553a2,0.3429164733828568,0.8991000056266785,0.7892840357198809,0.8940936863543788,0.7881873727087576,0.8978536738210873,0.796020679931067,0.8859470468431772,0.7866753717984855,105.59624910354614,True,,,1,086ca5c3d02548548ee32e3ebbd6ab71,2020-10-09_17-42-30,1602283350,105.59624910354614,105886,iotagpu02,140.221.68.6,105.59624910354614,0,1,"4_batch_size=491,dropout=0.24278,epochs=19,learning_rate=0.098947",0.098946813402978,0.24277774736781343,19,491
7635820a,1.44410287525462,0.5479999780654907,0.31605351170568563,0.7324414715719063,0.29096989966555187,0.7357859531772575,0.31270903010033446,0.745819397993311,0.6407352646917697,516.8008048534393,True,,,1,c85d0db0c0d14140924ba28859179bbc,2020-10-09_17-49-21,1602283761,516.8008048534393,105919,iotagpu02,140.221.68.6,516.8008048534393,0,1,"5_batch_size=46,dropout=0.48977,epochs=58,learning_rate=0.070578",0.07057813473078534,0.48976829104256786,58,46
ac1a8e50,0.04883934799904783,0.9731000065803528,0.9565217391304348,1.0,0.9632107023411371,0.9966555183946488,0.9665551839464883,0.9966555183946488,0.8626922520983448,279.3903784751892,True,,,1,33db1648dabf4ba49dbf03016d74e4d5,2020-10-09_17-54-04,1602284044,279.3903784751892,105885,iotagpu02,140.221.68.6,279.3903784751892,0,1,"1_batch_size=23,dropout=0.55069,epochs=20,learning_rate=0.0022469",0.00224691453105218,0.5506869139159007,20,23
ac1ad1da,0.20145142201295832,0.9368000030517578,0.8367699716014323,0.9355475984689468,0.8377577478701075,0.9362884306704531,0.837016915668601,0.942215088282504,0.8079808972033451,139.19076585769653,True,,,1,6562bc9120a04980afaca67c83d5513c,2020-10-09_17-51-44,1602283904,139.19076585769653,106009,iotagpu02,140.221.68.6,139.19076585769653,0,1,"2_batch_size=623,dropout=0.45938,epochs=27,learning_rate=0.060374",0.0603744879016491,0.45937532390948943,27,623
ac1b29f0,0.016942797667798003,0.9797999858856201,0.9813333333333333,0.9534358974358974,0.9794871794871794,0.953025641025641,0.9778461538461538,0.952,0.8492338735852029,134.19963479042053,True,,,1,7240fcb294f94567801f4c16af88d34a,2020-10-09_17-51-39,1602283899,134.19963479042053,105989,iotagpu02,140.221.68.6,134.19963479042053,0,1,"3_batch_size=375,dropout=0.37649,epochs=26,learning_rate=0.0031874",0.00318738392031093,0.37649047284254955,26,375
ac1b5894,0.2141217480103175,0.9381999969482422,0.7976909652302322,0.8985098670962546,0.7972882266075983,0.8983756208887099,0.800375889381125,0.8982413746811653,0.7803504611054556,130.0005965232849,True,,,1,750b26bb84f84183bb6106714b6c6e57,2020-10-09_17-51-34,1602283894,130.0005965232849,105855,iotagpu02,140.221.68.6,130.0005965232849,0,1,"4_batch_size=573,dropout=0.48513,epochs=25,learning_rate=0.057841",0.05784101404374259,0.4851318788900587,25,573
ac1b85bc,0.35928524012394647,0.9258000254631042,0.8851894374282434,0.9529276693455798,0.8714121699196327,0.9517795637198623,0.8966704936854191,0.9540757749712974,0.8496425468321357,293.3080265522003,True,,,1,029df35d446645e6a0762aca22225a0d,2020-10-09_17-54-18,1602284058,293.3080265522003,105867,iotagpu02,140.221.68.6,293.3080265522003,0,1,"5_batch_size=67,dropout=0.30165,epochs=39,learning_rate=0.031647",0.03164723703865274,0.30164996039557984,39,67
