trial_id,test_loss,time_this_iter_s,done,timesteps_total,episodes_total,training_iteration,experiment_id,date,timestamp,time_total_s,pid,hostname,node_ip,time_since_restore,timesteps_since_restore,iterations_since_restore,experiment_tag,config.learning_rate,config.dropout,config.epochs,config.batch_size
ce10988e,1.3489813804626465,130.93447089195251,True,,,1,ad16c9af330b4dbda93f70b7d20d2d43,2020-10-05_14-31-25,1601933485,130.93447089195251,8330,CSI0354806,192.168.1.240,130.93447089195251,0,1,"1_batch_size=557,dropout=0.79203,epochs=89,learning_rate=0.060697",0.06069686940424233,0.7920293899760669,89,557
ce110aa8,1.5856269598007202,103.47079801559448,True,,,1,17e97b1a9f044dacb9469380dc3cd0e6,2020-10-05_14-30-58,1601933458,103.47079801559448,8325,CSI0354806,192.168.1.240,103.47079801559448,0,1,"2_batch_size=626,dropout=0.75586,epochs=54,learning_rate=0.09071",0.0907099279340475,0.7558610202519238,54,626
ce1153f0,0.3235819935798645,90.15644216537476,True,,,1,5db841e9a53c4ed7b3e153e6714b499e,2020-10-05_14-30-44,1601933444,90.15644216537476,8331,CSI0354806,192.168.1.240,90.15644216537476,0,1,"3_batch_size=691,dropout=0.72532,epochs=45,learning_rate=0.039743",0.03974303786644621,0.7253166590780509,45,691
ce119f0e,2.176384210586548,156.07114696502686,True,,,1,26807a1b6300436399acff1600975a92,2020-10-05_14-31-50,1601933510,156.07114696502686,8328,CSI0354806,192.168.1.240,156.07114696502686,0,1,"4_batch_size=400,dropout=0.87577,epochs=98,learning_rate=0.095062",0.09506248904989077,0.8757729771158227,98,400
ce11e586,0.2712100148200989,102.07985091209412,True,,,1,50816b86575049d0a8f8f75ccc516465,2020-10-05_14-30-56,1601933456,102.07985091209412,8326,CSI0354806,192.168.1.240,102.07985091209412,0,1,"5_batch_size=900,dropout=0.46566,epochs=57,learning_rate=0.042732",0.0427315968951992,0.4656615675559616,57,900
ce1235cc,0.4474710524082184,110.486004114151,True,,,1,3e64f39b331a4462b0f8d4528b98d170,2020-10-05_14-31-05,1601933465,110.486004114151,8329,CSI0354806,192.168.1.240,110.486004114151,0,1,"6_batch_size=641,dropout=0.57178,epochs=68,learning_rate=0.059701",0.05970060373687764,0.5717758203650143,68,641
ce128ee6,1.6781564950942993,129.50273513793945,True,,,1,824c99e2ae88425faeeabb8db9222224,2020-10-05_14-31-24,1601933484,129.50273513793945,8323,CSI0354806,192.168.1.240,129.50273513793945,0,1,"7_batch_size=799,dropout=0.78525,epochs=94,learning_rate=0.085313",0.08531311322237163,0.7852502207234044,94,799
ce1302d6,1.7666351795196533,106.94054317474365,True,,,1,9efb2b2ecfe04b4a9fd38c0505381485,2020-10-05_14-31-01,1601933461,106.94054317474365,8324,CSI0354806,192.168.1.240,106.94054317474365,0,1,"8_batch_size=578,dropout=0.78705,epochs=56,learning_rate=0.08203",0.08202950665434713,0.7870532259961335,56,578
ce137b1c,0.7800785899162292,113.47095108032227,True,,,1,67fc346c6ea74d6b8e0df38dea472df2,2020-10-05_14-33-16,1601933596,113.47095108032227,8552,CSI0354806,192.168.1.240,113.47095108032227,0,1,"9_batch_size=964,dropout=0.7154,epochs=97,learning_rate=0.069175",0.06917466358627145,0.7153952035615392,97,964
ce13d45e,1.0714638233184814,78.75072407722473,True,,,1,aaca9cd595664795ac65ee6151e5ecca,2020-10-05_14-32-43,1601933563,78.75072407722473,8554,CSI0354806,192.168.1.240,78.75072407722473,0,1,"10_batch_size=566,dropout=0.68023,epochs=46,learning_rate=0.073688",0.07368816381320582,0.6802265950919818,46,566
ce1437e6,0.4306352436542511,84.45623326301575,True,,,1,051e95a600234084a8adaecad5a699cc,2020-10-05_14-32-50,1601933570,84.45623326301575,8556,CSI0354806,192.168.1.240,84.45623326301575,0,1,"11_batch_size=922,dropout=0.5037,epochs=57,learning_rate=0.073853",0.07385328238537159,0.5036989574959264,57,922
ce14bd60,0.2921864688396454,72.77106833457947,True,,,1,d207a3623e8e47ec9f80e72662001e2e,2020-10-05_14-32-38,1601933558,72.77106833457947,8558,CSI0354806,192.168.1.240,72.77106833457947,0,1,"12_batch_size=922,dropout=0.64709,epochs=45,learning_rate=0.046",0.04599953103582344,0.6470890485472709,45,922
ce1561fc,2.03151535987854,83.07509922981262,True,,,1,3bd1f20b11084cb480e40bcbb321b259,2020-10-05_14-32-48,1601933568,83.07509922981262,8557,CSI0354806,192.168.1.240,83.07509922981262,0,1,"13_batch_size=736,dropout=0.89589,epochs=54,learning_rate=0.077547",0.07754718898280905,0.8958939797276404,54,736
ce15e38e,1.6249839067459106,114.94450187683105,True,,,1,4c7e2b3c172a4e86b7decb18a83ce728,2020-10-05_14-33-46,1601933626,114.94450187683105,8572,CSI0354806,192.168.1.240,114.94450187683105,0,1,"14_batch_size=820,dropout=0.76222,epochs=92,learning_rate=0.091917",0.09191651775898708,0.7622231422365746,92,820
ce164c98,0.5777506828308105,108.48704218864441,True,,,1,1bc7f91dad3a4b16b104316be8edacd7,2020-10-05_14-33-44,1601933624,108.48704218864441,8570,CSI0354806,192.168.1.240,108.48704218864441,0,1,"15_batch_size=558,dropout=0.74477,epochs=78,learning_rate=0.044347",0.04434689232148312,0.7447704708352323,78,558
ce16c416,0.5487307906150818,77.95413517951965,True,,,1,a4c011b95f754e7cb85691cf875ba97d,2020-10-05_14-33-57,1601933637,77.95413517951965,8564,CSI0354806,192.168.1.240,77.95413517951965,0,1,"16_batch_size=654,dropout=0.62075,epochs=69,learning_rate=0.063483",0.06348257609987937,0.6207487732603196,69,654
ce1736d0,1.1874033212661743,97.09393095970154,True,,,1,02b51a63a5274d8d9191f325485bd5d5,2020-10-05_14-34-46,1601933686,97.09393095970154,8562,CSI0354806,192.168.1.240,97.09393095970154,0,1,"17_batch_size=521,dropout=0.60316,epochs=90,learning_rate=0.086977",0.0869771807608732,0.6031566921549485,90,521
ce17bcae,0.48121631145477295,90.05396819114685,True,,,1,9974c70a773b4923bb74648b4ac0bc75,2020-10-05_14-34-49,1601933689,90.05396819114685,8565,CSI0354806,192.168.1.240,90.05396819114685,0,1,"18_batch_size=838,dropout=0.46819,epochs=96,learning_rate=0.07081",0.0708097620540931,0.4681938589107649,96,838
ce1822fc,1.3958179950714111,86.72552490234375,True,,,1,cd09318b37aa44bc982a595f5c24f21f,2020-10-05_14-34-52,1601933692,86.72552490234375,8563,CSI0354806,192.168.1.240,86.72552490234375,0,1,"19_batch_size=583,dropout=0.73238,epochs=91,learning_rate=0.076947",0.07694747569568304,0.7323844827112374,91,583
ce187fd6,0.3341100215911865,62.705708026885986,True,,,1,20e0bd971a0e4358991e5d57678c6a54,2020-10-05_14-34-42,1601933682,62.705708026885986,8618,CSI0354806,192.168.1.240,62.705708026885986,0,1,"20_batch_size=772,dropout=0.59796,epochs=57,learning_rate=0.049999",0.04999940156368913,0.5979623560964529,57,772
9acd9624,0.4495707154273987,119.47139501571655,True,,,1,57adfac0cf6648cf82e7838ba248e79d,2020-10-05_14-36-59,1601933819,119.47139501571655,8661,CSI0354806,192.168.1.240,119.47139501571655,0,1,"1_batch_size=844,dropout=0.69149,epochs=83,learning_rate=0.052642",0.05264203687285448,0.6914877035560506,83,844
9acddaee,0.5400052666664124,100.36654901504517,True,,,1,34dc4b61e63f436c93b744d8db066ce6,2020-10-05_14-36-40,1601933800,100.36654901504517,8663,CSI0354806,192.168.1.240,100.36654901504517,0,1,"2_batch_size=807,dropout=0.70846,epochs=59,learning_rate=0.059144",0.059144065225628206,0.7084609530064293,59,807
9ace1810,0.12692083418369293,80.72282409667969,True,,,1,5212442bd108494f8004b0f58e35479e,2020-10-05_14-36-20,1601933780,80.72282409667969,8662,CSI0354806,192.168.1.240,80.72282409667969,0,1,"3_batch_size=895,dropout=0.66873,epochs=45,learning_rate=0.0089295",0.008929491374990548,0.6687290121648475,45,895
9ace4fb0,0.3417576551437378,120.70509123802185,True,,,1,996899444a5f4a5c957786a927e93ff2,2020-10-05_14-37-00,1601933820,120.70509123802185,8664,CSI0354806,192.168.1.240,120.70509123802185,0,1,"4_batch_size=885,dropout=0.70681,epochs=89,learning_rate=0.042161",0.042161145186829715,0.7068120909102805,89,885
9ace866a,0.2620069980621338,112.9366672039032,True,,,1,774656f740a74c008c3028794ab141eb,2020-10-05_14-36-52,1601933812,112.9366672039032,8667,CSI0354806,192.168.1.240,112.9366672039032,0,1,"5_batch_size=614,dropout=0.8416,epochs=66,learning_rate=0.014961",0.014960726484449197,0.8415989781757662,66,614
9acebdba,0.5098301768302917,99.85207605361938,True,,,1,bdc06486405a4c65b460f325b4926ea9,2020-10-05_14-36-39,1601933799,99.85207605361938,8665,CSI0354806,192.168.1.240,99.85207605361938,0,1,"6_batch_size=606,dropout=0.58096,epochs=51,learning_rate=0.051751",0.051751234028118966,0.5809589213957924,51,606
9acef6e0,0.09918654710054398,105.35017514228821,True,,,1,0e095eec25a242c88af08042d18c49d3,2020-10-05_14-36-45,1601933805,105.35017514228821,8666,CSI0354806,192.168.1.240,105.35017514228821,0,1,"7_batch_size=855,dropout=0.68639,epochs=62,learning_rate=0.0032049",0.0032049435383445395,0.6863876696147047,62,855
9acf2926,0.1343640387058258,116.19789385795593,True,,,1,ed082e23e4764622b01b26eb78751737,2020-10-05_14-36-56,1601933816,116.19789385795593,8668,CSI0354806,192.168.1.240,116.19789385795593,0,1,"8_batch_size=750,dropout=0.62223,epochs=78,learning_rate=0.010389",0.010389144614653522,0.6222299217613741,78,750
9acf5aae,0.15303637087345123,120.1441867351532,True,,,1,a070308a5e0c42a8be43183a0a6cfa6e,2020-10-05_14-38-57,1601933937,120.1441867351532,8686,CSI0354806,192.168.1.240,120.1441867351532,0,1,"9_batch_size=855,dropout=0.65224,epochs=79,learning_rate=0.013689",0.013688966540242696,0.6522406677914342,79,855
9acf8e66,0.3342149555683136,141.22236728668213,True,,,1,99ba8b3dd57d4ee081bcc090cf094b58,2020-10-05_14-39-21,1601933961,141.22236728668213,8684,CSI0354806,192.168.1.240,141.22236728668213,0,1,"10_batch_size=571,dropout=0.49996,epochs=79,learning_rate=0.036338",0.036338433576293745,0.49996210390481477,79,571
9acfc322,0.27140775322914124,147.56609201431274,True,,,1,d29dbc737f224ee7aba70cf2fef60b15,2020-10-05_14-39-28,1601933968,147.56609201431274,8685,CSI0354806,192.168.1.240,147.56609201431274,0,1,"11_batch_size=867,dropout=0.83648,epochs=96,learning_rate=0.020984",0.020984191614991533,0.8364767694219817,96,867
9acff4be,0.2809852659702301,126.18211817741394,True,,,1,b7d95428d69d4399917ba7d195e9a08d,2020-10-05_14-39-08,1601933948,126.18211817741394,8681,CSI0354806,192.168.1.240,126.18211817741394,0,1,"12_batch_size=797,dropout=0.60252,epochs=73,learning_rate=0.038248",0.038247834990181404,0.6025180434574587,73,797
9ad02826,0.3360917866230011,163.20074915885925,True,,,1,78ff1c2ea0af41c8b4966b96eb217fe3,2020-10-05_14-39-49,1601933989,163.20074915885925,8679,CSI0354806,192.168.1.240,163.20074915885925,0,1,"13_batch_size=511,dropout=0.49038,epochs=100,learning_rate=0.035062",0.03506224727480082,0.49037636548800717,100,511
9ad05fc6,0.11865770071744919,137.76413702964783,True,,,1,e6d988d6e11844dca7f5d347cb928f50,2020-10-05_14-39-28,1601933968,137.76413702964783,8678,CSI0354806,192.168.1.240,137.76413702964783,0,1,"14_batch_size=967,dropout=0.54601,epochs=78,learning_rate=0.010829",0.010828887358028203,0.5460057420350519,78,967
9ad098a6,0.18979382514953613,136.34458589553833,True,,,1,38375e5b577a4f03a581c24135db9b31,2020-10-05_14-39-34,1601933974,136.34458589553833,8677,CSI0354806,192.168.1.240,136.34458589553833,0,1,"15_batch_size=638,dropout=0.53239,epochs=72,learning_rate=0.021029",0.021029274550010062,0.5323860238577975,72,638
9ad0cb5a,0.8318764567375183,124.18926095962524,True,,,1,526739a84a724a5b942c686bab48fbf8,2020-10-05_14-39-38,1601933978,124.18926095962524,8793,CSI0354806,192.168.1.240,124.18926095962524,0,1,"16_batch_size=780,dropout=0.88677,epochs=71,learning_rate=0.036665",0.03666497432535878,0.886769372580146,71,780
9ad0fdbe,1.0343655347824097,68.31006288528442,True,,,1,74d7c4cf0ccf46e99eb3796cb0ed5913,2020-10-05_14-40-43,1601934043,68.31006288528442,8799,CSI0354806,192.168.1.240,68.31006288528442,0,1,"17_batch_size=769,dropout=0.89992,epochs=86,learning_rate=0.032675",0.032674996122031744,0.8999219783456115,86,769
9ad13040,0.32888373732566833,43.6688551902771,True,,,1,0d6220064f554f7cade97d5d85602d51,2020-10-05_14-40-23,1601934023,43.6688551902771,8795,CSI0354806,192.168.1.240,43.6688551902771,0,1,"18_batch_size=927,dropout=0.85007,epochs=45,learning_rate=0.02214",0.02214019659186564,0.8500741814043922,45,927
9ad166e6,0.5121830105781555,58.216325759887695,True,,,1,88a094e42a484ac8bcca402cb80c4010,2020-10-05_14-40-41,1601934041,58.216325759887695,8794,CSI0354806,192.168.1.240,58.216325759887695,0,1,"19_batch_size=675,dropout=0.86559,epochs=61,learning_rate=0.029069",0.029068612547221137,0.8655863974851432,61,675
9ad1a2aa,0.2352137267589569,53.12901020050049,True,,,1,65d5bebc265840038abbc4efe1503a74,2020-10-05_14-40-43,1601934043,53.12901020050049,8857,CSI0354806,192.168.1.240,53.12901020050049,0,1,"20_batch_size=487,dropout=0.47943,epochs=45,learning_rate=0.032174",0.032174305329763356,0.4794309317776347,45,487
6c3042a2,0.23558850586414337,100.92783713340759,True,,,1,e18e41d197f64ceab0ec63cbe517d275,2020-10-05_14-42-32,1601934152,100.92783713340759,8861,CSI0354806,192.168.1.240,100.92783713340759,0,1,"1_batch_size=902,dropout=0.37394,epochs=52,learning_rate=0.038735",0.038735279343835624,0.37393984596785235,52,902
6c309702,0.4125569760799408,143.81582498550415,True,,,1,9557a0070a76469ea8c8537adf5f7b19,2020-10-05_14-43-15,1601934195,143.81582498550415,8859,CSI0354806,192.168.1.240,143.81582498550415,0,1,"2_batch_size=770,dropout=0.25371,epochs=96,learning_rate=0.048432",0.04843225729968208,0.25370578058320425,96,770
6c30d5fa,0.3640754818916321,99.7794623374939,True,,,1,8065e712e96640d788640344fafd6203,2020-10-05_14-42-31,1601934151,99.7794623374939,8860,CSI0354806,192.168.1.240,99.7794623374939,0,1,"3_batch_size=964,dropout=0.23046,epochs=51,learning_rate=0.098883",0.09888266633864926,0.23046282795496867,51,964
6c311b8c,0.7266514897346497,138.51425790786743,True,,,1,6088183ee1a34addb8f34bc63eb2079d,2020-10-05_14-43-11,1601934191,138.51425790786743,8961,CSI0354806,192.168.1.240,138.51425790786743,0,1,"4_batch_size=524,dropout=0.45861,epochs=67,learning_rate=0.079247",0.07924683527628992,0.45861278753078794,67,524
6c316df8,0.28973227739334106,137.06983399391174,True,,,1,890f529832e1463ea26d7bec338f8dea,2020-10-05_14-43-10,1601934190,137.06983399391174,8965,CSI0354806,192.168.1.240,137.06983399391174,0,1,"5_batch_size=702,dropout=0.63168,epochs=72,learning_rate=0.039647",0.0396466456732724,0.6316774174371582,72,702
6c31c578,0.4003526270389557,127.64463210105896,True,,,1,674c17feaa36402d90cc226f402a6b95,2020-10-05_14-43-00,1601934180,127.64463210105896,8962,CSI0354806,192.168.1.240,127.64463210105896,0,1,"6_batch_size=713,dropout=0.32174,epochs=59,learning_rate=0.072723",0.07272304863520657,0.3217449315523902,59,713
6c320ede,0.34586581587791443,140.44062519073486,True,,,1,f08b5b266bc44e468ed1fad46b59c734,2020-10-05_14-43-13,1601934193,140.44062519073486,8963,CSI0354806,192.168.1.240,140.44062519073486,0,1,"7_batch_size=976,dropout=0.34788,epochs=83,learning_rate=0.047538",0.04753830949802827,0.34787838254859854,83,976
6c326e92,0.5192693471908569,137.15417170524597,True,,,1,dad0bfe599324805814cdc157f0f5280,2020-10-05_14-43-10,1601934190,137.15417170524597,8964,CSI0354806,192.168.1.240,137.15417170524597,0,1,"8_batch_size=534,dropout=0.40927,epochs=63,learning_rate=0.072263",0.07226318109271068,0.4092740910277376,63,534
6c32dab2,0.22753657400608063,69.62626886367798,True,,,1,c629cc4f40634136a6d8aac54ae13da8,2020-10-05_14-44-21,1601934261,69.62626886367798,8984,CSI0354806,192.168.1.240,69.62626886367798,0,1,"9_batch_size=864,dropout=0.53542,epochs=52,learning_rate=0.039897",0.03989740916338862,0.5354198349557615,52,864
6c331e0a,0.4219416379928589,131.38597989082336,True,,,1,8bcbd3bac40e4e51ade94a393b45b5b6,2020-10-05_14-45-23,1601934323,131.38597989082336,8977,CSI0354806,192.168.1.240,131.38597989082336,0,1,"10_batch_size=475,dropout=0.3948,epochs=81,learning_rate=0.041251",0.04125149717738976,0.39480396823913666,81,475
6c338354,0.7574295401573181,143.59424805641174,True,,,1,14069a4b7e124922b1846b9a4ed256e2,2020-10-05_14-45-42,1601934342,143.59424805641174,8976,CSI0354806,192.168.1.240,143.59424805641174,0,1,"11_batch_size=567,dropout=0.23572,epochs=93,learning_rate=0.095052",0.09505218742863553,0.23571992783699347,93,567
6c33e1e6,1.1762672662734985,136.70556211471558,True,,,1,0848a04108ff4820abdb987a258430c8,2020-10-05_14-45-42,1601934342,136.70556211471558,8972,CSI0354806,192.168.1.240,136.70556211471558,0,1,"12_batch_size=588,dropout=0.53521,epochs=85,learning_rate=0.084093",0.0840932553526206,0.5352071536238705,85,588
6c3430ba,0.337717205286026,120.44995713233948,True,,,1,9efd515f82cd44c2b655c340738163d9,2020-10-05_14-45-26,1601934326,120.44995713233948,8974,CSI0354806,192.168.1.240,120.44995713233948,0,1,"13_batch_size=517,dropout=0.40196,epochs=60,learning_rate=0.046522",0.046522316937317135,0.40196420327266835,60,517
6c347db8,0.4873409569263458,130.99131512641907,True,,,1,4ea991682a574be4839af96bcc4c1e2c,2020-10-05_14-45-38,1601934338,130.99131512641907,8975,CSI0354806,192.168.1.240,130.99131512641907,0,1,"14_batch_size=613,dropout=0.35387,epochs=78,learning_rate=0.067649",0.06764928855353647,0.35387093025805827,78,613
6c34dace,0.3132755160331726,107.11400890350342,True,,,1,0aab8b77627544ad975d9e082b21f723,2020-10-05_14-45-18,1601934318,107.11400890350342,8973,CSI0354806,192.168.1.240,107.11400890350342,0,1,"15_batch_size=863,dropout=0.40864,epochs=56,learning_rate=0.070135",0.07013478183936506,0.4086434383256893,56,863
6c356e26,0.32249268889427185,108.2530951499939,True,,,1,30969bd775ae40fb9daee3069241418c,2020-10-05_14-45-35,1601934335,108.2530951499939,9055,CSI0354806,192.168.1.240,108.2530951499939,0,1,"16_batch_size=622,dropout=0.26936,epochs=56,learning_rate=0.049788",0.049788476126122375,0.26935964402000545,56,622
6c35b70a,0.4641324281692505,63.67072606086731,True,,,1,2e91129c22d44a9dabe8035fdf0bd4a3,2020-10-05_14-46-25,1601934385,63.67072606086731,9098,CSI0354806,192.168.1.240,63.67072606086731,0,1,"17_batch_size=483,dropout=0.24188,epochs=50,learning_rate=0.079149",0.0791486626264173,0.2418808120912511,50,483
6c35fc6a,0.45845863223075867,78.9403989315033,True,,,1,c1f0283f26ab4adc885405a9abff2c2c,2020-10-05_14-47-05,1601934425,78.9403989315033,9103,CSI0354806,192.168.1.240,78.9403989315033,0,1,"18_batch_size=852,dropout=0.63531,epochs=95,learning_rate=0.060556",0.06055555223274456,0.6353095842198992,95,852
6c365430,0.5341956615447998,84.10406827926636,True,,,1,ed219e4ab6764603ba0350241a4974b5,2020-10-05_14-47-13,1601934433,84.10406827926636,9109,CSI0354806,192.168.1.240,84.10406827926636,0,1,"19_batch_size=470,dropout=0.24476,epochs=90,learning_rate=0.062791",0.06279089324541368,0.2447627333053575,90,470
6c36a0c0,0.3390706181526184,71.69966983795166,True,,,1,2db22fb6ea754fc4a2227f632e4b9717,2020-10-05_14-47-02,1601934422,71.69966983795166,9112,CSI0354806,192.168.1.240,71.69966983795166,0,1,"20_batch_size=585,dropout=0.24034,epochs=69,learning_rate=0.049648",0.04964781711304797,0.24033730256478514,69,585
548f0696,0.10057921707630157,168.67714285850525,True,,,1,70659e2bca824de9897d6c8268477270,2020-10-05_14-50-09,1601934609,168.67714285850525,9117,CSI0354806,192.168.1.240,168.67714285850525,0,1,"1_batch_size=591,dropout=0.44802,epochs=99,learning_rate=0.0019623",0.0019622935717931505,0.44802436377235677,99,591
5490c274,0.25208190083503723,110.85464382171631,True,,,1,a1ee291b51a34642bc735f0b5af1c62f,2020-10-05_14-49-12,1601934552,110.85464382171631,9114,CSI0354806,192.168.1.240,110.85464382171631,0,1,"2_batch_size=758,dropout=0.51924,epochs=45,learning_rate=0.040646",0.040645732647081316,0.5192350279925035,45,758
54912dea,0.11330530047416687,157.38385009765625,True,,,1,3e8bee9ab9074fd58c5828f3868c569b,2020-10-05_14-49-58,1601934598,157.38385009765625,9113,CSI0354806,192.168.1.240,157.38385009765625,0,1,"3_batch_size=824,dropout=0.57888,epochs=85,learning_rate=0.0028641",0.002864053915589025,0.5788788115950604,85,824
54918a9c,0.2509247064590454,156.80844616889954,True,,,1,a038ad3dd7ea45d5a4da192fb2c49113,2020-10-05_14-49-59,1601934599,156.80844616889954,9185,CSI0354806,192.168.1.240,156.80844616889954,0,1,"4_batch_size=684,dropout=0.57241,epochs=77,learning_rate=0.028011",0.02801059030712779,0.5724142342448365,77,684
5491efa0,0.18278853595256805,156.28257584571838,True,,,1,ea63adb72bf54e7eafcf74d1d06db3a8,2020-10-05_14-49-59,1601934599,156.28257584571838,9187,CSI0354806,192.168.1.240,156.28257584571838,0,1,"5_batch_size=866,dropout=0.29516,epochs=77,learning_rate=0.013809",0.013809030112562109,0.2951608380949587,77,866
549247f2,0.14779673516750336,154.22153782844543,True,,,1,a6dc086ae9c243e9a9109b739af34466,2020-10-05_14-49-57,1601934597,154.22153782844543,9182,CSI0354806,192.168.1.240,154.22153782844543,0,1,"6_batch_size=890,dropout=0.60564,epochs=73,learning_rate=0.010263",0.010263247597768733,0.6056357915648143,73,890
54928b2c,0.0826740637421608,155.1404197216034,True,,,1,55225a86297e4d77b1a05abbfdab79f0,2020-10-05_14-49-58,1601934598,155.1404197216034,9186,CSI0354806,192.168.1.240,155.1404197216034,0,1,"7_batch_size=914,dropout=0.52938,epochs=77,learning_rate=0.0016307",0.0016307118783918243,0.5293772767775394,77,914
5492e9d2,0.2224462926387787,133.9768738746643,True,,,1,21a3b219f74349259db87847b1d5ee55,2020-10-05_14-49-37,1601934577,133.9768738746643,9183,CSI0354806,192.168.1.240,133.9768738746643,0,1,"8_batch_size=980,dropout=0.57073,epochs=57,learning_rate=0.039973",0.039973341582326696,0.5707297635010369,57,980
54934c42,0.18745699524879456,129.12870407104492,True,,,1,716a50559d77435aa61cb3f6d96554be,2020-10-05_14-52-07,1601934727,129.12870407104492,9203,CSI0354806,192.168.1.240,129.12870407104492,0,1,"9_batch_size=539,dropout=0.29116,epochs=75,learning_rate=0.014621",0.014621481183547677,0.2911634484374131,75,539
54939fc6,0.30210810899734497,131.06735491752625,True,,,1,984ff0a9a1af4bf5a3b5c311333179bb,2020-10-05_14-52-14,1601934734,131.06735491752625,9204,CSI0354806,192.168.1.240,131.06735491752625,0,1,"10_batch_size=912,dropout=0.63656,epochs=83,learning_rate=0.044853",0.04485282570307412,0.6365578105823754,83,912
5493f0ca,0.13111500442028046,139.6386170387268,True,,,1,ba0463aaf53c48b484e49699cc65fa63,2020-10-05_14-52-29,1601934749,139.6386170387268,9194,CSI0354806,192.168.1.240,139.6386170387268,0,1,"11_batch_size=610,dropout=0.52504,epochs=79,learning_rate=0.007076",0.007076017695010292,0.5250441113716704,79,610
5494554c,0.28631478548049927,116.51691889762878,True,,,1,f9c9a1132c43428b88b0a6c865803cb9,2020-10-05_14-52-14,1601934734,116.51691889762878,9195,CSI0354806,192.168.1.240,116.51691889762878,0,1,"12_batch_size=903,dropout=0.40966,epochs=52,learning_rate=0.058427",0.05842706811628706,0.40966062259893476,52,903
5494a722,0.25202053785324097,119.15419697761536,True,,,1,6ca046afb2bb45b0956fd79ecffaeda7,2020-10-05_14-52-17,1601934737,119.15419697761536,9196,CSI0354806,192.168.1.240,119.15419697761536,0,1,"13_batch_size=655,dropout=0.58541,epochs=51,learning_rate=0.032886",0.03288624136651584,0.585409755429507,51,655
5496009a,0.14649875462055206,129.51910591125488,True,,,1,5a907179333249eead3f108186055838,2020-10-05_14-52-27,1601934747,129.51910591125488,9197,CSI0354806,192.168.1.240,129.51910591125488,0,1,"14_batch_size=842,dropout=0.51562,epochs=67,learning_rate=0.015695",0.015694942554805368,0.5156194979446687,67,842
5496def2,0.2469397485256195,133.6201810836792,True,,,1,59fc59286ad74b5eae7a867a5eefa010,2020-10-05_14-52-31,1601934751,133.6201810836792,9193,CSI0354806,192.168.1.240,133.6201810836792,0,1,"15_batch_size=923,dropout=0.41288,epochs=78,learning_rate=0.029842",0.029842025330188617,0.4128822983069785,78,923
54998292,0.1652785837650299,167.9212930202484,True,,,1,e7a3de9f37b64a26b1f3348d3cb67688,2020-10-05_14-53-44,1601934824,167.9212930202484,9563,CSI0354806,192.168.1.240,167.9212930202484,0,1,"16_batch_size=412,dropout=0.51657,epochs=99,learning_rate=0.0096228",0.009622812909564932,0.5165736138478787,99,412
54a73ef0,0.21295581758022308,58.50764083862305,True,,,1,bf3631476b294d368b2528d492ade9a3,2020-10-05_14-53-33,1601934813,58.50764083862305,9661,CSI0354806,192.168.1.240,58.50764083862305,0,1,"17_batch_size=580,dropout=0.41007,epochs=46,learning_rate=0.02671",0.026710251543437338,0.4100711512532165,46,580
54a8e3ae,0.43604791164398193,85.41348791122437,True,,,1,c6185d66b70847db901f36a450fab752,2020-10-05_14-54-03,1601934843,85.41348791122437,9665,CSI0354806,192.168.1.240,85.41348791122437,0,1,"18_batch_size=396,dropout=0.25142,epochs=76,learning_rate=0.047751",0.047751395887968055,0.2514237668471399,76,396
54a9d26e,0.18518805503845215,63.721922159194946,True,,,1,66f341a03f5f459590966085bdcacee5,2020-10-05_14-53-42,1601934822,63.721922159194946,9671,CSI0354806,192.168.1.240,63.721922159194946,0,1,"19_batch_size=831,dropout=0.54103,epochs=51,learning_rate=0.028519",0.028518789402091856,0.5410343783924354,51,831
54af3c04,0.34302818775177,71.66141629219055,True,,,1,79a5b40f8ac1493084d8a3e85c9e60d8,2020-10-05_14-53-50,1601934830,71.66141629219055,9672,CSI0354806,192.168.1.240,71.66141629219055,0,1,"20_batch_size=919,dropout=0.48047,epochs=68,learning_rate=0.060362",0.06036188507150902,0.48046846189297726,68,919
48a25bfc,1.8311749696731567,49.93035411834717,True,,,1,4db80d897fdb4a2291cc503e944f75db,2020-10-05_14-54-59,1601934899,49.93035411834717,9690,CSI0354806,192.168.1.240,49.93035411834717,0,1,"1_batch_size=418,dropout=0.86315,epochs=15,learning_rate=0.065705",0.06570544034069775,0.8631473360542916,15,418
48a2b098,0.624562680721283,77.85522627830505,True,,,1,0cc70d5bd6214780825b0c0d256231dd,2020-10-05_14-55-27,1601934927,77.85522627830505,9686,CSI0354806,192.168.1.240,77.85522627830505,0,1,"2_batch_size=605,dropout=0.49001,epochs=51,learning_rate=0.082556",0.08255575718862365,0.49001306293061686,51,605
48a2fd00,0.3711337745189667,67.7798683643341,True,,,1,49fd66a4f6384725a43a8e3e8ad3b3e4,2020-10-05_14-55-17,1601934917,67.7798683643341,9681,CSI0354806,192.168.1.240,67.7798683643341,0,1,"3_batch_size=694,dropout=0.47085,epochs=35,learning_rate=0.079463",0.07946349889913787,0.47084593380685436,35,694
48a340a8,0.4076980948448181,70.87591171264648,True,,,1,a16cbedc4e2b4f4cab4ab9857102572e,2020-10-05_14-55-20,1601934920,70.87591171264648,9680,CSI0354806,192.168.1.240,70.87591171264648,0,1,"4_batch_size=920,dropout=0.53508,epochs=40,learning_rate=0.084699",0.08469903658001651,0.5350815791887918,40,920
48a37d98,0.997466504573822,68.15192794799805,True,,,1,bda2e8a7b10c4f0980e7573a417d0404,2020-10-05_14-55-17,1601934917,68.15192794799805,9677,CSI0354806,192.168.1.240,68.15192794799805,0,1,"5_batch_size=465,dropout=0.68879,epochs=29,learning_rate=0.072159",0.0721593223520715,0.6887882134963202,29,465
48a3c640,0.7430253028869629,78.5593011379242,True,,,1,c186cb0cee5b42d0877b731cc743d6f8,2020-10-05_14-55-28,1601934928,78.5593011379242,9673,CSI0354806,192.168.1.240,78.5593011379242,0,1,"6_batch_size=482,dropout=0.74469,epochs=48,learning_rate=0.051979",0.05197872798166005,0.7446930722236447,48,482
48a40376,1.184781789779663,50.4097638130188,True,,,1,feb3d73ac03d4a378ca6ad2c2c518d13,2020-10-05_14-55-01,1601934901,50.4097638130188,9740,CSI0354806,192.168.1.240,50.4097638130188,0,1,"7_batch_size=889,dropout=0.82984,epochs=21,learning_rate=0.073456",0.07345562718141754,0.8298351578556489,21,889
48a4473c,0.5816292762756348,42.76574110984802,True,,,1,fdff47ed8c9a4ce091e63a8235335268,2020-10-05_14-54-54,1601934894,42.76574110984802,9739,CSI0354806,192.168.1.240,42.76574110984802,0,1,"8_batch_size=513,dropout=0.74784,epochs=12,learning_rate=0.059383",0.059383252939477764,0.7478434483762249,12,513
48a47a86,0.28630661964416504,67.23264002799988,True,,,1,b93af7df92504d5c8b80a1cf89f49587,2020-10-05_14-56-33,1601934993,67.23264002799988,9743,CSI0354806,192.168.1.240,67.23264002799988,0,1,"9_batch_size=862,dropout=0.6057,epochs=49,learning_rate=0.045709",0.04570921548379531,0.6056998288300819,49,862
48a4ac86,1.6899484395980835,74.50866603851318,True,,,1,f32bbd36292c45fcbdde6826c56216e1,2020-10-05_14-56-42,1601935002,74.50866603851318,9794,CSI0354806,192.168.1.240,74.50866603851318,0,1,"10_batch_size=851,dropout=0.85119,epochs=53,learning_rate=0.068652",0.0686516103156598,0.8511936123209332,53,851
48a4dd5a,0.36129772663116455,55.876790046691895,True,,,1,2617f8d8b57f4e67867ccae845f241e2,2020-10-05_14-56-24,1601934984,55.876790046691895,9809,CSI0354806,192.168.1.240,55.876790046691895,0,1,"11_batch_size=928,dropout=0.80181,epochs=36,learning_rate=0.041062",0.04106214913953612,0.8018057640584269,36,928
48a50ee2,0.9412693381309509,79.86979103088379,True,,,1,aea12c4a06554a71834a5ed4ebecdab1,2020-10-05_14-56-50,1601935010,79.86979103088379,9815,CSI0354806,192.168.1.240,79.86979103088379,0,1,"12_batch_size=999,dropout=0.86131,epochs=55,learning_rate=0.05375",0.053750236203794606,0.861311880657246,55,999
48a54876,1.6076711416244507,97.29018712043762,True,,,1,6d76ee00a5e04ccca6e0e9b846a2607c,2020-10-05_14-57-08,1601935028,97.29018712043762,9807,CSI0354806,192.168.1.240,97.29018712043762,0,1,"13_batch_size=451,dropout=0.62845,epochs=62,learning_rate=0.093851",0.09385052821117162,0.6284535594326984,62,451
48a58282,0.5670152306556702,94.84150886535645,True,,,1,821627f556914177ac7a7c64ed26c923,2020-10-05_14-57-07,1601935027,94.84150886535645,9808,CSI0354806,192.168.1.240,94.84150886535645,0,1,"14_batch_size=416,dropout=0.72383,epochs=53,learning_rate=0.044237",0.04423710840292097,0.7238307530635615,53,416
48a5b87e,0.8316388726234436,88.49115920066833,True,,,1,ac7dd25c36b54767a121d3ba03a61073,2020-10-05_14-57-27,1601935047,88.49115920066833,9831,CSI0354806,192.168.1.240,88.49115920066833,0,1,"15_batch_size=391,dropout=0.64525,epochs=52,learning_rate=0.067387",0.06738685100772485,0.6452517046955679,52,391
48a5edb2,1.7392115592956543,64.64323687553406,True,,,1,f6a6fc090e334c65a547e8177712b06b,2020-10-05_14-57-04,1601935024,64.64323687553406,9833,CSI0354806,192.168.1.240,64.64323687553406,0,1,"16_batch_size=519,dropout=0.79524,epochs=30,learning_rate=0.083784",0.08378423209453915,0.7952371286025659,30,519
48a621c4,0.34936392307281494,47.65333414077759,True,,,1,189cbfba5da54ec6b0f3be41d2561449,2020-10-05_14-57-50,1601935070,47.65333414077759,9845,CSI0354806,192.168.1.240,47.65333414077759,0,1,"17_batch_size=786,dropout=0.47446,epochs=56,learning_rate=0.063154",0.0631543248710091,0.47446129486461647,56,786
48a6569e,0.5400749444961548,41.71105122566223,True,,,1,b27a02b96d1f4db1821ae67a33f5b7b5,2020-10-05_14-57-51,1601935071,41.71105122566223,9846,CSI0354806,192.168.1.240,41.71105122566223,0,1,"18_batch_size=658,dropout=0.73428,epochs=47,learning_rate=0.054772",0.05477210936129493,0.7342786811731744,47,658
48a68b5a,1.1857061386108398,31.343607187271118,True,,,1,94ae66e9cd9a4cb49105b3795dc49656,2020-10-05_14-57-43,1601935063,31.343607187271118,9840,CSI0354806,192.168.1.240,31.343607187271118,0,1,"19_batch_size=393,dropout=0.88653,epochs=18,learning_rate=0.039436",0.03943581104229337,0.8865284804412219,18,393
48a6bd64,0.3331855535507202,25.82242488861084,True,,,1,122716ee44284f6bbb04630663251094,2020-10-05_14-57-41,1601935061,25.82242488861084,9851,CSI0354806,192.168.1.240,25.82242488861084,0,1,"20_batch_size=996,dropout=0.61563,epochs=13,learning_rate=0.072291",0.07229071373465565,0.6156314250393223,13,996
d0ed2eec,0.10008975863456726,26.906206846237183,True,,,1,ee2690e25e2e4bf2bc5ec93135b6d76b,2020-10-05_14-58-25,1601935105,26.906206846237183,9841,CSI0354806,192.168.1.240,26.906206846237183,0,1,"1_batch_size=531,dropout=0.53316,epochs=14,learning_rate=0.0087555",0.00875550541394128,0.5331603269144177,14,531
d0eda3d6,0.10429172217845917,44.672688245773315,True,,,1,75384bd5fdfc4a708402f2bbebab0cbe,2020-10-05_14-58-43,1601935123,44.672688245773315,9839,CSI0354806,192.168.1.240,44.672688245773315,0,1,"2_batch_size=802,dropout=0.66612,epochs=25,learning_rate=0.0049022",0.004902161038611421,0.6661209533697624,25,802
d0edeb20,0.6300182938575745,82.12956690788269,True,,,1,f076a92e12424a2b96365e738a8a0748,2020-10-05_14-59-22,1601935162,82.12956690788269,9999,CSI0354806,192.168.1.240,82.12956690788269,0,1,"3_batch_size=677,dropout=0.76107,epochs=48,learning_rate=0.052789",0.05278919388108151,0.7610711120995193,48,677
d0ee31b6,0.2961922883987427,90.2383770942688,True,,,1,e245bf18e6c44b7786f2ccbd8cf6b408,2020-10-05_14-59-30,1601935170,90.2383770942688,9997,CSI0354806,192.168.1.240,90.2383770942688,0,1,"4_batch_size=899,dropout=0.59666,epochs=63,learning_rate=0.047098",0.04709820001311683,0.5966599481946078,63,899
d0ee8206,0.48853325843811035,83.74313807487488,True,,,1,dcc172f24cb4478eaf7be8affd710748,2020-10-05_14-59-23,1601935163,83.74313807487488,9998,CSI0354806,192.168.1.240,83.74313807487488,0,1,"5_batch_size=499,dropout=0.86593,epochs=44,learning_rate=0.025173",0.025172790245450924,0.8659336159691182,44,499
d0eed76a,0.16981974244117737,68.21788907051086,True,,,1,179f4def7015452ea5eef5bc4feda06e,2020-10-05_14-59-08,1601935148,68.21788907051086,10000,CSI0354806,192.168.1.240,68.21788907051086,0,1,"6_batch_size=937,dropout=0.54292,epochs=36,learning_rate=0.025049",0.025048635177725535,0.5429155842796382,36,937
d0ef28c8,0.3674803376197815,84.91224813461304,True,,,1,07fb051968e74cac8d4f74f797a56a5c,2020-10-05_14-59-25,1601935165,84.91224813461304,10001,CSI0354806,192.168.1.240,84.91224813461304,0,1,"7_batch_size=782,dropout=0.75885,epochs=55,learning_rate=0.042357",0.042356566586840845,0.7588478704453782,55,782
d0ef75f8,1.1307995319366455,105.3316490650177,True,,,1,62c19749f2794f3481e057ed4643ce65,2020-10-05_14-59-45,1601935185,105.3316490650177,10002,CSI0354806,192.168.1.240,105.3316490650177,0,1,"8_batch_size=388,dropout=0.76989,epochs=61,learning_rate=0.05604",0.056040148820553526,0.7698917241011802,61,388
d0efbf68,0.09777222573757172,35.107601165771484,True,,,1,d666f282d4974615900402a775703bf6,2020-10-05_14-59-49,1601935189,35.107601165771484,10025,CSI0354806,192.168.1.240,35.107601165771484,0,1,"9_batch_size=690,dropout=0.47454,epochs=27,learning_rate=0.0070559",0.007055918410578767,0.4745437110246917,27,690
d0f01ecc,0.33841192722320557,22.69187617301941,True,,,1,b31fe09be9404ed5b94e3ebb5af3797e,2020-10-05_14-59-47,1601935187,22.69187617301941,10014,CSI0354806,192.168.1.240,22.69187617301941,0,1,"10_batch_size=669,dropout=0.6228,epochs=14,learning_rate=0.060097",0.060097140152589955,0.6228028686661428,14,669
d0f066c0,0.4761645495891571,50.460103034973145,True,,,1,230ede2194774d0ea5e166ade4fd5aa2,2020-10-05_15-00-25,1601935225,50.460103034973145,10015,CSI0354806,192.168.1.240,50.460103034973145,0,1,"11_batch_size=695,dropout=0.75924,epochs=37,learning_rate=0.05027",0.05026975459415275,0.7592414006455285,37,695
d0f0af7c,0.3195931017398834,73.89429092407227,True,,,1,b676eeb715414cd482284636c967fc9d,2020-10-05_15-00-58,1601935258,73.89429092407227,10011,CSI0354806,192.168.1.240,73.89429092407227,0,1,"12_batch_size=538,dropout=0.58905,epochs=49,learning_rate=0.048001",0.04800073896741214,0.5890500576735486,49,538
d0f0ffae,0.9025612473487854,54.84939527511597,True,,,1,fc70ebfaf48d462d91da33e09dd6e6e4,2020-10-05_15-00-40,1601935240,54.84939527511597,10012,CSI0354806,192.168.1.240,54.84939527511597,0,1,"13_batch_size=595,dropout=0.89347,epochs=35,learning_rate=0.032026",0.032025711705224516,0.893466603623007,35,595
d0f160e8,0.2610560655593872,69.69681715965271,True,,,1,a5150d667fae4205b5af1a2d2dc4d9c4,2020-10-05_15-00-56,1601935256,69.69681715965271,10018,CSI0354806,192.168.1.240,69.69681715965271,0,1,"14_batch_size=844,dropout=0.56417,epochs=48,learning_rate=0.043979",0.04397949277672839,0.5641725176057533,48,844
d0f1b7d2,0.19858750700950623,90.84869313240051,True,,,1,dfddc8ad8aac4ad2a8e82f44d4078703,2020-10-05_15-01-23,1601935283,90.84869313240051,10013,CSI0354806,192.168.1.240,90.84869313240051,0,1,"15_batch_size=433,dropout=0.77816,epochs=55,learning_rate=0.014716",0.01471603320446282,0.7781584582633335,55,433
d0f20066,0.7606231570243835,59.42651629447937,True,,,1,df192b3a39b74bdb8fc39d1ec8767b30,2020-10-05_15-01-21,1601935281,59.42651629447937,10078,CSI0354806,192.168.1.240,59.42651629447937,0,1,"16_batch_size=512,dropout=0.83073,epochs=32,learning_rate=0.04389",0.043889687934363,0.830733372507931,32,512
d0f2598a,0.14896775782108307,73.85230612754822,True,,,1,cb590d6ac6994a0bb476affb89aea678,2020-10-05_15-01-37,1601935297,73.85230612754822,10079,CSI0354806,192.168.1.240,73.85230612754822,0,1,"17_batch_size=518,dropout=0.83762,epochs=58,learning_rate=0.001837",0.0018370257983977368,0.8376248947868374,58,518
d0f2a728,0.9128670692443848,51.326338052749634,True,,,1,2c78d062dc384d479827b3843a822556,2020-10-05_15-01-23,1601935283,51.326338052749634,10086,CSI0354806,192.168.1.240,51.326338052749634,0,1,"18_batch_size=511,dropout=0.856,epochs=28,learning_rate=0.041087",0.041087375563573406,0.8559969063835315,28,511
d0f2ee18,1.1784331798553467,19.67263889312744,True,,,1,b71fc0d0c1a54812900945c24ef3f41a,2020-10-05_15-01-36,1601935296,19.67263889312744,10084,CSI0354806,192.168.1.240,19.67263889312744,0,1,"19_batch_size=660,dropout=0.88106,epochs=16,learning_rate=0.046393",0.04639322191563074,0.8810564194000361,16,660
d0f332e2,0.5465028285980225,28.545233011245728,True,,,1,2b62a54dd370450a8951edf6a318c696,2020-10-05_15-01-50,1601935310,28.545233011245728,10085,CSI0354806,192.168.1.240,28.545233011245728,0,1,"20_batch_size=667,dropout=0.77746,epochs=52,learning_rate=0.047899",0.04789880522803787,0.777457258659957,52,667
5f7c7762,0.4412689805030823,82.97503590583801,True,,,1,f227d10eecaf4a52a0d5c0cbb8cb13e6,2020-10-05_15-03-20,1601935400,82.97503590583801,10095,CSI0354806,192.168.1.240,82.97503590583801,0,1,"1_batch_size=620,dropout=0.33012,epochs=56,learning_rate=0.079287",0.07928701107189653,0.33011543980632096,56,620
5f7cd586,0.22355051338672638,58.26117396354675,True,,,1,c7f1def0419849d2883bf10e3dd0a1e9,2020-10-05_15-02-55,1601935375,58.26117396354675,10082,CSI0354806,192.168.1.240,58.26117396354675,0,1,"2_batch_size=786,dropout=0.33976,epochs=34,learning_rate=0.042005",0.042004827745378163,0.33975978095509946,34,786
5f7d1ed8,0.242365300655365,45.1626341342926,True,,,1,485e5f4c7d1c4cab920add025d1f7c44,2020-10-05_15-02-44,1601935364,45.1626341342926,10569,CSI0354806,192.168.1.240,45.1626341342926,0,1,"3_batch_size=729,dropout=0.54236,epochs=18,learning_rate=0.0487",0.04869978363819804,0.5423561285578455,18,729
5f7d6c1c,0.5122970938682556,77.31619119644165,True,,,1,85113674b1f243af915a5ae7f7083d21,2020-10-05_15-03-16,1601935396,77.31619119644165,10571,CSI0354806,192.168.1.240,77.31619119644165,0,1,"4_batch_size=726,dropout=0.60943,epochs=45,learning_rate=0.079297",0.07929735789747075,0.6094324950510253,45,726
5f7dad44,0.36571091413497925,83.8043258190155,True,,,1,08f072030d654eab9a2250316edd2061,2020-10-05_15-03-22,1601935402,83.8043258190155,10568,CSI0354806,192.168.1.240,83.8043258190155,0,1,"5_batch_size=386,dropout=0.25229,epochs=39,learning_rate=0.059314",0.059313780005111005,0.25229342604835503,39,386
5f7defde,0.3766951262950897,105.3630793094635,True,,,1,3ec008b7e3564193939d34776c401aa9,2020-10-05_15-03-44,1601935424,105.3630793094635,10570,CSI0354806,192.168.1.240,105.3630793094635,0,1,"6_batch_size=400,dropout=0.6091,epochs=66,learning_rate=0.040534",0.04053367709445916,0.6091036594610136,66,400
5f7e4cb8,0.766011655330658,86.54687690734863,True,,,1,fd7cc932ade244c49be63ca3cfaa28f6,2020-10-05_15-03-25,1601935405,86.54687690734863,10572,CSI0354806,192.168.1.240,86.54687690734863,0,1,"7_batch_size=692,dropout=0.49085,epochs=59,learning_rate=0.091355",0.09135513939950582,0.4908452706933568,59,692
5f7e9b1e,0.36543652415275574,58.94643211364746,True,,,1,5e08dcebf8e943cba48b2b3283af9e54,2020-10-05_15-02-58,1601935378,58.94643211364746,10573,CSI0354806,192.168.1.240,58.94643211364746,0,1,"8_batch_size=501,dropout=0.63284,epochs=24,learning_rate=0.044753",0.04475325521252059,0.6328443226722068,24,501
5f7ee5ba,0.4360356330871582,87.74105095863342,True,,,1,8aef2a02c9264b548853bf2a14c795ff,2020-10-05_15-04-50,1601935490,87.74105095863342,10601,CSI0354806,192.168.1.240,87.74105095863342,0,1,"9_batch_size=448,dropout=0.42649,epochs=58,learning_rate=0.061167",0.06116652502108058,0.42648646250829414,58,448
5f7f360a,0.29887646436691284,67.3245198726654,True,,,1,b028df640dca4f8083ba8b39816ea78e,2020-10-05_15-04-33,1601935473,67.3245198726654,10600,CSI0354806,192.168.1.240,67.3245198726654,0,1,"10_batch_size=764,dropout=0.44623,epochs=46,learning_rate=0.058501",0.05850069077421817,0.44622708511861353,46,764
5f7f7fb6,0.9481621980667114,94.73682713508606,True,,,1,41d49d9c000a4228a1757c27b4dbfc35,2020-10-05_15-05-02,1601935502,94.73682713508606,10590,CSI0354806,192.168.1.240,94.73682713508606,0,1,"11_batch_size=383,dropout=0.34803,epochs=59,learning_rate=0.095337",0.09533687702774135,0.34803217203874637,59,383
5f7fd2b8,0.7117498517036438,73.91940093040466,True,,,1,ac497e3309004b2ea572281af02519c2,2020-10-05_15-04-49,1601935489,73.91940093040466,10592,CSI0354806,192.168.1.240,73.91940093040466,0,1,"12_batch_size=774,dropout=0.58446,epochs=46,learning_rate=0.089117",0.08911672162813115,0.5844581026074529,46,774
5f80224a,0.3005475699901581,52.04462003707886,True,,,1,46207d1886b54d078055b193586197d7,2020-10-05_15-04-32,1601935472,52.04462003707886,10589,CSI0354806,192.168.1.240,52.04462003707886,0,1,"13_batch_size=930,dropout=0.53576,epochs=25,learning_rate=0.068258",0.06825760974367696,0.5357607221283748,25,930
5f806782,0.7238168716430664,68.10486388206482,True,,,1,994744d7360f4ef8999758223065a329,2020-10-05_15-04-51,1601935491,68.10486388206482,10588,CSI0354806,192.168.1.240,68.10486388206482,0,1,"14_batch_size=876,dropout=0.60656,epochs=41,learning_rate=0.099507",0.09950734904513772,0.6065581612651831,41,876
5f80a9e0,0.20693659782409668,62.37392735481262,True,,,1,d2a27d7cbda54278b303c2534ae46e7f,2020-10-05_15-04-50,1601935490,62.37392735481262,10591,CSI0354806,192.168.1.240,62.37392735481262,0,1,"15_batch_size=964,dropout=0.20241,epochs=33,learning_rate=0.046566",0.046566067730487305,0.2024128604509219,33,964
5f80efd6,0.8067415952682495,58.65597176551819,True,,,1,c86626fc0a964e978221f6397a031173,2020-10-05_15-05-37,1601935537,58.65597176551819,10964,CSI0354806,192.168.1.240,58.65597176551819,0,1,"16_batch_size=933,dropout=0.61617,epochs=60,learning_rate=0.097951",0.09795074414339952,0.6161749150206888,60,933
5f81366c,0.2861374020576477,42.41955494880676,True,,,1,293b259987cf487bb6fb86433a2b5765,2020-10-05_15-05-42,1601935542,42.41955494880676,10984,CSI0354806,192.168.1.240,42.41955494880676,0,1,"17_batch_size=813,dropout=0.34685,epochs=40,learning_rate=0.069901",0.06990050601812504,0.3468490844178428,40,813
5f818248,0.5855016708374023,53.61638903617859,True,,,1,61f89f4a1ab74c0caf743a05aee0e52a,2020-10-05_15-06-00,1601935560,53.61638903617859,11058,CSI0354806,192.168.1.240,53.61638903617859,0,1,"18_batch_size=432,dropout=0.24858,epochs=43,learning_rate=0.093481",0.09348102516619827,0.24857757348491671,43,432
5f81c596,0.22245414555072784,47.48570489883423,True,,,1,4f605809e1bf489f8d3eda5d02bba661,2020-10-05_15-06-04,1601935564,47.48570489883423,11104,CSI0354806,192.168.1.240,47.48570489883423,0,1,"19_batch_size=904,dropout=0.50167,epochs=44,learning_rate=0.039801",0.039800903650725326,0.5016711460289809,44,904
5f8206c8,0.7535964846611023,58.54098677635193,True,,,1,daaffae9f677444c9d13f13cad597da5,2020-10-05_15-06-21,1601935581,58.54098677635193,11132,CSI0354806,192.168.1.240,58.54098677635193,0,1,"20_batch_size=571,dropout=0.4307,epochs=63,learning_rate=0.09209",0.09209013369852259,0.43070488635472426,63,571
011a1bc4,0.15578529238700867,64.23484992980957,True,,,1,03c7f4cc67c34b6296a2185714238f53,2020-10-05_15-07-36,1601935656,64.23484992980957,11156,CSI0354806,192.168.1.240,64.23484992980957,0,1,"1_batch_size=848,dropout=0.56493,epochs=35,learning_rate=0.025872",0.025872020879594934,0.5649305668724194,35,848
011a95e0,0.17742222547531128,71.84837889671326,True,,,1,546064faadb141b4aa9dca847bb57fb6,2020-10-05_15-07-44,1601935664,71.84837889671326,11157,CSI0354806,192.168.1.240,71.84837889671326,0,1,"2_batch_size=999,dropout=0.27691,epochs=45,learning_rate=0.024648",0.0246480581608925,0.27691436352576193,45,999
011b4e2c,0.2534346878528595,79.76431894302368,True,,,1,39078a5d9a7e42c780b43d3af48d22de,2020-10-05_15-07-52,1601935672,79.76431894302368,11140,CSI0354806,192.168.1.240,79.76431894302368,0,1,"3_batch_size=475,dropout=0.29803,epochs=44,learning_rate=0.035549",0.0355486245015181,0.29803217036332597,44,475
011bed64,0.19603708386421204,67.41986870765686,True,,,1,776f58eb292742efb9cd83249aae3b62,2020-10-05_15-07-41,1601935661,67.41986870765686,11604,CSI0354806,192.168.1.240,67.41986870765686,0,1,"4_batch_size=919,dropout=0.3371,epochs=33,learning_rate=0.054801",0.05480098465329227,0.3371016606174774,33,919
011ccda6,0.11825089156627655,85.90871405601501,True,,,1,1f00893869b44a32ad679086e50aef91,2020-10-05_15-08-00,1601935680,85.90871405601501,11607,CSI0354806,192.168.1.240,85.90871405601501,0,1,"5_batch_size=888,dropout=0.49667,epochs=62,learning_rate=0.0095188",0.009518800792198218,0.496669007631953,62,888
011d4baa,0.18653102219104767,82.89039993286133,True,,,1,6cebe790ac294b76bcf8959591588ba3,2020-10-05_15-07-57,1601935677,82.89039993286133,11605,CSI0354806,192.168.1.240,82.89039993286133,0,1,"6_batch_size=947,dropout=0.39613,epochs=56,learning_rate=0.026701",0.02670051004849094,0.3961319906573552,56,947
011dd7d2,0.09357143938541412,64.96658277511597,True,,,1,796c6a8d3ad64af69cf5adb1efc9df3a,2020-10-05_15-07-39,1601935659,64.96658277511597,11608,CSI0354806,192.168.1.240,64.96658277511597,0,1,"7_batch_size=686,dropout=0.26422,epochs=29,learning_rate=0.0056941",0.005694121322528904,0.2642230478154282,29,686
011e4f46,0.09577775746583939,57.73777389526367,True,,,1,b7410176002a48548790e1ea18a8607f,2020-10-05_15-07-32,1601935652,57.73777389526367,11606,CSI0354806,192.168.1.240,57.73777389526367,0,1,"8_batch_size=579,dropout=0.34207,epochs=21,learning_rate=0.011352",0.011351860876284686,0.34207039591796223,21,579
011ec7aa,0.09011917561292648,22.977518796920776,True,,,1,8233404318d345759c7ac3cff4ac189c,2020-10-05_15-08-21,1601935701,22.977518796920776,11636,CSI0354806,192.168.1.240,22.977518796920776,0,1,"9_batch_size=656,dropout=0.24134,epochs=14,learning_rate=0.011198",0.011197931905969936,0.24134338956505472,14,656
011f27ae,0.18216024339199066,66.08312487602234,True,,,1,bb923a8a5fe14fe0a30297609ebd62a0,2020-10-05_15-09-05,1601935745,66.08312487602234,11640,CSI0354806,192.168.1.240,66.08312487602234,0,1,"10_batch_size=927,dropout=0.45619,epochs=52,learning_rate=0.029518",0.02951831956324727,0.45619377141799927,52,927
011fa3dc,0.33705952763557434,78.70038390159607,True,,,1,8b60ca6b9d6e4912a0594e3d1c014d2e,2020-10-05_15-09-19,1601935759,78.70038390159607,11631,CSI0354806,192.168.1.240,78.70038390159607,0,1,"11_batch_size=408,dropout=0.39939,epochs=50,learning_rate=0.049956",0.049955931199162744,0.39939032797662943,50,408
01203a40,0.26917916536331177,70.83686518669128,True,,,1,ef391dc0ae7f42d6ba0f08c2811929ab,2020-10-05_15-09-12,1601935752,70.83686518669128,11629,CSI0354806,192.168.1.240,70.83686518669128,0,1,"12_batch_size=763,dropout=0.44734,epochs=52,learning_rate=0.052669",0.052669097942675255,0.44733973498320395,52,763
0120bf92,0.10209599882364273,33.302918910980225,True,,,1,b559174a260e49d1b71e45ea84508edb,2020-10-05_15-08-35,1601935715,33.302918910980225,11638,CSI0354806,192.168.1.240,33.302918910980225,0,1,"13_batch_size=647,dropout=0.3508,epochs=17,learning_rate=0.014443",0.014442839321266861,0.3508003744558874,17,647
01212a54,0.24769771099090576,77.65821695327759,True,,,1,58918c119dcc42b09a15a191e811f0ac,2020-10-05_15-09-25,1601935765,77.65821695327759,11628,CSI0354806,192.168.1.240,77.65821695327759,0,1,"14_batch_size=593,dropout=0.26486,epochs=58,learning_rate=0.026064",0.02606419796297518,0.2648556490502384,58,593
01219f02,0.23939445614814758,51.30742311477661,True,,,1,e81db125687943c7a93949734de417cc,2020-10-05_15-09-10,1601935750,51.30742311477661,11630,CSI0354806,192.168.1.240,51.30742311477661,0,1,"15_batch_size=748,dropout=0.60134,epochs=26,learning_rate=0.038802",0.038802102380751116,0.6013363798402127,26,748
012249de,0.18567855656147003,36.29538011550903,True,,,1,e533e72eeafb4f738c815983813358c4,2020-10-05_15-09-13,1601935753,36.29538011550903,11978,CSI0354806,192.168.1.240,36.29538011550903,0,1,"16_batch_size=700,dropout=0.41951,epochs=12,learning_rate=0.037278",0.03727798079957306,0.4195082985466282,12,700
0122dc8c,0.15012842416763306,53.298145055770874,True,,,1,b6289fa0341d4392a2e7e6c1dcc4476d,2020-10-05_15-09-55,1601935795,53.298145055770874,11998,CSI0354806,192.168.1.240,53.298145055770874,0,1,"17_batch_size=407,dropout=0.61212,epochs=44,learning_rate=0.013363",0.013363051615585344,0.6121186216029725,44,407
01236396,0.1605289727449417,30.56076407432556,True,,,1,af91fa103a724d3bbe3f45ba44d8f855,2020-10-05_15-09-49,1601935789,30.56076407432556,11986,CSI0354806,192.168.1.240,30.56076407432556,0,1,"18_batch_size=939,dropout=0.37692,epochs=30,learning_rate=0.035387",0.035386540197016855,0.3769171039218048,30,939
0123eb36,0.1236330196261406,44.28149127960205,True,,,1,de12f7449119493bad0117418bbcdad9,2020-10-05_15-10-17,1601935817,44.28149127960205,12211,CSI0354806,192.168.1.240,44.28149127960205,0,1,"19_batch_size=607,dropout=0.36401,epochs=51,learning_rate=0.010044",0.010044272501432154,0.36401066421102624,51,607
0124873a,0.23449377715587616,42.42885708808899,True,,,1,512e9790a2ec40e8a2f740f0e1a615a1,2020-10-05_15-10-18,1601935818,42.42885708808899,12213,CSI0354806,192.168.1.240,42.42885708808899,0,1,"20_batch_size=745,dropout=0.40006,epochs=52,learning_rate=0.03371",0.03371038978000096,0.40006095003930686,52,745
8e1ad522,0.8741455078125,82.00199294090271,True,,,1,613b4173f94d448aa3df3f4b67b5c8fa,2020-10-05_15-11-50,1601935910,82.00199294090271,12219,CSI0354806,192.168.1.240,82.00199294090271,0,1,"1_batch_size=597,dropout=0.83578,epochs=53,learning_rate=0.048421",0.04842129175686598,0.8357792257487311,53,597
8e1b82a6,1.274652361869812,182.54859805107117,True,,,1,ac9eda37318845119f1ea3b019ba16de,2020-10-05_15-13-30,1601936010,182.54859805107117,12217,CSI0354806,192.168.1.240,182.54859805107117,0,1,"2_batch_size=226,dropout=0.56388,epochs=75,learning_rate=0.071337",0.07133745859024765,0.5638821050000584,75,226
8e1c1dba,2.2105729579925537,111.09607791900635,True,,,1,fd30217ea5af408b9a49f0663304b2ed,2020-10-05_15-12-19,1601935939,111.09607791900635,12214,CSI0354806,192.168.1.240,111.09607791900635,0,1,"3_batch_size=431,dropout=0.89952,epochs=65,learning_rate=0.081743",0.08174264196503202,0.8995150742754037,65,431
8e1cb96e,1.3147777318954468,356.3665909767151,True,,,1,17695362124e4765a8b3208209803f98,2020-10-05_15-16-26,1601936186,356.3665909767151,12357,CSI0354806,192.168.1.240,356.3665909767151,0,1,"4_batch_size=100,dropout=0.75301,epochs=79,learning_rate=0.043622",0.04362194842030016,0.753010404884231,79,100
8e1d13e6,1.4739898443222046,185.02160215377808,True,,,1,2b65ef871fc045bead74e29c6b6e7fcb,2020-10-05_15-13-35,1601936015,185.02160215377808,12358,CSI0354806,192.168.1.240,185.02160215377808,0,1,"5_batch_size=174,dropout=0.82255,epochs=59,learning_rate=0.051036",0.05103591084032947,0.8225526994097186,59,174
8e1d93c0,1.6658397912979126,173.9330723285675,True,,,1,fea40c9b80e3498a98d8bd5085649361,2020-10-05_15-13-24,1601936004,173.9330723285675,12361,CSI0354806,192.168.1.240,173.9330723285675,0,1,"6_batch_size=200,dropout=0.83785,epochs=62,learning_rate=0.051373",0.05137339930186561,0.8378519908854398,62,200
8e1e18cc,1.4420174360275269,125.97480511665344,True,,,1,baf416ed67d3496d9178ba0bd97cd300,2020-10-05_15-12-36,1601935956,125.97480511665344,12359,CSI0354806,192.168.1.240,125.97480511665344,0,1,"7_batch_size=489,dropout=0.71633,epochs=78,learning_rate=0.086352",0.08635231925323023,0.7163277740541212,78,489
8e1ec650,1.4709415435791016,150.9749391078949,True,,,1,0bf6e2582b9849bbbb8ec1bbf9ead2ca,2020-10-05_15-13-01,1601935981,150.9749391078949,12360,CSI0354806,192.168.1.240,150.9749391078949,0,1,"8_batch_size=326,dropout=0.59734,epochs=74,learning_rate=0.090484",0.09048423699809333,0.5973366734442155,74,326
8e1f46fc,1.3300055265426636,119.08173203468323,True,,,1,7cc55671c85342d29071ee3c84c4897d,2020-10-05_15-14-31,1601936071,119.08173203468323,12378,CSI0354806,192.168.1.240,119.08173203468323,0,1,"9_batch_size=202,dropout=0.71585,epochs=48,learning_rate=0.062797",0.0627965266456102,0.7158481666416112,48,202
8e1fbcfe,1.1296977996826172,82.85933113098145,True,,,1,b0a618cfd4194c7d9d4ab6eb4fe345ba,2020-10-05_15-14-14,1601936054,82.85933113098145,12368,CSI0354806,192.168.1.240,82.85933113098145,0,1,"10_batch_size=372,dropout=0.75824,epochs=51,learning_rate=0.062531",0.06253109939177222,0.7582438134594494,51,372
8e202c48,0.7631118893623352,132.33713579177856,True,,,1,5c31ae20695d44d3b00756968295f4d1,2020-10-05_15-15-18,1601936118,132.33713579177856,12369,CSI0354806,192.168.1.240,132.33713579177856,0,1,"11_batch_size=390,dropout=0.6,epochs=85,learning_rate=0.054967",0.054966697579566556,0.6000021999270829,85,390
8e20cdb0,1.1790704727172852,134.37421107292175,True,,,1,d82395ccf6444b739070bafc0d80747a,2020-10-05_15-15-46,1601936146,134.37421107292175,12376,CSI0354806,192.168.1.240,134.37421107292175,0,1,"12_batch_size=378,dropout=0.68418,epochs=85,learning_rate=0.072769",0.07276853293082686,0.6841780635574601,85,378
8e21b50e,1.1540409326553345,109.05425190925598,True,,,1,cd865a4cbc9444598101f8342959f807,2020-10-05_15-15-39,1601936139,109.05425190925598,12370,CSI0354806,192.168.1.240,109.05425190925598,0,1,"13_batch_size=615,dropout=0.70665,epochs=82,learning_rate=0.071369",0.07136880441214119,0.7066498961806836,82,615
8e22bd5a,1.2843387126922607,119.45953297615051,True,,,1,0afb908b039b44adaaeefd3aa65fef16,2020-10-05_15-15-55,1601936155,119.45953297615051,12375,CSI0354806,192.168.1.240,119.45953297615051,0,1,"14_batch_size=409,dropout=0.72807,epochs=76,learning_rate=0.076242",0.07624169415598737,0.7280696138934903,76,409
8e23ae2c,0.9720757603645325,132.4910430908203,True,,,1,4a95ecdda97b480183b2d43b0d2b1244,2020-10-05_15-16-14,1601936174,132.4910430908203,12377,CSI0354806,192.168.1.240,132.4910430908203,0,1,"15_batch_size=342,dropout=0.6434,epochs=81,learning_rate=0.063487",0.06348693475922845,0.6434021379824197,81,342
8e245462,1.3379912376403809,110.30223321914673,True,,,1,9aecb789d71f48caaa4546f7e4dd19f5,2020-10-05_15-16-45,1601936205,110.30223321914673,12367,CSI0354806,192.168.1.240,110.30223321914673,0,1,"16_batch_size=407,dropout=0.72975,epochs=85,learning_rate=0.070663",0.07066346563312007,0.7297481644527115,85,407
8e253cd8,2.3237955570220947,303.1601457595825,True,,,1,075694a667824932b1025c0114b783b8,2020-10-05_15-20-20,1601936420,303.1601457595825,12572,CSI0354806,192.168.1.240,303.1601457595825,0,1,"17_batch_size=22,dropout=0.74566,epochs=87,learning_rate=0.084139",0.08413900353946813,0.7456615541321387,87,22
8e25c554,0.9121949076652527,98.47431683540344,True,,,1,9258a606adc547bba6351ff72d8cde06,2020-10-05_15-17-37,1601936257,98.47431683540344,12581,CSI0354806,192.168.1.240,98.47431683540344,0,1,"18_batch_size=206,dropout=0.55522,epochs=71,learning_rate=0.053267",0.05326710885445288,0.5552226662866934,71,206
8e265438,1.958815097808838,67.99691915512085,True,,,1,1daea50ee6eb48e5a438e222bfb2dcba,2020-10-05_15-17-17,1601936237,67.99691915512085,12591,CSI0354806,192.168.1.240,67.99691915512085,0,1,"19_batch_size=311,dropout=0.81202,epochs=56,learning_rate=0.08024",0.08024035603229707,0.8120233635231418,56,311
8e26e9fc,1.6301496028900146,83.68324589729309,True,,,1,5cf30672b0184e3fb8581a64fba0f900,2020-10-05_15-17-37,1601936257,83.68324589729309,12593,CSI0354806,192.168.1.240,83.68324589729309,0,1,"20_batch_size=413,dropout=0.88516,epochs=93,learning_rate=0.051892",0.0518921241351288,0.8851644572383546,93,413
f4fc0396,0.15495909750461578,117.92562580108643,True,,,1,6c39b7f1e8964aeab4672405424aba9e,2020-10-05_15-22-26,1601936546,117.92562580108643,12665,CSI0354806,192.168.1.240,117.92562580108643,0,1,"1_batch_size=457,dropout=0.66035,epochs=74,learning_rate=0.0097981",0.00979812690291309,0.660350968869653,74,457
f4fc590e,0.30987411737442017,157.3171739578247,True,,,1,145ae833acb940bd964967bc68e8d514,2020-10-05_15-23-05,1601936585,157.3171739578247,12667,CSI0354806,192.168.1.240,157.3171739578247,0,1,"2_batch_size=298,dropout=0.57798,epochs=86,learning_rate=0.022188",0.022188130907985718,0.5779790094562741,86,298
f4fca256,0.48319438099861145,125.46591305732727,True,,,1,4b47003490ed4955b4a96ca49cba8c20,2020-10-05_15-22-33,1601936553,125.46591305732727,12666,CSI0354806,192.168.1.240,125.46591305732727,0,1,"3_batch_size=489,dropout=0.7554,epochs=87,learning_rate=0.037782",0.03778238493370896,0.7554034150469748,87,489
f4fce838,0.25371646881103516,120.66253423690796,True,,,1,1771426b7c944c5ba3b325bcfc39c6da,2020-10-05_15-22-28,1601936548,120.66253423690796,12675,CSI0354806,192.168.1.240,120.66253423690796,0,1,"4_batch_size=270,dropout=0.89122,epochs=51,learning_rate=0.0046621",0.004662073572143803,0.8912212965464883,51,270
f4fd2ba4,0.33833247423171997,324.57227396965027,True,,,1,17aa901a1e5b4f98b5326dcb353b01dc,2020-10-05_15-25-52,1601936752,324.57227396965027,12673,CSI0354806,192.168.1.240,324.57227396965027,0,1,"5_batch_size=102,dropout=0.85421,epochs=79,learning_rate=0.0087464",0.008746393072292972,0.8542111200339153,79,102
f4fd7208,0.9668788313865662,486.90427923202515,True,,,1,3a1485597a87432388e925c81f6cbe2a,2020-10-05_15-28-35,1601936915,486.90427923202515,12672,CSI0354806,192.168.1.240,486.90427923202515,0,1,"6_batch_size=48,dropout=0.61813,epochs=79,learning_rate=0.024633",0.024633476314158978,0.6181291026254575,79,48
f4fdb60a,0.22264136373996735,134.79354310035706,True,,,1,1e24d40e9b72440db624952dd54b0c80,2020-10-05_15-22-43,1601936563,134.79354310035706,12674,CSI0354806,192.168.1.240,134.79354310035706,0,1,"7_batch_size=259,dropout=0.71674,epochs=62,learning_rate=0.015106",0.015106297870501008,0.716743509936645,62,259
f4fdf836,1.2688244581222534,122.8979389667511,True,,,1,0e2f6cc332074f0eade10c9f3698d92c,2020-10-05_15-22-31,1601936551,122.8979389667511,12671,CSI0354806,192.168.1.240,122.8979389667511,0,1,"8_batch_size=428,dropout=0.79622,epochs=74,learning_rate=0.053894",0.05389416571719564,0.7962188984703554,74,428
f4fe4138,0.40263426303863525,107.42565298080444,True,,,1,e07c6a5a0da54b9cbfbf54ac0f15e8f9,2020-10-05_15-24-32,1601936672,107.42565298080444,12701,CSI0354806,192.168.1.240,107.42565298080444,0,1,"9_batch_size=513,dropout=0.5503,epochs=86,learning_rate=0.049917",0.04991677484503093,0.5503023128199274,86,513
f4fe7ffe,0.2119610607624054,99.92019200325012,True,,,1,f2cd324b1d764493b56e9e230e35f142,2020-10-05_15-24-25,1601936665,99.92019200325012,12702,CSI0354806,192.168.1.240,99.92019200325012,0,1,"10_batch_size=275,dropout=0.5092,epochs=51,learning_rate=0.018498",0.018498010523806264,0.5092011717833227,51,275
f4febeba,0.602241039276123,138.84434604644775,True,,,1,093f2347f487479989c079f1b913d56f,2020-10-05_15-25-05,1601936705,138.84434604644775,12705,CSI0354806,192.168.1.240,138.84434604644775,0,1,"11_batch_size=154,dropout=0.65168,epochs=46,learning_rate=0.036033",0.03603288713596232,0.6516824035567933,46,154
f4ff0050,0.13715824484825134,126.75876903533936,True,,,1,9c855d60668a448d8ad7f4f4e19ad4c9,2020-10-05_15-24-55,1601936695,126.75876903533936,12698,CSI0354806,192.168.1.240,126.75876903533936,0,1,"12_batch_size=281,dropout=0.74686,epochs=69,learning_rate=0.0051209",0.005120901672561231,0.7468561217117263,69,281
f4ff4402,0.11258024722337723,154.48714900016785,True,,,1,877861c030bb4c258798de07a9e2181b,2020-10-05_15-25-35,1601936735,154.48714900016785,12699,CSI0354806,192.168.1.240,154.48714900016785,0,1,"13_batch_size=272,dropout=0.5517,epochs=89,learning_rate=0.0021809",0.00218088538825475,0.5517031111225857,89,272
f4ff8796,0.12620733678340912,104.41902208328247,True,,,1,db7da6ade8db44e5b9430e6e4a3e86d7,2020-10-05_15-25-21,1601936721,104.41902208328247,12708,CSI0354806,192.168.1.240,104.41902208328247,0,1,"14_batch_size=396,dropout=0.67858,epochs=70,learning_rate=0.0059224",0.005922417759357788,0.6785832966220694,70,396
f4ffcefe,0.23051516711711884,88.11881494522095,True,,,1,278e5f385bdc460eba04967daf7a5a25,2020-10-05_15-26-21,1601936781,88.11881494522095,12697,CSI0354806,192.168.1.240,88.11881494522095,0,1,"15_batch_size=569,dropout=0.73575,epochs=91,learning_rate=0.019808",0.019808427003125833,0.7357548005843577,91,569
f5001436,0.2514566481113434,216.48886895179749,True,,,1,e79c87feadd74ab4a1509ecdf4e9211f,2020-10-05_15-28-39,1601936919,216.48886895179749,12840,CSI0354806,192.168.1.240,216.48886895179749,0,1,"16_batch_size=107,dropout=0.75599,epochs=93,learning_rate=0.0084446",0.00844455649088593,0.7559867287220505,93,107
f5005d7e,1.4057101011276245,210.46611285209656,True,,,1,5923674b79a14222999e6ddf096942a1,2020-10-05_15-28-56,1601936936,210.46611285209656,12842,CSI0354806,192.168.1.240,210.46611285209656,0,1,"17_batch_size=69,dropout=0.5273,epochs=71,learning_rate=0.061587",0.06158710410048948,0.5273010656429065,71,69
f500a694,0.2146872580051422,52.80070090293884,True,,,1,05e12ed724d749998af33e40b874e71b,2020-10-05_15-26-32,1601936792,52.80070090293884,12854,CSI0354806,192.168.1.240,52.80070090293884,0,1,"18_batch_size=565,dropout=0.4984,epochs=49,learning_rate=4.3546e-05",4.354598621821416e-05,0.4983984224717605,49,565
f500f1d0,1.9841575622558594,278.0893771648407,True,,,1,c6498a20c70346febd77b985d135b9e2,2020-10-05_15-30-30,1601937030,278.0893771648407,12856,CSI0354806,192.168.1.240,278.0893771648407,0,1,"19_batch_size=18,dropout=0.70434,epochs=56,learning_rate=0.039666",0.03966638534415275,0.704339413063501,56,18
f501391a,0.23491887748241425,86.0863938331604,True,,,1,8b526ebb6b2f454c86234d7517098360,2020-10-05_15-27-36,1601936856,86.0863938331604,12870,CSI0354806,192.168.1.240,86.0863938331604,0,1,"20_batch_size=419,dropout=0.85889,epochs=84,learning_rate=0.0091064",0.00910637912942241,0.8588864106782303,84,419
60a016ae,1.8373398780822754,354.64498710632324,True,,,1,814aaae426754a51a217cc5e0ec35cf7,2020-10-05_15-36-32,1601937392,354.64498710632324,12911,CSI0354806,192.168.1.240,354.64498710632324,0,1,"1_batch_size=61,dropout=0.43245,epochs=59,learning_rate=0.094824",0.09482390028574496,0.4324479892025721,59,61
60a06b5e,0.41632208228111267,104.97302484512329,True,,,1,71e0487bda3b4d0ea4d56f9d30495624,2020-10-05_15-32-23,1601937143,104.97302484512329,12918,CSI0354806,192.168.1.240,104.97302484512329,0,1,"2_batch_size=510,dropout=0.48347,epochs=65,learning_rate=0.053704",0.05370369647027985,0.4834710299322155,65,510
60a0ad94,0.5921306014060974,100.2876501083374,True,,,1,31e5bd2631ac4e938947d0fc79985885,2020-10-05_15-32-18,1601937138,100.2876501083374,12912,CSI0354806,192.168.1.240,100.2876501083374,0,1,"3_batch_size=492,dropout=0.21677,epochs=58,learning_rate=0.088103",0.0881027399653467,0.21677416224637866,58,492
60a0ee30,0.7367118000984192,148.096284866333,True,,,1,b0a648d03ca443279e2a3ad1bfceb7a3,2020-10-05_15-33-06,1601937186,148.096284866333,12913,CSI0354806,192.168.1.240,148.096284866333,0,1,"4_batch_size=217,dropout=0.33799,epochs=63,learning_rate=0.055887",0.055887165179209955,0.33799034087220675,63,217
60a1316a,0.808018684387207,101.66904401779175,True,,,1,47dec117a2274e19bb9680e41976c9c1,2020-10-05_15-32-19,1601937139,101.66904401779175,12922,CSI0354806,192.168.1.240,101.66904401779175,0,1,"5_batch_size=472,dropout=0.46398,epochs=57,learning_rate=0.092707",0.09270702917130391,0.4639767190278734,57,472
60a17a12,0.8567317128181458,124.82128477096558,True,,,1,d2f7c798e30940e58816227abe924664,2020-10-05_15-32-43,1601937163,124.82128477096558,12924,CSI0354806,192.168.1.240,124.82128477096558,0,1,"6_batch_size=484,dropout=0.25045,epochs=90,learning_rate=0.088671",0.08867083546163593,0.25045184459062036,90,484
60a1be00,0.5993029475212097,94.6680920124054,True,,,1,6e71f41734cb4ccb92749469287eb208,2020-10-05_15-32-12,1601937132,94.6680920124054,12919,CSI0354806,192.168.1.240,94.6680920124054,0,1,"7_batch_size=562,dropout=0.49501,epochs=56,learning_rate=0.080177",0.08017689000781797,0.4950100333286723,56,562
60a20856,0.5447383522987366,109.40496611595154,True,,,1,3a9d8ec06cca4b18bdfcd14e98a78c75,2020-10-05_15-32-27,1601937147,109.40496611595154,12921,CSI0354806,192.168.1.240,109.40496611595154,0,1,"8_batch_size=434,dropout=0.37048,epochs=64,learning_rate=0.063447",0.06344722518448283,0.37048290871908285,64,434
60a2491a,0.5991383194923401,80.0492651462555,True,,,1,0a0d09dcb8d84dcd9ffb1603a48a23b8,2020-10-05_15-33-55,1601937235,80.0492651462555,12952,CSI0354806,192.168.1.240,80.0492651462555,0,1,"9_batch_size=615,dropout=0.54431,epochs=78,learning_rate=0.073966",0.07396608561172072,0.5443056192179392,78,615
60a28de4,0.5609821081161499,213.09397315979004,True,,,1,b2ead744205b4279a01172b66d4202f6,2020-10-05_15-36-10,1601937370,213.09397315979004,12951,CSI0354806,192.168.1.240,213.09397315979004,0,1,"10_batch_size=71,dropout=0.28456,epochs=44,learning_rate=0.039058",0.03905820963591041,0.2845646332724193,44,71
60a2d13c,1.8310681581497192,379.11091136932373,True,,,1,7a07e7dfa8a14cc3818cab6a9e502a0c,2020-10-05_15-38-57,1601937537,379.11091136932373,12949,CSI0354806,192.168.1.240,379.11091136932373,0,1,"11_batch_size=46,dropout=0.63047,epochs=57,learning_rate=0.053905",0.05390512323584508,0.6304720443397397,57,46
60a31246,2.2839677333831787,455.94718313217163,True,,,1,678099601f29490aaff4ebd0449feadb,2020-10-05_15-40-16,1601937616,455.94718313217163,12947,CSI0354806,192.168.1.240,455.94718313217163,0,1,"12_batch_size=37,dropout=0.54121,epochs=76,learning_rate=0.065256",0.06525624659227233,0.5412141177150848,76,37
60a35440,0.5241438746452332,91.487056016922,True,,,1,b9c32a1c05e34fc7a66dc6fd3415452f,2020-10-05_15-34-15,1601937255,91.487056016922,12943,CSI0354806,192.168.1.240,91.487056016922,0,1,"13_batch_size=460,dropout=0.47377,epochs=77,learning_rate=0.05985",0.059850231723209524,0.4737711704502697,77,460
60a3981a,0.39926955103874207,94.38590383529663,True,,,1,3b1851eeb2254849a25c7e15c9704478,2020-10-05_15-34-43,1601937283,94.38590383529663,12944,CSI0354806,192.168.1.240,94.38590383529663,0,1,"14_batch_size=439,dropout=0.52851,epochs=78,learning_rate=0.039966",0.03996552865189878,0.5285131641983488,78,439
60a3dcf8,0.8090165257453918,289.1051518917084,True,,,1,7758bbd6c87c44749c058eb591452298,2020-10-05_15-38-25,1601937505,289.1051518917084,12942,CSI0354806,192.168.1.240,289.1051518917084,0,1,"15_batch_size=116,dropout=0.24337,epochs=98,learning_rate=0.038474",0.03847360585610207,0.24336653701098288,98,116
60a433e2,1.1843968629837036,110.36928272247314,True,,,1,4d68e9c460824697a31a59ce947b1985,2020-10-05_15-36-16,1601937376,110.36928272247314,13154,CSI0354806,192.168.1.240,110.36928272247314,0,1,"16_batch_size=244,dropout=0.30698,epochs=61,learning_rate=0.092724",0.09272365861102456,0.30698126556094085,61,244
60a47d66,2.0741891860961914,290.9398229122162,True,,,1,761b5d44590642f093b35e231f6a29c6,2020-10-05_15-39-32,1601937572,290.9398229122162,13157,CSI0354806,192.168.1.240,290.9398229122162,0,1,"17_batch_size=67,dropout=0.26685,epochs=72,learning_rate=0.065995",0.0659945599203999,0.26684820681821775,72,67
60a4c2b2,1.674464225769043,284.3650619983673,True,,,1,d17a15e6fa874c6e82e4e7602aba0804,2020-10-05_15-39-57,1601937597,284.3650619983673,13170,CSI0354806,192.168.1.240,284.3650619983673,0,1,"18_batch_size=69,dropout=0.5334,epochs=81,learning_rate=0.063834",0.0638336815489374,0.5333997590102169,81,69
60a50a92,1.782622218132019,159.75771498680115,True,,,1,227173b4c2964ef8bf50be44503a19b4,2020-10-05_15-39-17,1601937557,159.75771498680115,13186,CSI0354806,192.168.1.240,159.75771498680115,0,1,"19_batch_size=151,dropout=0.53386,epochs=74,learning_rate=0.077737",0.07773675470970123,0.5338560089261453,74,151
60a5566e,0.987497091293335,72.26691675186157,True,,,1,966cf462ec8e48c3990f4ad8a0bfb542,2020-10-05_15-37-52,1601937472,72.26691675186157,13204,CSI0354806,192.168.1.240,72.26691675186157,0,1,"20_batch_size=591,dropout=0.52006,epochs=61,learning_rate=0.09919",0.09918978782101916,0.5200614394650565,61,591
bdb49012,0.345126211643219,294.8964250087738,True,,,1,1c256a73068f49788532dab685cbbd90,2020-10-05_15-45-19,1601937919,294.8964250087738,13207,CSI0354806,192.168.1.240,294.8964250087738,0,1,"1_batch_size=117,dropout=0.49384,epochs=59,learning_rate=0.019242",0.019241560156645816,0.49383905940506023,59,117
bdb501b4,0.2966850697994232,121.98074197769165,True,,,1,4c5131bfa00d4005aaeaa89b0028c0ec,2020-10-05_15-42-26,1601937746,121.98074197769165,13206,CSI0354806,192.168.1.240,121.98074197769165,0,1,"2_batch_size=618,dropout=0.59005,epochs=73,learning_rate=0.041009",0.04100858103896425,0.5900492620132247,73,618
bdb54728,0.8243198990821838,339.72303199768066,True,,,1,3c81cb9dddb7445f9ff799b9d4e625d7,2020-10-05_15-46-04,1601937964,339.72303199768066,13203,CSI0354806,192.168.1.240,339.72303199768066,0,1,"3_batch_size=143,dropout=0.38552,epochs=87,learning_rate=0.039488",0.03948784274552934,0.3855213629516367,87,143
bdb5a9ca,0.5483299493789673,244.72934198379517,True,,,1,21312a3e26ca4924b2ac4f7354195d38,2020-10-05_15-44-31,1601937871,244.72934198379517,13357,CSI0354806,192.168.1.240,244.72934198379517,0,1,"4_batch_size=255,dropout=0.43406,epochs=91,learning_rate=0.035691",0.0356906975139672,0.4340551864261214,91,255
bdb60866,0.10040175169706345,263.8025281429291,True,,,1,d1fb1f31090e43e2bd4d35f2409d6578,2020-10-05_15-44-50,1601937890,263.8025281429291,13360,CSI0354806,192.168.1.240,263.8025281429291,0,1,"5_batch_size=198,dropout=0.52463,epochs=79,learning_rate=0.0010454",0.0010454466673900384,0.5246344380544883,79,198
bdb659f6,0.10503632575273514,194.1254370212555,True,,,1,f6da2cbb37d248c79d1ed81d687e3b6b,2020-10-05_15-43-40,1601937820,194.1254370212555,13359,CSI0354806,192.168.1.240,194.1254370212555,0,1,"6_batch_size=415,dropout=0.26348,epochs=99,learning_rate=0.0014948",0.0014947935762371792,0.26347686692239974,99,415
bdb6aa50,0.31241536140441895,778.873539686203,True,,,1,9caeab5aa64949f29f7e4d02385eaeb5,2020-10-05_15-53-25,1601938405,778.873539686203,13361,CSI0354806,192.168.1.240,778.873539686203,0,1,"7_batch_size=13,dropout=0.54632,epochs=61,learning_rate=0.0044129",0.004412859424738612,0.5463192361992091,61,13
bdb702de,0.297953337430954,116.6685540676117,True,,,1,586e195488814f698857249e62ebbfad,2020-10-05_15-42-23,1601937743,116.6685540676117,13358,CSI0354806,192.168.1.240,116.6685540676117,0,1,"8_batch_size=627,dropout=0.43346,epochs=64,learning_rate=0.044504",0.044503994551964986,0.4334584922422923,64,627
bdb757f2,0.4000040888786316,110.6960289478302,True,,,1,7132f8441e844d2985f157bf9fd8493d,2020-10-05_15-44-51,1601937891,110.6960289478302,13379,CSI0354806,192.168.1.240,110.6960289478302,0,1,"9_batch_size=564,dropout=0.51709,epochs=67,learning_rate=0.04946",0.04945955904741019,0.5170945910372391,67,564
bdb7b2ec,0.5612609386444092,151.45671820640564,True,,,1,480e1d95713f4ac1a8074008fe00d410,2020-10-05_15-45-32,1601937932,151.45671820640564,13376,CSI0354806,192.168.1.240,151.45671820640564,0,1,"10_batch_size=390,dropout=0.35446,epochs=88,learning_rate=0.058574",0.058574050854707085,0.35445731472231806,88,390
bdb7ee4c,0.6729815602302551,106.90774893760681,True,,,1,53f2f059728a4d20871f9ea958ef8247,2020-10-05_15-46-05,1601937965,106.90774893760681,13374,CSI0354806,192.168.1.240,106.90774893760681,0,1,"11_batch_size=303,dropout=0.42983,epochs=53,learning_rate=0.046698",0.04669813966088223,0.42983096378403696,53,303
bdb822d6,1.0056357383728027,372.5349941253662,True,,,1,462683354cb54d8ba29b4521dd60f78f,2020-10-05_15-51-20,1601938280,372.5349941253662,13378,CSI0354806,192.168.1.240,372.5349941253662,0,1,"12_batch_size=64,dropout=0.31141,epochs=89,learning_rate=0.035465",0.035464801556152864,0.31141435023662295,89,64
bdb85800,0.24166426062583923,108.89679980278015,True,,,1,b7c6cb9df93b47deadfafe6364ae232e,2020-10-05_15-47-08,1601938028,108.89679980278015,13375,CSI0354806,192.168.1.240,108.89679980278015,0,1,"13_batch_size=616,dropout=0.34321,epochs=88,learning_rate=0.019857",0.019856648503525205,0.34320508127309923,88,616
bdb88ef6,0.1375024914741516,110.30092740058899,True,,,1,be884b0262bc46278826309fef98cec7,2020-10-05_15-47-12,1601938032,110.30092740058899,13372,CSI0354806,192.168.1.240,110.30092740058899,0,1,"14_batch_size=600,dropout=0.58293,epochs=91,learning_rate=0.0064386",0.006438599918324872,0.5829349968416845,91,600
bdb8c3b2,0.2812415659427643,83.84252905845642,True,,,1,862a42669c8a477a99308eeab33d0c6b,2020-10-05_15-47-17,1601938037,83.84252905845642,13373,CSI0354806,192.168.1.240,83.84252905845642,0,1,"15_batch_size=548,dropout=0.47153,epochs=59,learning_rate=0.047198",0.04719845217698642,0.47153168333175044,59,548
bdb901ba,0.32078540325164795,84.98767113685608,True,,,1,0d55d8a05cf24b5d94e63de9a1be0ef0,2020-10-05_15-47-38,1601938058,84.98767113685608,13474,CSI0354806,192.168.1.240,84.98767113685608,0,1,"16_batch_size=604,dropout=0.62033,epochs=65,learning_rate=0.044946",0.044946115386104275,0.6203261314981898,65,604
bdb93d9c,0.30217769742012024,105.37456893920898,True,,,1,ebe1f5789345469b80e377881b02b596,2020-10-05_15-48-33,1601938113,105.37456893920898,13481,CSI0354806,192.168.1.240,105.37456893920898,0,1,"17_batch_size=473,dropout=0.51304,epochs=89,learning_rate=0.027588",0.02758768019165559,0.5130393988529607,89,473
bdb97546,0.36583346128463745,175.61820888519287,True,,,1,1f7d115a93824410b1abf7eb4d622274,2020-10-05_15-49-55,1601938195,175.61820888519287,13486,CSI0354806,192.168.1.240,175.61820888519287,0,1,"18_batch_size=157,dropout=0.36658,epochs=80,learning_rate=0.02144",0.02143991152502506,0.36657724557895255,80,157
bdb9a9b2,0.3975674510002136,103.72150707244873,True,,,1,296bbbcabc484041b5a8a4f96e4df5e1,2020-10-05_15-49-26,1601938166,103.72150707244873,13487,CSI0354806,192.168.1.240,103.72150707244873,0,1,"19_batch_size=431,dropout=0.56291,epochs=97,learning_rate=0.031854",0.03185378105991197,0.5629146226962181,97,431
bdb9e076,1.1807584762573242,231.85634994506836,True,,,1,8e7fc80cfa3848d89887607615576aca,2020-10-05_15-51-41,1601938301,231.85634994506836,13533,CSI0354806,192.168.1.240,231.85634994506836,0,1,"20_batch_size=86,dropout=0.28128,epochs=99,learning_rate=0.046293",0.04629343061833055,0.28127984413214124,99,86
940cac20,1.4926776885986328,71.56092309951782,True,,,1,1e6d2c5cedc842e08928aa2cc725dfd3,2020-10-05_15-54-43,1601938483,71.56092309951782,13537,CSI0354806,192.168.1.240,71.56092309951782,0,1,"1_batch_size=382,dropout=0.55065,epochs=47,learning_rate=0.094733",0.09473264865130589,0.5506465801352993,47,382
940cf5d6,0.8946655988693237,71.84683799743652,True,,,1,f06cf4d805314afc94fbd9abc7a57758,2020-10-05_15-54-44,1601938484,71.84683799743652,13536,CSI0354806,192.168.1.240,71.84683799743652,0,1,"2_batch_size=336,dropout=0.5258,epochs=43,learning_rate=0.080673",0.08067255660459924,0.5257972612791573,43,336
940d39ce,1.345770239830017,92.74638295173645,True,,,1,21e4db75d07145668a12a545287e4a41,2020-10-05_15-55-05,1601938505,92.74638295173645,13736,CSI0354806,192.168.1.240,92.74638295173645,0,1,"3_batch_size=314,dropout=0.69381,epochs=55,learning_rate=0.064029",0.06402854136936384,0.6938082916011108,55,314
940d7394,0.3741964101791382,34.35567903518677,True,,,1,1b2227690b634a24943faea73b93598d,2020-10-05_15-54-07,1601938447,34.35567903518677,13739,CSI0354806,192.168.1.240,34.35567903518677,0,1,"4_batch_size=416,dropout=0.51805,epochs=16,learning_rate=0.064228",0.06422832357146878,0.5180463468250405,16,416
940dae40,2.0397861003875732,245.3651270866394,True,,,1,b898805d4ca34a588a98c3d858d624ae,2020-10-05_15-57-38,1601938658,245.3651270866394,13735,CSI0354806,192.168.1.240,245.3651270866394,0,1,"5_batch_size=98,dropout=0.7393,epochs=65,learning_rate=0.081977",0.08197662472430023,0.7392965559212319,65,98
940dee28,0.8889180421829224,32.639070987701416,True,,,1,ff9b1c6ee0ea49298ec390aab86ca3bd,2020-10-05_15-54-05,1601938445,32.639070987701416,13740,CSI0354806,192.168.1.240,32.639070987701416,0,1,"6_batch_size=361,dropout=0.63706,epochs=12,learning_rate=0.085798",0.08579782278498256,0.6370578127990638,12,361
940e28b6,0.9671323299407959,89.40074872970581,True,,,1,5f44afbb7d044377a21787e327d28a9a,2020-10-05_15-55-02,1601938502,89.40074872970581,13738,CSI0354806,192.168.1.240,89.40074872970581,0,1,"7_batch_size=211,dropout=0.56547,epochs=39,learning_rate=0.064971",0.0649705788086222,0.565470203668414,39,211
940e5df4,2.0201361179351807,79.22189807891846,True,,,1,4b1e423645d94d5d80e26ed63113e6d8,2020-10-05_15-54-52,1601938492,79.22189807891846,13737,CSI0354806,192.168.1.240,79.22189807891846,0,1,"8_batch_size=370,dropout=0.83457,epochs=49,learning_rate=0.084313",0.08431250889826364,0.8345691333927028,49,370
940e93fa,0.8468536138534546,28.806602954864502,True,,,1,c12b4bb3d7db466896de92c19e1fa480,2020-10-05_15-55-06,1601938506,28.806602954864502,13763,CSI0354806,192.168.1.240,28.806602954864502,0,1,"9_batch_size=414,dropout=0.52058,epochs=17,learning_rate=0.096677",0.09667659914280224,0.5205776175386799,17,414
940ecc94,1.1065343618392944,54.30500388145447,True,,,1,8105e7321a3c49ecbf6613b60ec4b037,2020-10-05_15-55-34,1601938534,54.30500388145447,13757,CSI0354806,192.168.1.240,54.30500388145447,0,1,"10_batch_size=310,dropout=0.71213,epochs=37,learning_rate=0.066723",0.06672266114681652,0.7121277901902541,37,310
940f0236,0.4876036047935486,25.484429121017456,True,,,1,dd21a39354d8448f9a3992294282d35a,2020-10-05_15-55-31,1601938531,25.484429121017456,13759,CSI0354806,192.168.1.240,25.484429121017456,0,1,"11_batch_size=537,dropout=0.65918,epochs=20,learning_rate=0.062007",0.06200715105331645,0.6591787983454369,20,537
940f353a,1.514896035194397,67.33831667900085,True,,,1,54d35c5add2b4623adc15aa2f78def82,2020-10-05_15-56-13,1601938573,67.33831667900085,13756,CSI0354806,192.168.1.240,67.33831667900085,0,1,"12_batch_size=508,dropout=0.84072,epochs=64,learning_rate=0.051057",0.05105699603453119,0.8407194815791186,64,508
940f6b9a,0.7333770394325256,72.0143620967865,True,,,1,62314944d448418d9686bbab50124fc3,2020-10-05_15-56-21,1601938581,72.0143620967865,13758,CSI0354806,192.168.1.240,72.0143620967865,0,1,"13_batch_size=209,dropout=0.50387,epochs=33,learning_rate=0.054973",0.054973065409977116,0.5038682849140772,33,209
940f9cf0,0.8335472941398621,76.42452192306519,True,,,1,18fd18f031bd483a9cda4d395e8a0971,2020-10-05_15-56-35,1601938595,76.42452192306519,13760,CSI0354806,192.168.1.240,76.42452192306519,0,1,"14_batch_size=427,dropout=0.76179,epochs=57,learning_rate=0.052677",0.05267701354668761,0.7617877489918736,57,427
940fcfb8,2.3101940155029297,183.07589483261108,True,,,1,4a572e8ec658442f88cffa2e4541e90a,2020-10-05_15-58-26,1601938706,183.07589483261108,13755,CSI0354806,192.168.1.240,183.07589483261108,0,1,"15_batch_size=25,dropout=0.88361,epochs=26,learning_rate=0.038348",0.038348362126872,0.8836111654387299,26,25
941005e6,1.715463638305664,75.10755014419556,True,,,1,69bf7ffe035f41339274a94cfcf729b0,2020-10-05_15-56-47,1601938607,75.10755014419556,13833,CSI0354806,192.168.1.240,75.10755014419556,0,1,"16_batch_size=317,dropout=0.76479,epochs=46,learning_rate=0.086427",0.08642706283082754,0.7647889453002426,46,317
94103656,0.4396545886993408,61.017919063568115,True,,,1,6f887c322ba64b75bcfd0e802373bfd8,2020-10-05_15-57-06,1601938626,61.017919063568115,13861,CSI0354806,192.168.1.240,61.017919063568115,0,1,"17_batch_size=452,dropout=0.65025,epochs=44,learning_rate=0.049492",0.04949202647339683,0.6502478665850207,44,452
94106d2e,1.1239287853240967,84.2459933757782,True,,,1,7ecae95d794c48a39ef773bfd5ca55fe,2020-10-05_15-57-33,1601938653,84.2459933757782,13862,CSI0354806,192.168.1.240,84.2459933757782,0,1,"18_batch_size=212,dropout=0.49284,epochs=42,learning_rate=0.07128",0.07127974071013506,0.4928425490326346,42,212
9410a096,0.5600809454917908,56.13033080101013,True,,,1,c1f0f705a3794196a6b501e38cc9e7ba,2020-10-05_15-57-47,1601938667,56.13033080101013,13880,CSI0354806,192.168.1.240,56.13033080101013,0,1,"19_batch_size=527,dropout=0.734,epochs=60,learning_rate=0.049661",0.04966064493380147,0.7339957613109593,60,527
9410d106,0.391085147857666,37.784284830093384,True,,,1,1cc3ba6341c84f518662044657c1d9de,2020-10-05_15-57-35,1601938655,37.784284830093384,13882,CSI0354806,192.168.1.240,37.784284830093384,0,1,"20_batch_size=530,dropout=0.52327,epochs=30,learning_rate=0.063325",0.06332485466745968,0.523274885645123,30,530
47853394,0.768283486366272,54.95903301239014,True,,,1,fa28ae1cd47549d5a3f64db9139b2fce,2020-10-05_15-59-30,1601938770,54.95903301239014,13929,CSI0354806,192.168.1.240,54.95903301239014,0,1,"1_batch_size=337,dropout=0.67604,epochs=18,learning_rate=0.056757",0.05675726939290913,0.6760385848611102,18,337
47858506,0.3168450891971588,101.61096620559692,True,,,1,8b9ddd8a934445eca66af781213c9ab4,2020-10-05_16-00-17,1601938817,101.61096620559692,13928,CSI0354806,192.168.1.240,101.61096620559692,0,1,"2_batch_size=273,dropout=0.4871,epochs=47,learning_rate=0.031487",0.03148748182449955,0.4871031054897852,47,273
4785cb74,0.25510987639427185,86.07083892822266,True,,,1,3d6248e6b60847979d2304a5cc44dfb4,2020-10-05_16-00-01,1601938801,86.07083892822266,13927,CSI0354806,192.168.1.240,86.07083892822266,0,1,"3_batch_size=435,dropout=0.74933,epochs=46,learning_rate=0.024102",0.02410237783660219,0.7493348547247272,46,435
47861ed0,0.19195926189422607,95.55618500709534,True,,,1,b69d99faafd246ed8c5aa4740b8fd9c9,2020-10-05_16-00-10,1601938810,95.55618500709534,13930,CSI0354806,192.168.1.240,95.55618500709534,0,1,"4_batch_size=421,dropout=0.56782,epochs=60,learning_rate=0.015259",0.015258979252901655,0.5678191032177717,60,421
47867100,0.08886423707008362,71.02333855628967,True,,,1,db18d3f1d4f043f4bcbaf6444ee2a951,2020-10-05_15-59-46,1601938786,71.02333855628967,13931,CSI0354806,192.168.1.240,71.02333855628967,0,1,"5_batch_size=594,dropout=0.62702,epochs=38,learning_rate=0.0010561",0.0010561200754340403,0.6270230048764316,38,594
4786d0dc,0.08889596164226532,54.58815407752991,True,,,1,de499e525f1348559c4bf3f438ecdae0,2020-10-05_15-59-29,1601938769,54.58815407752991,13932,CSI0354806,192.168.1.240,54.58815407752991,0,1,"6_batch_size=576,dropout=0.57641,epochs=24,learning_rate=0.0024485",0.0024484856403191283,0.5764058211705728,24,576
47873ad6,0.8111523389816284,117.52600598335266,True,,,1,d7a5bc4efe8b4ae894aaf99a6de648a7,2020-10-05_16-00-32,1601938832,117.52600598335266,13933,CSI0354806,192.168.1.240,117.52600598335266,0,1,"7_batch_size=305,dropout=0.88594,epochs=66,learning_rate=0.022801",0.02280101170586918,0.8859437962577956,66,305
4787aa5c,0.7022384405136108,93.33071708679199,True,,,1,a16923b08e244ad697e8456075627c90,2020-10-05_16-00-08,1601938808,93.33071708679199,13934,CSI0354806,192.168.1.240,93.33071708679199,0,1,"8_batch_size=389,dropout=0.88979,epochs=52,learning_rate=0.019403",0.019403214526448387,0.8897869337287072,52,389
4787fa98,0.14099104702472687,24.13609290122986,True,,,1,1d55962a93af47ff900a45d81ea86c2c,2020-10-05_16-00-28,1601938828,24.13609290122986,13958,CSI0354806,192.168.1.240,24.13609290122986,0,1,"9_batch_size=466,dropout=0.74148,epochs=14,learning_rate=0.0092061",0.009206068868899017,0.7414835680503146,14,466
478845d4,0.29817840456962585,33.40714168548584,True,,,1,6fcf5e8860a047f0b30a0a24f69c9da2,2020-10-05_16-00-37,1601938837,33.40714168548584,13951,CSI0354806,192.168.1.240,33.40714168548584,0,1,"10_batch_size=161,dropout=0.70918,epochs=12,learning_rate=0.022323",0.02232293857983835,0.7091763154923878,12,161
4788ad8a,0.20085284113883972,50.52219796180725,True,,,1,cadabd33abf243afbbf3ffcd34ec68f2,2020-10-05_16-01-02,1601938862,50.52219796180725,13952,CSI0354806,192.168.1.240,50.52219796180725,0,1,"11_batch_size=455,dropout=0.59635,epochs=42,learning_rate=0.023898",0.023897749933022402,0.596347965577313,42,455
47890460,0.48166605830192566,68.13061594963074,True,,,1,4dcf474b3f0146f9bb6bc249d82f6d45,2020-10-05_16-01-31,1601938891,68.13061594963074,13950,CSI0354806,192.168.1.240,68.13061594963074,0,1,"12_batch_size=349,dropout=0.79249,epochs=53,learning_rate=0.028676",0.028675862456116155,0.7924900443612095,53,349
47894a92,1.4972375631332397,44.56165790557861,True,,,1,f1202c95411247b583798fb4bccdc328,2020-10-05_16-01-14,1601938874,44.56165790557861,13948,CSI0354806,192.168.1.240,44.56165790557861,0,1,"13_batch_size=405,dropout=0.87521,epochs=33,learning_rate=0.045069",0.04506871828969677,0.8752119644458203,33,405
478991e6,0.19594550132751465,37.922905921936035,True,,,1,881ea8b1362f438282e20c71558d8987,2020-10-05_16-01-10,1601938870,37.922905921936035,13964,CSI0354806,192.168.1.240,37.922905921936035,0,1,"14_batch_size=184,dropout=0.79864,epochs=12,learning_rate=0.0074723",0.0074722859754203196,0.7986388221351418,12,184
478a0022,0.15274077653884888,41.36217904090881,True,,,1,f19fb73c3a04425983ce061afd44f6dd,2020-10-05_16-01-19,1601938879,41.36217904090881,13949,CSI0354806,192.168.1.240,41.36217904090881,0,1,"15_batch_size=526,dropout=0.54461,epochs=30,learning_rate=0.018507",0.018506657900619547,0.5446108001738759,30,526
478a4e88,0.3153003454208374,64.01543807983398,True,,,1,aa34c85e184f464d9f4d95fc9afceb3f,2020-10-05_16-01-59,1601938919,64.01543807983398,14047,CSI0354806,192.168.1.240,64.01543807983398,0,1,"16_batch_size=274,dropout=0.57424,epochs=44,learning_rate=0.027983",0.02798266806602229,0.5742386628389577,44,274
478aa004,0.1085672602057457,49.03418493270874,True,,,1,0ca5ee2e50ef488ea3edbc40af3398f8,2020-10-05_16-01-48,1601938908,49.03418493270874,14052,CSI0354806,192.168.1.240,49.03418493270874,0,1,"17_batch_size=560,dropout=0.48679,epochs=43,learning_rate=0.00020596",0.00020596295394073344,0.48679464761947167,43,560
478aeda2,0.8886648416519165,46.699723958969116,True,,,1,a3636dac465a42558d3979923a6a3e1e,2020-10-05_16-01-55,1601938915,46.699723958969116,14056,CSI0354806,192.168.1.240,46.699723958969116,0,1,"18_batch_size=313,dropout=0.65814,epochs=33,learning_rate=0.062182",0.06218190266018216,0.658143920213367,33,313
478b50d0,0.1336967796087265,41.66731810569763,True,,,1,4d12773de0424c769fb3926b577de573,2020-10-05_16-02-15,1601938935,41.66731810569763,14092,CSI0354806,192.168.1.240,41.66731810569763,0,1,"19_batch_size=298,dropout=0.66974,epochs=51,learning_rate=0.0064025",0.006402455216232223,0.6697427875370918,51,298
478b9c34,0.2167195975780487,28.194802045822144,True,,,1,2c24b2d981234641ab53fcef6936e609,2020-10-05_16-02-05,1601938925,28.194802045822144,14094,CSI0354806,192.168.1.240,28.194802045822144,0,1,"20_batch_size=547,dropout=0.52289,epochs=30,learning_rate=0.033597",0.03359656005717716,0.522889897796111,30,547
d0171434,1.172956109046936,77.99384713172913,True,,,1,2b08f4f98e074c969a3c8dcbe51c63da,2020-10-05_16-03-40,1601939020,77.99384713172913,14113,CSI0354806,192.168.1.240,77.99384713172913,0,1,"1_batch_size=377,dropout=0.50875,epochs=55,learning_rate=0.09803",0.09803031845002087,0.508747591345251,55,377
d0176790,2.1670243740081787,304.90552496910095,True,,,1,cbddd604532549189d2f9531beca6de8,2020-10-05_16-07-27,1601939247,304.90552496910095,14116,CSI0354806,192.168.1.240,304.90552496910095,0,1,"2_batch_size=20,dropout=0.30249,epochs=41,learning_rate=0.093301",0.09330146955172497,0.30248972096954746,41,20
d017ae30,0.3314207196235657,39.51859903335571,True,,,1,a9e327ea120c4eeda264ee3f0fb264db,2020-10-05_16-03-02,1601938982,39.51859903335571,14114,CSI0354806,192.168.1.240,39.51859903335571,0,1,"3_batch_size=291,dropout=0.20753,epochs=15,learning_rate=0.054426",0.0544262942017074,0.2075322617068581,15,291
d017efe4,0.35601574182510376,41.04746174812317,True,,,1,478ac6f3d2484355afee3f237d6dffea,2020-10-05_16-03-04,1601938984,41.04746174812317,14115,CSI0354806,192.168.1.240,41.04746174812317,0,1,"4_batch_size=482,dropout=0.38606,epochs=24,learning_rate=0.071612",0.07161181836260186,0.38605520324638964,24,482
d0183b70,1.0197945833206177,94.27841687202454,True,,,1,96a93bae554e4a99b5665b5b065864a6,2020-10-05_16-03-57,1601939037,94.27841687202454,14117,CSI0354806,192.168.1.240,94.27841687202454,0,1,"5_batch_size=254,dropout=0.57512,epochs=52,learning_rate=0.068852",0.06885181038885037,0.5751167511636157,52,254
d01882b0,0.2970046103000641,33.07587814331055,True,,,1,32025d26272740149a8fa70c37446a19,2020-10-05_16-02-56,1601938976,33.07587814331055,14118,CSI0354806,192.168.1.240,33.07587814331055,0,1,"6_batch_size=359,dropout=0.23733,epochs=13,learning_rate=0.062858",0.06285845008790786,0.23733146657804208,13,359
d018c432,0.9356546998023987,87.93033194541931,True,,,1,ae94e3087d8146d1ab9feee467069835,2020-10-05_16-03-50,1601939030,87.93033194541931,14123,CSI0354806,192.168.1.240,87.93033194541931,0,1,"7_batch_size=281,dropout=0.40809,epochs=51,learning_rate=0.088138",0.08813799798924576,0.40809322193497055,51,281
d01905c8,0.6111545562744141,79.87865400314331,True,,,1,a97981785a7c4fe287f5f26b0175a01e,2020-10-05_16-03-43,1601939023,79.87865400314331,14119,CSI0354806,192.168.1.240,79.87865400314331,0,1,"8_batch_size=366,dropout=0.31198,epochs=55,learning_rate=0.075167",0.07516705775899052,0.31198277883546716,55,366
d01949b6,0.3334938585758209,82.72828221321106,True,,,1,2231e69c5ee940c39197cdad0e041e0f,2020-10-05_16-04-46,1601939086,82.72828221321106,14139,CSI0354806,192.168.1.240,82.72828221321106,0,1,"9_batch_size=395,dropout=0.36967,epochs=60,learning_rate=0.042979",0.04297916259617915,0.3696679228019557,60,395
d0198e26,1.427975058555603,89.96392607688904,True,,,1,5af94a6395904e57861e119d3481dd56,2020-10-05_16-04-59,1601939099,89.96392607688904,14136,CSI0354806,192.168.1.240,89.96392607688904,0,1,"10_batch_size=285,dropout=0.48836,epochs=54,learning_rate=0.096532",0.09653240590436007,0.488357398350623,54,285
d019d5a2,1.2556066513061523,173.6641812324524,True,,,1,9f2df5f763ae4fdd994355c3419cbd50,2020-10-05_16-06-24,1601939184,173.6641812324524,14135,CSI0354806,192.168.1.240,173.6641812324524,0,1,"11_batch_size=113,dropout=0.33997,epochs=64,learning_rate=0.080824",0.08082431862499131,0.3399679557802729,64,113
d01a1b3e,0.4882957935333252,68.33117389678955,True,,,1,46cba2e679db4c03b71d449f8d7ebd8e,2020-10-05_16-05-11,1601939111,68.33117389678955,14132,CSI0354806,192.168.1.240,68.33117389678955,0,1,"12_batch_size=561,dropout=0.4098,epochs=63,learning_rate=0.07385",0.07385015361848213,0.40979643224350965,63,561
d01a674c,0.30878207087516785,44.04732894897461,True,,,1,00ffaeed6d7440e0b4ef0a4dd56875b6,2020-10-05_16-04-48,1601939088,44.04732894897461,14131,CSI0354806,192.168.1.240,44.04732894897461,0,1,"13_batch_size=412,dropout=0.20315,epochs=23,learning_rate=0.057569",0.05756867292950138,0.203154539536507,23,412
d01ab558,0.6376500725746155,51.88918685913086,True,,,1,fdd6b03365d34fb280452e5a239de140,2020-10-05_16-05-02,1601939102,51.88918685913086,14130,CSI0354806,192.168.1.240,51.88918685913086,0,1,"14_batch_size=577,dropout=0.50599,epochs=36,learning_rate=0.086552",0.0865519616740146,0.5059948126384093,36,577
d01b012a,2.324042797088623,147.95432782173157,True,,,1,c55cbd15c1aa467ba561c479c97271b0,2020-10-05_16-06-46,1601939206,147.95432782173157,14129,CSI0354806,192.168.1.240,147.95432782173157,0,1,"15_batch_size=37,dropout=0.31751,epochs=26,learning_rate=0.097548",0.0975484358685447,0.31750789230583504,26,37
d01b4310,0.36594948172569275,44.86968398094177,True,,,1,1ff4796faae748ce8891280019eda493,2020-10-05_16-05-56,1601939156,44.86968398094177,14291,CSI0354806,192.168.1.240,44.86968398094177,0,1,"16_batch_size=552,dropout=0.23527,epochs=44,learning_rate=0.064279",0.0642790370973317,0.23526556045197433,44,552
d01b8f46,0.26118960976600647,18.28795099258423,True,,,1,b15eba58d13c4fae9b07be9665f87c02,2020-10-05_16-05-30,1601939130,18.28795099258423,14294,CSI0354806,192.168.1.240,18.28795099258423,0,1,"17_batch_size=425,dropout=0.25543,epochs=11,learning_rate=0.057759",0.057759340079375804,0.25543107541249355,11,425
d01bd7d0,0.7344493865966797,41.21678614616394,True,,,1,762393dc970d4f73aadf64e211911152,2020-10-05_16-05-56,1601939156,41.21678614616394,14299,CSI0354806,192.168.1.240,41.21678614616394,0,1,"18_batch_size=241,dropout=0.57374,epochs=20,learning_rate=0.070408",0.07040811089411748,0.5737378483102453,20,241
d01c1e20,0.8914564251899719,73.72226905822754,True,,,1,079135fbd4ac4c669601a3a629536dd8,2020-10-05_16-06-31,1601939191,73.72226905822754,14295,CSI0354806,192.168.1.240,73.72226905822754,0,1,"19_batch_size=96,dropout=0.5198,epochs=30,learning_rate=0.05005",0.05005025375252987,0.519803897805522,30,96
d01c6128,0.5465580821037292,28.94929003715515,True,,,1,df89320bc8644599a3880a208c7bea83,2020-10-05_16-06-01,1601939161,28.94929003715515,14293,CSI0354806,192.168.1.240,28.94929003715515,0,1,"20_batch_size=614,dropout=0.61285,epochs=20,learning_rate=0.077413",0.07741300361189668,0.6128477234581067,20,614
89fd69f2,2.0146217346191406,287.9417440891266,True,,,1,16ebc56c64724b8d86254fec60af73cd,2020-10-05_16-12-22,1601939542,287.9417440891266,14388,CSI0354806,192.168.1.240,287.9417440891266,0,1,"1_batch_size=38,dropout=0.55393,epochs=64,learning_rate=0.044639",0.044638792580228126,0.5539271632917457,64,38
89fdaaa2,0.26038458943367004,37.015244245529175,True,,,1,a55a6d9f24874d5f8b47010736c4b808,2020-10-05_16-08-11,1601939291,37.015244245529175,14390,CSI0354806,192.168.1.240,37.015244245529175,0,1,"2_batch_size=624,dropout=0.57674,epochs=21,learning_rate=0.042953",0.04295329812034273,0.5767435493222433,21,624
89fdf0de,0.30313602089881897,96.27951622009277,True,,,1,dfc78da618814b49925f9dcf1402df02,2020-10-05_16-09-11,1601939351,96.27951622009277,14389,CSI0354806,192.168.1.240,96.27951622009277,0,1,"3_batch_size=319,dropout=0.45945,epochs=60,learning_rate=0.03082",0.030820084221842507,0.45945447798062905,60,319
89fe28ce,0.4636721611022949,72.83241009712219,True,,,1,6f97fc275208429090330f19ebcdc163,2020-10-05_16-08-48,1601939328,72.83241009712219,14391,CSI0354806,192.168.1.240,72.83241009712219,0,1,"4_batch_size=344,dropout=0.41552,epochs=37,learning_rate=0.050947",0.050946898380709114,0.41552235333156246,37,344
89fe61fe,0.3090404272079468,71.27039003372192,True,,,1,8ba7627586c847908b5fb14db526e7b8,2020-10-05_16-08-46,1601939326,71.27039003372192,14392,CSI0354806,192.168.1.240,71.27039003372192,0,1,"5_batch_size=515,dropout=0.52735,epochs=48,learning_rate=0.041776",0.041775794055544005,0.527351563612135,48,515
89fe9e6c,0.2144254893064499,79.49205183982849,True,,,1,6c5ee855ae9d42a7a4a228305b15a4a0,2020-10-05_16-08-54,1601939334,79.49205183982849,14393,CSI0354806,192.168.1.240,79.49205183982849,0,1,"6_batch_size=544,dropout=0.34552,epochs=61,learning_rate=0.022062",0.02206213437728857,0.3455237256038234,61,544
89feda08,0.34391355514526367,68.91771793365479,True,,,1,1b931a47b2d14702bb372d2ba096d3ec,2020-10-05_16-08-44,1601939324,68.91771793365479,14394,CSI0354806,192.168.1.240,68.91771793365479,0,1,"7_batch_size=515,dropout=0.55124,epochs=44,learning_rate=0.048006",0.04800642780031377,0.551236257140927,44,515
89ff1a4a,0.3155578374862671,108.22672724723816,True,,,1,4030ce2e839d4901980010e50f92611c,2020-10-05_16-09-23,1601939363,108.22672724723816,14396,CSI0354806,192.168.1.240,108.22672724723816,0,1,"8_batch_size=255,dropout=0.26261,epochs=58,learning_rate=0.024033",0.02403318554544414,0.2626135218870944,58,255
89ff59d8,0.2873196303844452,102.95489311218262,True,,,1,ebb4144216f44ecf921abe573796b43e,2020-10-05_16-10-32,1601939432,102.95489311218262,14424,CSI0354806,192.168.1.240,102.95489311218262,0,1,"9_batch_size=89,dropout=0.34369,epochs=29,learning_rate=0.01779",0.017789800815419546,0.343689260561754,29,89
89ffa2ee,0.20100361108779907,26.449882984161377,True,,,1,67f180520f6d4d8bad62ebc0b89a9eba,2020-10-05_16-09-28,1601939368,26.449882984161377,14423,CSI0354806,192.168.1.240,26.449882984161377,0,1,"10_batch_size=515,dropout=0.40694,epochs=17,learning_rate=0.032719",0.032718678373992754,0.406937854717948,17,515
89ffe682,0.18584810197353363,47.918517112731934,True,,,1,d1d79e23d99546a5bff380a667767690,2020-10-05_16-09-52,1601939392,47.918517112731934,14420,CSI0354806,192.168.1.240,47.918517112731934,0,1,"11_batch_size=360,dropout=0.51395,epochs=36,learning_rate=0.018144",0.018143846970144276,0.5139472473944363,36,360
8a0028ae,0.12394603341817856,28.129526138305664,True,,,1,16bd16d7f1684dfdb9e84807e3201287,2020-10-05_16-09-33,1601939373,28.129526138305664,14417,CSI0354806,192.168.1.240,28.129526138305664,0,1,"12_batch_size=559,dropout=0.2946,epochs=20,learning_rate=0.016247",0.01624670764080192,0.29459587319926345,20,559
8a006b34,0.2045869529247284,65.98703789710999,True,,,1,157c60d4287944bcb6911704d8340ef1,2020-10-05_16-10-17,1601939417,65.98703789710999,14428,CSI0354806,192.168.1.240,65.98703789710999,0,1,"13_batch_size=156,dropout=0.36435,epochs=26,learning_rate=0.016347",0.016347198182311812,0.36434665383846515,26,156
8a00ad4c,0.4126545786857605,108.56003928184509,True,,,1,c49aa7782f9b41f99357e2f3f46cd448,2020-10-05_16-11-24,1601939484,108.56003928184509,14418,CSI0354806,192.168.1.240,108.56003928184509,0,1,"14_batch_size=88,dropout=0.55888,epochs=32,learning_rate=0.024978",0.02497774366743084,0.5588776546189163,32,88
8a00f14e,0.1300778090953827,41.80060005187988,True,,,1,d3be1721d2074a7e917865ef9f68a429,2020-10-05_16-10-23,1601939423,41.80060005187988,14416,CSI0354806,192.168.1.240,41.80060005187988,0,1,"15_batch_size=154,dropout=0.32287,epochs=14,learning_rate=0.0099342",0.009934215344844283,0.3228703708513145,14,154
8a013bb8,0.33114373683929443,46.00394797325134,True,,,1,2d33f04a497b470d894d49092c2be4f9,2020-10-05_16-10-36,1601939436,46.00394797325134,14518,CSI0354806,192.168.1.240,46.00394797325134,0,1,"16_batch_size=535,dropout=0.33569,epochs=39,learning_rate=0.054661",0.0546608644907259,0.33568764408709223,39,535
8a018168,0.4821183681488037,79.73393893241882,True,,,1,1bd019be000b4cad839726ab7789130c,2020-10-05_16-11-14,1601939474,79.73393893241882,14520,CSI0354806,192.168.1.240,79.73393893241882,0,1,"17_batch_size=309,dropout=0.43787,epochs=58,learning_rate=0.050445",0.05044500037957193,0.4378742297363845,58,309
8a01c768,0.4787674844264984,61.92055296897888,True,,,1,62749af291794437be2de5fd4d08284e,2020-10-05_16-11-22,1601939482,61.92055296897888,14522,CSI0354806,192.168.1.240,61.92055296897888,0,1,"18_batch_size=283,dropout=0.27673,epochs=43,learning_rate=0.047423",0.04742271017536809,0.2767258599079346,43,283
8a020cb4,0.6049789786338806,62.779579877853394,True,,,1,64f914be364d42c7978052a0ed3ed258,2020-10-05_16-11-47,1601939507,62.779579877853394,14542,CSI0354806,192.168.1.240,62.779579877853394,0,1,"19_batch_size=182,dropout=0.46951,epochs=51,learning_rate=0.045674",0.04567411524508498,0.46951232335216164,51,182
8a024fee,0.21093696355819702,29.65632700920105,True,,,1,1f01e4491b6743d1adad1ea0a44e713c,2020-10-05_16-11-17,1601939477,29.65632700920105,14550,CSI0354806,192.168.1.240,29.65632700920105,0,1,"20_batch_size=538,dropout=0.2446,epochs=22,learning_rate=0.051175",0.0511745278657611,0.24460021311639515,22,538
