trial_id,tf_test_acc,average_res,time_this_iter_s,done,timesteps_total,episodes_total,training_iteration,experiment_id,date,timestamp,time_total_s,pid,hostname,node_ip,time_since_restore,timesteps_since_restore,iterations_since_restore,experiment_tag,config.learning_rate,config.dropout,config.epochs,config.batch_size
a63e6d16,0.04670000076293945,0.04670000076293945,0.00846409797668457,True,,,2,048019baa68047cc910c1563396b6505,2020-11-13_08-34-11,1605256451,149.10360884666443,169470,thetagpu13,140.221.68.23,149.10360884666443,0,2,"1_batch_size=322,dropout=0.87752,epochs=80,learning_rate=0.015707",0.01570746890871143,0.8775166205992775,80,322
a643f42a,0.04670000076293945,0.04670000076293945,0.006372928619384766,True,,,2,9f399d060fc84a6f81af02da1f133b33,2020-11-13_08-34-30,1605256470,168.12567806243896,169392,thetagpu13,140.221.68.23,168.12567806243896,0,2,"2_batch_size=438,dropout=0.63914,epochs=94,learning_rate=0.03308",0.03308008866348352,0.6391434892432528,94,438
a645f66c,0.04670000076293945,0.04670000076293945,0.011640071868896484,True,,,2,f4030b2cf0f84182be0ac1bd8143101f,2020-11-13_08-33-19,1605256399,96.86243891716003,169586,thetagpu13,140.221.68.23,96.86243891716003,0,2,"3_batch_size=251,dropout=0.658,epochs=52,learning_rate=0.055897",0.05589662351104593,0.6579989531522167,52,251
a648cd1a,0.04670000076293945,0.04670000076293945,0.00893092155456543,True,,,2,e40bb4779d13482087350f498fde0803,2020-11-13_08-33-34,1605256414,112.49043846130371,169604,thetagpu13,140.221.68.23,112.49043846130371,0,2,"4_batch_size=467,dropout=0.81527,epochs=63,learning_rate=0.046952",0.04695246008697385,0.8152651925076926,63,467
a64b0026,0.04670000076293945,0.04670000076293945,0.006841421127319336,True,,,2,5e8d0451315248fb967174ccc7e7a364,2020-11-13_08-34-56,1605256496,194.64289546012878,169405,thetagpu13,140.221.68.23,194.64289546012878,0,2,"5_batch_size=219,dropout=0.50164,epochs=98,learning_rate=0.012926",0.012926013387593771,0.5016440762518614,98,219
a65045ea,0.04670000076293945,0.04670000076293945,0.007422208786010742,True,,,2,c32deb4e27d14ab3b4fb8f16802bc3ec,2020-11-13_08-34-46,1605256486,184.6789710521698,169466,thetagpu13,140.221.68.23,184.6789710521698,0,2,"6_batch_size=358,dropout=0.75949,epochs=99,learning_rate=0.020172",0.02017189463925783,0.7594906188708455,99,358
a652084e,0.04670000076293945,0.04670000076293945,0.008141040802001953,True,,,2,1c59f199e5fc4ab6a52a620d33e9f63c,2020-11-13_08-33-49,1605256429,127.05236434936523,169598,thetagpu13,140.221.68.23,127.05236434936523,0,2,"7_batch_size=384,dropout=0.47514,epochs=70,learning_rate=0.054433",0.0544327894313558,0.4751374749799785,70,384
a653df0c,0.04670000076293945,0.04670000076293945,0.008016824722290039,True,,,2,b46b2f04c2634a34b6c624295c14d67c,2020-11-13_08-34-18,1605256458,156.0001883506775,169474,thetagpu13,140.221.68.23,156.0001883506775,0,2,"8_batch_size=463,dropout=0.63681,epochs=92,learning_rate=0.0053634",0.005363441567687794,0.6368106401002048,92,463
a6560ea8,0.04670000076293945,0.04670000076293945,0.007067680358886719,True,,,2,436ee29f2ba544aeb7a3ea321b183ff9,2020-11-13_08-35-09,1605256509,107.80961298942566,169568,thetagpu13,140.221.68.23,107.80961298942566,0,2,"9_batch_size=350,dropout=0.73463,epochs=58,learning_rate=0.048469",0.04846853591807125,0.7346327516866051,58,350
e1f109cc,0.04670000076293945,0.04670000076293945,0.007233381271362305,True,,,2,327eb63795594a7e976055642c7befe6,2020-11-13_08-35-38,1605256538,120.95895409584045,169493,thetagpu13,140.221.68.23,120.95895409584045,0,2,"10_batch_size=204,dropout=0.47065,epochs=57,learning_rate=0.055346",0.055345563310630695,0.47065412900746323,57,204
6c705ef8,0.04670000076293945,0.04670000076293945,0.006398916244506836,True,,,2,556f70ab169a4cc4b248f0279433d3e1,2020-11-13_08-46-22,1605257182,118.81181359291077,169609,thetagpu13,140.221.68.23,118.81181359291077,0,2,"1_batch_size=413,dropout=0.54997,epochs=58,learning_rate=0.078667",0.07866725549643158,0.5499733408162903,58,413
6c75b312,0.04670000076293945,0.04670000076293945,0.009955167770385742,True,,,2,73fce29fb58c47feaf31191f69b2c664,2020-11-13_08-45-26,1605257126,62.882304668426514,169480,thetagpu13,140.221.68.23,62.882304668426514,0,2,"2_batch_size=348,dropout=0.83272,epochs=31,learning_rate=0.043864",0.04386351086813913,0.8327185825522312,31,348
6c779ae2,0.04670000076293945,0.04670000076293945,0.008194923400878906,True,,,2,f0956bf1c842496f863f6d1a8aade00e,2020-11-13_08-44-51,1605257091,27.24228525161743,169376,thetagpu13,140.221.68.23,27.24228525161743,0,2,"3_batch_size=484,dropout=0.58394,epochs=11,learning_rate=0.090992",0.09099165925194258,0.583939858570195,11,484
6c797ede,0.04670000076293945,0.04670000076293945,0.006577253341674805,True,,,2,bfdfd54ec24343779439e85c7baed245,2020-11-13_08-45-29,1605257129,65.30163526535034,169413,thetagpu13,140.221.68.23,65.30163526535034,0,2,"4_batch_size=414,dropout=0.81059,epochs=35,learning_rate=0.043125",0.043125073786890546,0.8105893164378783,35,414
6c7bb050,0.04670000076293945,0.04670000076293945,0.00838017463684082,True,,,2,46b838bc68484343bf66a21b67e0599b,2020-11-13_08-44-56,1605257096,32.844903230667114,169441,thetagpu13,140.221.68.23,32.844903230667114,0,2,"5_batch_size=307,dropout=0.48889,epochs=11,learning_rate=0.061254",0.06125382871427541,0.4888916466406327,11,307
6c7de23a,0.04670000076293945,0.04670000076293945,0.0066072940826416016,True,,,2,3787481ec5ea4f4b853975cbaa1b6669,2020-11-13_08-44-52,1605257092,28.73604941368103,169530,thetagpu13,140.221.68.23,28.73604941368103,0,2,"6_batch_size=496,dropout=0.53548,epochs=12,learning_rate=0.068517",0.06851690579548803,0.5354792488607373,12,496
6c7fd96e,0.04670000076293945,0.04670000076293945,0.007349967956542969,True,,,2,95c7c07a9f224ffdb4be3a9a2df69a04,2020-11-13_08-45-29,1605257129,64.99735474586487,169514,thetagpu13,140.221.68.23,64.99735474586487,0,2,"7_batch_size=431,dropout=0.81838,epochs=33,learning_rate=0.092431",0.09243059890596722,0.8183770548996856,33,431
6c81d6d8,0.04670000076293945,0.04670000076293945,0.00711512565612793,True,,,2,56c1aa6d506b45e2a5cd539b3ca829f8,2020-11-13_08-45-50,1605257150,85.89723038673401,169544,thetagpu13,140.221.68.23,85.89723038673401,0,2,"8_batch_size=435,dropout=0.56061,epochs=42,learning_rate=0.077786",0.0777860433083834,0.560614507547503,42,435
6c83caba,0.04670000076293945,0.04670000076293945,0.006438016891479492,True,,,2,5fc325c7cd76492aaf7e56e780e867d4,2020-11-13_08-46-21,1605257181,87.33674025535583,169538,thetagpu13,140.221.68.23,87.33674025535583,0,2,"9_batch_size=261,dropout=0.88762,epochs=46,learning_rate=0.086766",0.08676575980877399,0.8876204397956293,46,261
7e849a0a,0.04670000076293945,0.04670000076293945,0.007061004638671875,True,,,2,84085611efb143449503ba40810330c8,2020-11-13_08-45-53,1605257153,57.85310912132263,169406,thetagpu13,140.221.68.23,57.85310912132263,0,2,"10_batch_size=464,dropout=0.55777,epochs=30,learning_rate=0.096656",0.09665619720757648,0.5577732331199398,30,464
b52d4412,0.04670000076293945,0.04670000076293945,0.006678581237792969,True,,,2,d8dc95f7a44945ab9a2173474e3af5f7,2020-11-13_08-48-21,1605257301,114.88133955001831,169521,thetagpu13,140.221.68.23,114.88133955001831,0,2,"1_batch_size=277,dropout=0.47815,epochs=59,learning_rate=0.019173",0.01917346239435855,0.4781493203712503,59,277
b532e93a,0.04670000076293945,0.04670000076293945,0.007880210876464844,True,,,2,71b822742732493caf83b4582f4c6aaa,2020-11-13_08-47-09,1605257229,43.27281904220581,169532,thetagpu13,140.221.68.23,43.27281904220581,0,2,"2_batch_size=250,dropout=0.74352,epochs=19,learning_rate=0.0072232",0.00722322046834248,0.7435219161231297,19,250
b534fa5e,0.04670000076293945,0.04670000076293945,0.00681614875793457,True,,,2,d41b6a8c99ce429492ec77377825d43f,2020-11-13_08-47-47,1605257267,81.24490737915039,169429,thetagpu13,140.221.68.23,81.24490737915039,0,2,"3_batch_size=329,dropout=0.585,epochs=37,learning_rate=0.016703",0.01670253368898645,0.5849987741411862,37,329
b536d504,0.04670000076293945,0.04670000076293945,0.006834745407104492,True,,,2,1583884119b746a29d37e0543db0f186,2020-11-13_08-48-20,1605257300,114.22848582267761,169393,thetagpu13,140.221.68.23,114.22848582267761,0,2,"4_batch_size=456,dropout=0.64192,epochs=61,learning_rate=0.016847",0.016847402889428827,0.6419153474097206,61,456
b538dd04,0.04670000076293945,0.04670000076293945,0.008066177368164062,True,,,2,834c5e394d9345df8bac4d5bc9930301,2020-11-13_08-46-56,1605257216,30.264869213104248,169529,thetagpu13,140.221.68.23,30.264869213104248,0,2,"5_batch_size=331,dropout=0.66932,epochs=12,learning_rate=0.020016",0.02001566646192988,0.6693191068222258,12,331
b53af0f8,0.04670000076293945,0.04670000076293945,0.007401227951049805,True,,,2,049e70c4b5ec4c54aac26e805338c7e3,2020-11-13_08-47-45,1605257265,79.16062378883362,169404,thetagpu13,140.221.68.23,79.16062378883362,0,2,"6_batch_size=425,dropout=0.55872,epochs=42,learning_rate=0.03042",0.03041994522730478,0.5587219139706016,42,425
b53d1c66,0.04670000076293945,0.04670000076293945,0.006272792816162109,True,,,2,8206a8dd9a944f3cb9aac423b9ed245f,2020-11-13_08-46-59,1605257219,33.352351665496826,169408,thetagpu13,140.221.68.23,33.352351665496826,0,2,"7_batch_size=285,dropout=0.57874,epochs=15,learning_rate=0.0066215",0.006621538231292633,0.5787372817097206,15,285
b53f58c8,0.04670000076293945,0.04670000076293945,0.010271787643432617,True,,,2,6ec82920ac494cd8b565be8cfcc00593,2020-11-13_08-47-07,1605257227,41.05634951591492,169540,thetagpu13,140.221.68.23,41.05634951591492,0,2,"8_batch_size=346,dropout=0.46317,epochs=16,learning_rate=0.055213",0.055212638984083795,0.4631655530795203,16,346
b541ab1e,0.04670000076293945,0.04670000076293945,0.0069048404693603516,True,,,2,6a49266454744705b67392afdd63c950,2020-11-13_08-48-09,1605257289,69.64091444015503,169409,thetagpu13,140.221.68.23,69.64091444015503,0,2,"9_batch_size=207,dropout=0.81438,epochs=35,learning_rate=0.033685",0.03368464050304956,0.8143762985712029,35,207
c922cb36,0.04670000076293945,0.04670000076293945,0.006571292877197266,True,,,2,dbd6ff07721d40f881c478b4568cdccd,2020-11-13_08-48-11,1605257291,68.84631419181824,169525,thetagpu13,140.221.68.23,68.84631419181824,0,2,"10_batch_size=212,dropout=0.56916,epochs=34,learning_rate=0.043604",0.043603557850132674,0.5691593357754742,34,212
fbcc2636,0.04670000076293945,0.04670000076293945,0.007277488708496094,True,,,2,c9b91c50bf374de2a02cecd80777255d,2020-11-13_08-49-34,1605257374,70.01163673400879,169410,thetagpu13,140.221.68.23,70.01163673400879,0,2,"1_batch_size=198,dropout=0.24074,epochs=28,learning_rate=0.055247",0.05524698986601545,0.24074464160052553,28,198
fbd165b0,0.04670000076293945,0.04670000076293945,0.007869720458984375,True,,,2,cd40d46621e74354817cc7b96713d977,2020-11-13_08-49-26,1605257366,62.097163915634155,169539,thetagpu13,140.221.68.23,62.097163915634155,0,2,"2_batch_size=341,dropout=0.24067,epochs=30,learning_rate=0.079163",0.07916305879846336,0.24067168012794893,30,341
fbd38430,0.04670000076293945,0.04670000076293945,0.012410163879394531,True,,,2,64faf053babc4037ae3db3c89ce41260,2020-11-13_08-49-08,1605257348,44.073575496673584,169377,thetagpu13,140.221.68.23,44.073575496673584,0,2,"3_batch_size=496,dropout=0.23109,epochs=21,learning_rate=0.085139",0.08513875656166067,0.23109134841651893,21,496
fbd58258,0.04670000076293945,0.04670000076293945,0.00780940055847168,True,,,2,68e749fc90ba4e6d9c1f53431957f78d,2020-11-13_08-50-25,1605257425,120.7263355255127,169603,thetagpu13,140.221.68.23,120.7263355255127,0,2,"4_batch_size=482,dropout=0.4007,epochs=65,learning_rate=0.09024",0.09024036976854902,0.40070277307260926,65,482
fbd9b8be,0.04670000076293945,0.04670000076293945,0.006703376770019531,True,,,2,9c23e80c02df4fcbb0abd53b24214025,2020-11-13_08-49-55,1605257395,90.4347026348114,169612,thetagpu13,140.221.68.23,90.4347026348114,0,2,"5_batch_size=447,dropout=0.51224,epochs=46,learning_rate=0.054532",0.054531518214321006,0.5122395499965571,46,447
fbdbe42c,0.04670000076293945,0.04670000076293945,0.006716251373291016,True,,,2,7d3f705c4ffa45ffa4e866f655bbb55f,2020-11-13_08-49-37,1605257377,72.68641328811646,169523,thetagpu13,140.221.68.23,72.68641328811646,0,2,"6_batch_size=384,dropout=0.45379,epochs=36,learning_rate=0.06395",0.06394963318949384,0.45378982144622465,36,384
fbde2dfe,0.04670000076293945,0.04670000076293945,0.007880449295043945,True,,,2,29d4acdcef4c4ffda4118a2ef1e4e9f3,2020-11-13_08-49-24,1605257364,59.78005075454712,169489,thetagpu13,140.221.68.23,59.78005075454712,0,2,"7_batch_size=199,dropout=0.29055,epochs=26,learning_rate=0.096498",0.09649835680699001,0.29055335161925716,26,199
fbe0d13a,0.04670000076293945,0.04670000076293945,0.01022195816040039,True,,,2,2923405ca8ce43d1bcdb39b5cb5c1439,2020-11-13_08-49-52,1605257392,87.68706393241882,169589,thetagpu13,140.221.68.23,87.68706393241882,0,2,"8_batch_size=290,dropout=0.59875,epochs=45,learning_rate=0.072683",0.07268273477132209,0.5987524779812317,45,290
fbe366a2,0.04670000076293945,0.04670000076293945,0.006545543670654297,True,,,2,ba05dfa134244244979db74fbdae1bd1,2020-11-13_08-50-18,1605257418,67.0776298046112,169504,thetagpu13,140.221.68.23,67.0776298046112,0,2,"9_batch_size=247,dropout=0.24076,epochs=34,learning_rate=0.074115",0.07411457155494858,0.24075544410119132,34,247
17daa2f8,0.04670000076293945,0.04670000076293945,0.00738525390625,True,,,2,607439cf3aac4946aef16f0d6b2b2679,2020-11-13_08-51-05,1605257465,98.2288887500763,169478,thetagpu13,140.221.68.23,98.2288887500763,0,2,"10_batch_size=323,dropout=0.35933,epochs=55,learning_rate=0.07564",0.0756402933225108,0.35932928437610756,55,323
5dc53800,0.04670000076293945,0.04670000076293945,0.008429527282714844,True,,,2,60a96b0a81f94f64a630ba5922bbdc0c,2020-11-13_08-52-08,1605257528,59.88765025138855,169541,thetagpu13,140.221.68.23,59.88765025138855,0,2,"1_batch_size=349,dropout=0.31707,epochs=29,learning_rate=0.061573",0.061573437666390785,0.3170682030867253,29,349
5dcafc54,0.04670000076293945,0.04670000076293945,0.010145187377929688,True,,,2,ee827789b61044bf9ad0528f82b0aed7,2020-11-13_08-51-41,1605257501,32.97934103012085,169510,thetagpu13,140.221.68.23,32.97934103012085,0,2,"2_batch_size=286,dropout=0.60278,epochs=13,learning_rate=0.0066748",0.00667482399154943,0.602777222352227,13,286
5dccfde2,0.04670000076293945,0.04670000076293945,0.007129669189453125,True,,,2,0e346d1f84f446fca54435cb7a9dcd6d,2020-11-13_08-53-07,1605257587,118.1651394367218,169500,thetagpu13,140.221.68.23,118.1651394367218,0,2,"3_batch_size=478,dropout=0.53468,epochs=63,learning_rate=0.061903",0.06190280334240918,0.5346775378010873,63,478
5dcedb26,0.04670000076293945,0.04670000076293945,0.007822275161743164,True,,,2,2c7c908469ae43348f125561481ed548,2020-11-13_08-52-57,1605257577,108.06763577461243,169595,thetagpu13,140.221.68.23,108.06763577461243,0,2,"4_batch_size=273,dropout=0.38205,epochs=60,learning_rate=0.058039",0.05803902955346499,0.38205375781672907,60,273
5dd1019e,0.04670000076293945,0.04670000076293945,0.0076525211334228516,True,,,2,eca6b1f6704e43c493442e83c4251e2e,2020-11-13_08-52-25,1605257545,76.83970260620117,169527,thetagpu13,140.221.68.23,76.83970260620117,0,2,"5_batch_size=213,dropout=0.52018,epochs=31,learning_rate=0.013952",0.013951930134930833,0.5201846677832822,31,213
5dd30714,0.04670000076293945,0.04670000076293945,0.008575439453125,True,,,2,5110e68055ce4608997222782b2159cc,2020-11-13_08-52-01,1605257521,51.97333383560181,169505,thetagpu13,140.221.68.23,51.97333383560181,0,2,"6_batch_size=385,dropout=0.2328,epochs=23,learning_rate=0.048134",0.048133637447836435,0.23279988280673647,23,385
5dd58264,0.04670000076293945,0.04670000076293945,0.008156299591064453,True,,,2,96a8ba987ae949a3807815399c82dd64,2020-11-13_08-52-40,1605257560,91.8431830406189,169416,thetagpu13,140.221.68.23,91.8431830406189,0,2,"7_batch_size=372,dropout=0.20225,epochs=41,learning_rate=0.056018",0.05601761225909824,0.20224741367123422,41,372
5dd7c8a8,0.04670000076293945,0.04670000076293945,0.007944583892822266,True,,,2,33193855e4074c29af5efb1b4b503bf4,2020-11-13_08-52-37,1605257557,87.9562599658966,169436,thetagpu13,140.221.68.23,87.9562599658966,0,2,"8_batch_size=320,dropout=0.27817,epochs=43,learning_rate=0.035416",0.035415704353546025,0.2781688410128508,43,320
5dd9b9e2,0.04670000076293945,0.04670000076293945,0.006684780120849609,True,,,2,0a1825a0cfff41a692dd7a1010937119,2020-11-13_08-53-05,1605257585,80.34591269493103,169338,thetagpu13,140.221.68.23,80.34591269493103,0,2,"9_batch_size=394,dropout=0.32576,epochs=42,learning_rate=0.039024",0.03902387500027618,0.3257630847251231,42,394
7350e890,0.04670000076293945,0.04670000076293945,0.006360530853271484,True,,,2,be72d02c0bb64d18bc2dd867a6c89b0e,2020-11-13_08-53-33,1605257613,89.53096103668213,169561,thetagpu13,140.221.68.23,89.53096103668213,0,2,"10_batch_size=434,dropout=0.22454,epochs=48,learning_rate=0.044217",0.04421738008818856,0.22453728201611345,48,434
b605e7a8,0.04670000076293945,0.04670000076293945,0.008658647537231445,True,,,2,5f0a141278a44b41b63f348fba2677c6,2020-11-13_08-57-34,1605257854,237.21834564208984,169502,thetagpu13,140.221.68.23,237.21834564208984,0,2,"1_batch_size=144,dropout=0.5701,epochs=97,learning_rate=0.062956",0.06295552468410351,0.5701002231326353,97,144
b60b358c,0.04670000076293945,0.04670000076293945,0.008062601089477539,True,,,2,cfafcd17fb654cc38f245deae77cf059,2020-11-13_08-57-14,1605257834,217.03210949897766,169508,thetagpu13,140.221.68.23,217.03210949897766,0,2,"2_batch_size=150,dropout=0.6077,epochs=97,learning_rate=0.054309",0.054308757248265456,0.6077005287172854,97,150
b60d5768,0.04670000076293945,0.04670000076293945,0.006470203399658203,True,,,2,cc6a809f210b4025a336cab5c9acac2f,2020-11-13_08-59-32,1605257972,355.0937993526459,169524,thetagpu13,140.221.68.23,355.0937993526459,0,2,"3_batch_size=80,dropout=0.61767,epochs=100,learning_rate=0.097943",0.09794257609922158,0.6176680316043253,100,80
b60f82d6,0.04670000076293945,0.04670000076293945,0.008977413177490234,True,,,2,42d74fec465543c2bf4ffaa6ad499d96,2020-11-13_08-56-04,1605257764,147.0658130645752,169588,thetagpu13,140.221.68.23,147.0658130645752,0,2,"4_batch_size=266,dropout=0.52583,epochs=81,learning_rate=0.074432",0.07443191364230872,0.525831954156313,81,266
b6116560,0.04670000076293945,0.04670000076293945,0.007608890533447266,True,,,2,e84002d8d10341129c8bb2dd7ae234ba,2020-11-13_08-56-37,1605257797,180.03047394752502,169388,thetagpu13,140.221.68.23,180.03047394752502,0,2,"5_batch_size=287,dropout=0.8571,epochs=98,learning_rate=0.068978",0.06897809592515372,0.8570958219668381,98,287
b61331ce,0.04670000076293945,0.04670000076293945,0.009673833847045898,True,,,2,7a7341e41b004f2a90208aef851276f3,2020-11-13_08-59-00,1605257940,323.1702210903168,169575,thetagpu13,140.221.68.23,323.1702210903168,0,2,"6_batch_size=42,dropout=0.47335,epochs=53,learning_rate=0.050139",0.050139011896138216,0.47335241412800627,53,42
b6150f76,0.04670000076293945,0.04670000076293945,0.0077457427978515625,True,,,2,134530d914ab4a429e98abf1f82de3ad,2020-11-13_08-56-31,1605257791,174.67259526252747,169450,thetagpu13,140.221.68.23,174.67259526252747,0,2,"7_batch_size=261,dropout=0.80603,epochs=86,learning_rate=0.066741",0.06674102173621448,0.8060340399390815,86,261
b6172806,0.04670000076293945,0.04670000076293945,0.008202791213989258,True,,,2,4e4bba1705944eedad86f66368899eb0,2020-11-13_09-01-16,1605258076,459.4418902397156,169517,thetagpu13,140.221.68.23,459.4418902397156,0,2,"8_batch_size=46,dropout=0.71027,epochs=82,learning_rate=0.072076",0.07207632043675563,0.7102742530005486,82,46
b6192034,0.04670000076293945,0.04670000076293945,0.007145881652832031,True,,,2,a2ce809db8c847d9b28d464672342652,2020-11-13_08-58-41,1605257921,154.09325218200684,169545,thetagpu13,140.221.68.23,154.09325218200684,0,2,"9_batch_size=203,dropout=0.50319,epochs=83,learning_rate=0.094904",0.09490381009069224,0.5031878734031998,83,203
0f86e52a,0.04670000076293945,0.04670000076293945,0.007851600646972656,True,,,2,24f6f6b772d542538d0cd521133a66ad,2020-11-13_09-01-37,1605258097,303.36768770217896,169513,thetagpu13,140.221.68.23,303.36768770217896,0,2,"10_batch_size=103,dropout=0.49485,epochs=99,learning_rate=0.089926",0.0899259975828656,0.4948474090018895,99,103
d6c31406,0.04670000076293945,0.04670000076293945,0.00827336311340332,True,,,2,f8153b04b9aa412c860984180729627e,2020-11-13_09-03-46,1605258226,125.26828455924988,169560,thetagpu13,140.221.68.23,125.26828455924988,0,2,"1_batch_size=285,dropout=0.64773,epochs=63,learning_rate=0.023064",0.023063613683415158,0.6477348778263322,63,285
d6c85380,0.04670000076293945,0.04670000076293945,0.0067331790924072266,True,,,2,9ffce5f16c6b4354b1e513e4db4332fb,2020-11-13_09-04-52,1605258292,190.77845454216003,169422,thetagpu13,140.221.68.23,190.77845454216003,0,2,"2_batch_size=79,dropout=0.64303,epochs=47,learning_rate=0.034444",0.034443562865604,0.6430316520007893,47,79
d6ca2674,0.04670000076293945,0.04670000076293945,0.007388591766357422,True,,,2,bfdb8cf47f2b421b8b723baa459d5f79,2020-11-13_09-04-20,1605258260,158.8909182548523,169411,thetagpu13,140.221.68.23,158.8909182548523,0,2,"3_batch_size=86,dropout=0.48621,epochs=45,learning_rate=0.017387",0.017387212364157183,0.4862052718359345,45,86
d6cbcc7c,0.04670000076293945,0.04670000076293945,0.007264137268066406,True,,,2,c4179b288bb74c24b691073cff190c9a,2020-11-13_09-03-59,1605258239,138.02227210998535,169417,thetagpu13,140.221.68.23,138.02227210998535,0,2,"4_batch_size=189,dropout=0.89861,epochs=61,learning_rate=0.032703",0.0327030262905175,0.8986125925327424,61,189
d6cdc66c,0.04670000076293945,0.04670000076293945,0.0067005157470703125,True,,,2,d089c6d8b0d7412d8cb6f85b7b79a0f0,2020-11-13_09-03-47,1605258227,125.78270149230957,169397,thetagpu13,140.221.68.23,125.78270149230957,0,2,"5_batch_size=206,dropout=0.69838,epochs=61,learning_rate=0.010489",0.010488776326664237,0.6983810124922188,61,206
d6cf822c,0.04670000076293945,0.04670000076293945,0.0072667598724365234,True,,,2,ca6a615901494b2cbab25cd9f0b94f0b,2020-11-13_09-04-43,1605258283,181.99765467643738,169425,thetagpu13,140.221.68.23,181.99765467643738,0,2,"6_batch_size=308,dropout=0.8013,epochs=93,learning_rate=0.013998",0.01399849306342226,0.8012995159572285,93,308
d6d17618,0.04670000076293945,0.04670000076293945,0.008131027221679688,True,,,2,73d8bde7a85f4a8baa381da588c279a3,2020-11-13_09-04-47,1605258287,185.78529930114746,169537,thetagpu13,140.221.68.23,185.78529930114746,0,2,"7_batch_size=191,dropout=0.59947,epochs=88,learning_rate=0.061792",0.06179235466772253,0.599467396175775,88,191
d6d41940,0.04670000076293945,0.04670000076293945,0.006325483322143555,True,,,2,5f12e5000d4a4fcd8d25dda4920d174c,2020-11-13_09-03-59,1605258239,138.02525186538696,169399,thetagpu13,140.221.68.23,138.02525186538696,0,2,"8_batch_size=314,dropout=0.6577,epochs=81,learning_rate=0.036304",0.03630382129404408,0.6576987012477988,81,314
d6d5ea04,0.04670000076293945,0.04670000076293945,0.008075714111328125,True,,,2,b40f549698bb403f91e4a4cd6f813ef9,2020-11-13_09-06-09,1605258369,139.7315809726715,169434,thetagpu13,140.221.68.23,139.7315809726715,0,2,"9_batch_size=251,dropout=0.53057,epochs=75,learning_rate=0.030494",0.030494492946268742,0.5305688752789877,75,251
2333f17a,0.04670000076293945,0.04670000076293945,0.008354425430297852,True,,,2,da5b0d03e49049cdb5453b0d99f62efb,2020-11-13_09-06-41,1605258401,171.63781189918518,169381,thetagpu13,140.221.68.23,171.63781189918518,0,2,"10_batch_size=153,dropout=0.55462,epochs=80,learning_rate=0.015846",0.015846027270767588,0.5546153927311224,80,153
8bdd3c90,0.04670000076293945,0.04670000076293945,0.008020639419555664,True,,,2,8d6b2f280dea4e6b903cc15d41f16e13,2020-11-13_09-13-34,1605258814,408.66561126708984,169400,thetagpu13,140.221.68.23,408.66561126708984,0,2,"1_batch_size=59,dropout=0.61985,epochs=92,learning_rate=0.063608",0.06360767554426562,0.6198502293995762,92,59
8be404c6,0.04670000076293945,0.04670000076293945,0.009971380233764648,True,,,2,fc1a8f0c13be460c891d0a0c8541177c,2020-11-13_09-09-35,1605258575,169.66418838500977,169531,thetagpu13,140.221.68.23,169.66418838500977,0,2,"2_batch_size=184,dropout=0.45968,epochs=79,learning_rate=0.090926",0.0909262358588564,0.4596837636103262,79,184
8be5f6d2,0.04670000076293945,0.04670000076293945,0.006680011749267578,True,,,2,411dd247b9994464959332e1267441e2,2020-11-13_09-08-59,1605258539,133.21754598617554,169591,thetagpu13,140.221.68.23,133.21754598617554,0,2,"3_batch_size=293,dropout=0.47331,epochs=71,learning_rate=0.049595",0.04959461403608265,0.47330638112797935,71,293
8be7c412,0.04670000076293945,0.04670000076293945,0.008493661880493164,True,,,2,4f43de868666449b8e5dbc000ede8814,2020-11-13_09-09-21,1605258561,155.1945676803589,169317,thetagpu13,140.221.68.23,155.1945676803589,0,2,"4_batch_size=175,dropout=0.50423,epochs=74,learning_rate=0.073889",0.07388910416207779,0.5042343510205878,74,175
8be9945e,0.04670000076293945,0.04670000076293945,0.007933855056762695,True,,,2,2c267310f481497e8576a36f3dd9c1b6,2020-11-13_09-08-43,1605258523,117.6508674621582,169298,thetagpu13,140.221.68.23,117.6508674621582,0,2,"5_batch_size=223,dropout=0.61624,epochs=59,learning_rate=0.08521",0.08520992208029707,0.6162446595110297,59,223
8bebf208,0.04670000076293945,0.04670000076293945,0.0077016353607177734,True,,,2,9a544c719c054cf0b195f5d5bdff4496,2020-11-13_09-09-55,1605258595,189.1003749370575,169572,thetagpu13,140.221.68.23,189.1003749370575,0,2,"6_batch_size=238,dropout=0.29275,epochs=97,learning_rate=0.043837",0.04383670151260165,0.292747605443988,97,238
8bedcb1e,0.04670000076293945,0.04670000076293945,0.008335351943969727,True,,,2,fe3254a0033544b8a69a1cc89b0fe708,2020-11-13_09-08-53,1605258533,126.97353434562683,169395,thetagpu13,140.221.68.23,126.97353434562683,0,2,"7_batch_size=185,dropout=0.49944,epochs=55,learning_rate=0.080555",0.08055536212526242,0.499439309475424,55,185
8befa8e4,0.04670000076293945,0.04670000076293945,0.008385419845581055,True,,,2,37904ca382694269a3bf58c41c4399ae,2020-11-13_09-08-30,1605258510,104.87562799453735,169564,thetagpu13,140.221.68.23,104.87562799453735,0,2,"8_batch_size=210,dropout=0.21057,epochs=49,learning_rate=0.050699",0.050699052839201154,0.2105736361123916,49,210
8bf1d48e,0.04670000076293945,0.04670000076293945,0.007822751998901367,True,,,2,93c6b75b28ac41619e15f9df884a6a5f,2020-11-13_09-11-40,1605258700,187.0917489528656,169601,thetagpu13,140.221.68.23,187.0917489528656,0,2,"9_batch_size=173,dropout=0.60358,epochs=86,learning_rate=0.065057",0.06505717173998461,0.6035763012144064,86,173
ccaeb582,0.04670000076293945,0.04670000076293945,0.011127948760986328,True,,,2,e1df1246e1704edb922bd19a17a63979,2020-11-13_09-12-15,1605258735,209.08961844444275,169332,thetagpu13,140.221.68.23,209.08961844444275,0,2,"10_batch_size=148,dropout=0.59819,epochs=93,learning_rate=0.08878",0.08877976310022682,0.598193805302037,93,148
81e4c22a,0.04670000076293945,0.04670000076293945,0.007098197937011719,True,,,2,f032b5cc9b0b47e0a423563bd23ad367,2020-11-13_09-23-28,1605259408,590.6383867263794,169396,thetagpu13,140.221.68.23,590.6383867263794,0,2,"1_batch_size=20,dropout=0.57754,epochs=54,learning_rate=0.033654",0.033653707800617064,0.5775391705816615,54,20
81f261fa,0.04670000076293945,0.04670000076293945,0.008870840072631836,True,,,2,22151d278bf34640b09d34d8d5c56ffe,2020-11-13_09-25-27,1605259527,709.2378425598145,169419,thetagpu13,140.221.68.23,709.2378425598145,0,2,"2_batch_size=19,dropout=0.61582,epochs=62,learning_rate=0.049777",0.04977729972154034,0.6158215959465145,62,19
81f44178,0.04670000076293945,0.04670000076293945,0.007489442825317383,True,,,2,2dd38c55b6b14c1a9339d7b0a48c4a63,2020-11-13_09-20-29,1605259229,411.4791750907898,169457,thetagpu13,140.221.68.23,411.4791750907898,0,2,"3_batch_size=47,dropout=0.51495,epochs=77,learning_rate=0.021493",0.02149266016945732,0.5149463643974915,77,47
81f64270,0.04670000076293945,0.04670000076293945,0.008775711059570312,True,,,2,0d182b2b19144346be8d7ec42fe9acd7,2020-11-13_09-17-28,1605259048,230.07540011405945,169597,thetagpu13,140.221.68.23,230.07540011405945,0,2,"4_batch_size=150,dropout=0.35151,epochs=99,learning_rate=0.035939",0.03593859883211929,0.3515122878392556,99,150
81f8162c,0.04670000076293945,0.04670000076293945,0.00852346420288086,True,,,2,8d3ba77f86c44693bd506e2ea97f728e,2020-11-13_09-16-46,1605259006,187.78699612617493,169384,thetagpu13,140.221.68.23,187.78699612617493,0,2,"5_batch_size=155,dropout=0.5729,epochs=87,learning_rate=0.010012",0.010012116209997262,0.5728967897930087,87,155
81fa02d4,0.04670000076293945,0.04670000076293945,0.007493734359741211,True,,,2,a5a17da173d141579da4577c622221ac,2020-11-13_09-15-57,1605258957,138.69766497612,169191,thetagpu13,140.221.68.23,138.69766497612,0,2,"6_batch_size=175,dropout=0.22855,epochs=66,learning_rate=0.027691",0.02769131867252976,0.22855287813956893,66,175
81fc193e,0.04670000076293945,0.04670000076293945,0.008241415023803711,True,,,2,0579fdd4c46d41cc91226cb2587d4f1c,2020-11-13_09-15-43,1605258943,125.5903000831604,169546,thetagpu13,140.221.68.23,125.5903000831604,0,2,"7_batch_size=184,dropout=0.52259,epochs=58,learning_rate=0.0081492",0.008149248239400617,0.5225945936155798,58,184
81fe141e,0.04670000076293945,0.04670000076293945,0.0073549747467041016,True,,,2,56aadce4aeb2404398e23f912aea1681,2020-11-13_09-20-50,1605259250,432.39024543762207,169228,thetagpu13,140.221.68.23,432.39024543762207,0,2,"8_batch_size=33,dropout=0.21881,epochs=58,learning_rate=0.042378",0.042377677219501746,0.21881026193925865,58,33
82000a08,0.04670000076293945,0.04670000076293945,0.0072174072265625,True,,,2,4fa0d4d6c6164497b9d6c21cdf540a8c,2020-11-13_09-18-28,1605259108,161.37634205818176,169582,thetagpu13,140.221.68.23,161.37634205818176,0,2,"9_batch_size=87,dropout=0.4625,epochs=49,learning_rate=0.054998",0.054997606823124795,0.4624984554667583,49,87
ceaf7e24,0.04670000076293945,0.04670000076293945,0.00790858268737793,True,,,2,f1f2d111f958470196811ac1587f9b36,2020-11-13_09-18-08,1605259088,128.52460622787476,169378,thetagpu13,140.221.68.23,128.52460622787476,0,2,"10_batch_size=187,dropout=0.49136,epochs=66,learning_rate=0.057384",0.057384327983859035,0.4913635312805353,66,187
2aa76308,0.04670000076293945,0.04670000076293945,0.006445646286010742,True,,,2,53a7a98ff81447a793656455af6b578f,2020-11-13_09-27-43,1605259663,132.62268209457397,169484,thetagpu13,140.221.68.23,132.62268209457397,0,2,"1_batch_size=121,dropout=0.80204,epochs=49,learning_rate=0.062838",0.06283849342962587,0.8020424702608364,49,121
2aac88d8,0.04670000076293945,0.04670000076293945,0.006668806076049805,True,,,2,9b9f3a5d65e6457abe31a89d912d9e4c,2020-11-13_09-26-59,1605259619,88.59538698196411,169403,thetagpu13,140.221.68.23,88.59538698196411,0,2,"2_batch_size=125,dropout=0.84917,epochs=32,learning_rate=0.043915",0.04391526819005978,0.8491715733273031,32,125
2aaf49ba,0.04670000076293945,0.04670000076293945,0.00734257698059082,True,,,2,94418d8a2611445a9e752eb22e12f349,2020-11-13_09-26-24,1605259584,53.24052667617798,169285,thetagpu13,140.221.68.23,53.24052667617798,0,2,"3_batch_size=84,dropout=0.811,epochs=14,learning_rate=0.056518",0.056518139386722614,0.811003371729974,14,84
2ab17bea,0.04670000076293945,0.04670000076293945,0.008186578750610352,True,,,2,90513bdc1a6549d4be5c3186eada1aed,2020-11-13_09-26-34,1605259594,63.658950090408325,169570,thetagpu13,140.221.68.23,63.658950090408325,0,2,"4_batch_size=51,dropout=0.75079,epochs=11,learning_rate=0.090973",0.09097267179504125,0.7507908946056381,11,51
2ab3c832,0.04670000076293945,0.04670000076293945,0.007198810577392578,True,,,2,0efd89eddff84227b4af9a1bf46efec7,2020-11-13_09-27-18,1605259638,107.91676998138428,169543,thetagpu13,140.221.68.23,107.91676998138428,0,2,"5_batch_size=85,dropout=0.83123,epochs=29,learning_rate=0.057514",0.05751432108171961,0.831232714452574,29,85
2ab66fc4,0.04670000076293945,0.04670000076293945,0.0066797733306884766,True,,,2,53b8f8d15b4244048d0ceed955a4d637,2020-11-13_09-27-50,1605259670,140.09258842468262,169218,thetagpu13,140.221.68.23,140.09258842468262,0,2,"6_batch_size=170,dropout=0.6032,epochs=62,learning_rate=0.095511",0.09551118258342423,0.6032016341341933,62,170
2ab8ce36,0.04670000076293945,0.04670000076293945,0.00770878791809082,True,,,2,448cb59ec6864b55bb010d471d95e66b,2020-11-13_09-27-10,1605259630,99.1845281124115,169519,thetagpu13,140.221.68.23,99.1845281124115,0,2,"7_batch_size=270,dropout=0.86604,epochs=54,learning_rate=0.082019",0.08201919747309393,0.8660356236087485,54,270
2abb1bbe,0.04670000076293945,0.04670000076293945,0.008279561996459961,True,,,2,bdc3b8b7c90049058e627d28ae33d92d,2020-11-13_09-26-32,1605259592,61.858893632888794,169506,thetagpu13,140.221.68.23,61.858893632888794,0,2,"8_batch_size=249,dropout=0.51324,epochs=29,learning_rate=0.062262",0.06226237497841507,0.5132447691666996,29,249
2abd1cca,0.04670000076293945,0.04670000076293945,0.00809478759765625,True,,,2,0b8c6f039284426f9e254c616f8b43f3,2020-11-13_09-27-35,1605259655,68.79909038543701,169362,thetagpu13,140.221.68.23,68.79909038543701,0,2,"9_batch_size=206,dropout=0.57812,epochs=33,learning_rate=0.093153",0.09315320742087717,0.5781200293779452,33,206
4c59623a,0.04670000076293945,0.04670000076293945,0.007080554962158203,True,,,2,978e90f3f1e44a54ab58dd2dcc4a117c,2020-11-13_09-27-47,1605259667,72.2449951171875,169387,thetagpu13,140.221.68.23,72.2449951171875,0,2,"10_batch_size=177,dropout=0.6081,epochs=30,learning_rate=0.060239",0.06023933499356911,0.6080998727385776,30,177
8037f454,0.04670000076293945,0.04670000076293945,0.008065938949584961,True,,,2,cb803051c7e544dfb391e43099d64ea9,2020-11-13_09-28-49,1605259729,55.213321685791016,169559,thetagpu13,140.221.68.23,55.213321685791016,0,2,"1_batch_size=147,dropout=0.72984,epochs=21,learning_rate=0.010409",0.010409289974006577,0.7298440205891891,21,147
803e7c02,0.04670000076293945,0.04670000076293945,0.008292675018310547,True,,,2,691a1ef190954479898df31526e42155,2020-11-13_09-30-17,1605259817,143.06390643119812,169446,thetagpu13,140.221.68.23,143.06390643119812,0,2,"2_batch_size=102,dropout=0.63568,epochs=40,learning_rate=0.058887",0.058886729927944075,0.6356794585061432,40,102
80409794,0.04670000076293945,0.04670000076293945,0.00808405876159668,True,,,2,16ce8034af8b4e8ebd07b8fda46c7768,2020-11-13_09-28-41,1605259721,47.192513942718506,169208,thetagpu13,140.221.68.23,47.192513942718506,0,2,"3_batch_size=262,dropout=0.48657,epochs=21,learning_rate=0.001745",0.0017450430516721188,0.48657423036819025,21,262
8042d220,0.04670000076293945,0.04670000076293945,0.007055521011352539,True,,,2,58fff733ff8648999bf395bc2b4b2fd4,2020-11-13_09-31-09,1605259869,195.39880871772766,169260,thetagpu13,140.221.68.23,195.39880871772766,0,2,"4_batch_size=80,dropout=0.83954,epochs=52,learning_rate=0.049212",0.049211535832111304,0.8395388878094381,52,80
8044dfc0,0.04670000076293945,0.04670000076293945,0.00742030143737793,True,,,2,0d38b4deee6141da8768addc3dbfd575,2020-11-13_09-29-47,1605259787,112.78817820549011,169385,thetagpu13,140.221.68.23,112.78817820549011,0,2,"5_batch_size=279,dropout=0.62098,epochs=59,learning_rate=0.020803",0.02080256370630599,0.620982813896652,59,279
804741d4,0.04670000076293945,0.04670000076293945,0.007146596908569336,True,,,2,8831c968442a48d5b9820f0099e0b083,2020-11-13_09-29-37,1605259777,103.52798628807068,169201,thetagpu13,140.221.68.23,103.52798628807068,0,2,"6_batch_size=221,dropout=0.53147,epochs=49,learning_rate=0.0047207",0.004720694829115361,0.531470425537465,49,221
80498df4,0.04670000076293945,0.04670000076293945,0.011765480041503906,True,,,2,f72d9efee2d547328c764513bb0aee55,2020-11-13_09-29-33,1605259773,98.69402933120728,169414,thetagpu13,140.221.68.23,98.69402933120728,0,2,"7_batch_size=275,dropout=0.49052,epochs=48,learning_rate=0.0060393",0.006039295976702024,0.49052068287693246,48,275
804b9b62,0.04670000076293945,0.04670000076293945,0.009191036224365234,True,,,2,cb8fa5dddada4f74b4f84a80cdddab20,2020-11-13_09-35-13,1605260113,439.24285984039307,169380,thetagpu13,140.221.68.23,439.24285984039307,0,2,"8_batch_size=29,dropout=0.49432,epochs=55,learning_rate=0.004443",0.004443011712712057,0.4943236443172085,55,29
804dbd3e,0.04670000076293945,0.04670000076293945,0.008556127548217773,True,,,2,d3b36b82d71b4bdc91d408ce62cf25a9,2020-11-13_09-31-56,1605259916,191.8674511909485,169173,thetagpu13,140.221.68.23,191.8674511909485,0,2,"9_batch_size=73,dropout=0.82465,epochs=51,learning_rate=0.021453",0.021453067179413532,0.8246538405758613,51,73
9e349c5a,0.04670000076293945,0.04670000076293945,0.009465456008911133,True,,,2,dcae5a580e274a04a3a118a7791cf4b5,2020-11-13_09-30-43,1605259843,111.3963394165039,169214,thetagpu13,140.221.68.23,111.3963394165039,0,2,"10_batch_size=157,dropout=0.69193,epochs=48,learning_rate=0.033396",0.03339585299204657,0.6919295975737384,48,157
8824ad00,0.04670000076293945,0.04670000076293945,0.006310701370239258,True,,,2,7d79106c29124e3fb00ddfc916a8b18f,2020-11-13_09-36-15,1605260175,58.38992977142334,169534,thetagpu13,140.221.68.23,58.38992977142334,0,2,"1_batch_size=291,dropout=0.57233,epochs=29,learning_rate=0.067031",0.0670305884734735,0.5723335104061084,29,291
8829c290,0.04670000076293945,0.04670000076293945,0.007298469543457031,True,,,2,532392a054034d7d9f453ba852c2726c,2020-11-13_09-35-46,1605260146,29.70880961418152,169311,thetagpu13,140.221.68.23,29.70880961418152,0,2,"2_batch_size=274,dropout=0.56981,epochs=12,learning_rate=0.085369",0.08536858938293973,0.5698078758336081,12,274
882baf6a,0.04670000076293945,0.04670000076293945,0.0072247982025146484,True,,,2,d8cf17f4f1fe405cb27ea39efb7f9fdd,2020-11-13_09-35-50,1605260150,33.79650330543518,169452,thetagpu13,140.221.68.23,33.79650330543518,0,2,"3_batch_size=306,dropout=0.46807,epochs=14,learning_rate=0.048479",0.04847918820371111,0.4680705598018217,14,306
882f1a6a,0.04670000076293945,0.04670000076293945,0.006307125091552734,True,,,2,5519466dcbdb48f3b56b9b2e9689ea8b,2020-11-13_09-36-41,1605260201,84.3739161491394,169160,thetagpu13,140.221.68.23,84.3739161491394,0,2,"4_batch_size=124,dropout=0.52608,epochs=29,learning_rate=0.040286",0.040286411734201874,0.5260761939190319,29,124
88313796,0.04670000076293945,0.04670000076293945,0.007429599761962891,True,,,2,92f6f4e67d314bc9a25982b7eb02ed33,2020-11-13_09-37-04,1605260224,107.44213104248047,169512,thetagpu13,140.221.68.23,107.44213104248047,0,2,"5_batch_size=226,dropout=0.58312,epochs=58,learning_rate=0.08044",0.0804396722571433,0.5831234472735258,58,226
88336cd2,0.04670000076293945,0.04670000076293945,0.0072782039642333984,True,,,2,aa5682edd2ed4506b9ab1de9193b4a00,2020-11-13_09-36-29,1605260189,72.79968404769897,169367,thetagpu13,140.221.68.23,72.79968404769897,0,2,"6_batch_size=141,dropout=0.41961,epochs=26,learning_rate=0.085019",0.08501931898555631,0.41960828504080666,26,141
883588c8,0.04670000076293945,0.04670000076293945,0.006961822509765625,True,,,2,1bed32d58ce24b4bbaafaaf8cc4a955d,2020-11-13_09-37-00,1605260220,103.10364389419556,169154,thetagpu13,140.221.68.23,103.10364389419556,0,2,"7_batch_size=225,dropout=0.41905,epochs=50,learning_rate=0.058488",0.05848830947967039,0.4190488936718158,50,225
88379eb0,0.04670000076293945,0.04670000076293945,0.008363485336303711,True,,,2,92560cab40cb484d9a058f110dc1c161,2020-11-13_09-36-15,1605260175,57.81387972831726,169536,thetagpu13,140.221.68.23,57.81387972831726,0,2,"8_batch_size=66,dropout=0.4329,epochs=13,learning_rate=0.073029",0.07302852968210431,0.43290296596038463,13,66
8839c032,0.04670000076293945,0.04670000076293945,0.00773930549621582,True,,,2,c21d3814f9f442a3aa3ce644232cb382,2020-11-13_09-36-55,1605260215,65.9101915359497,169509,thetagpu13,140.221.68.23,65.9101915359497,0,2,"9_batch_size=219,dropout=0.31924,epochs=33,learning_rate=0.040384",0.04038367837679121,0.31924401158256516,33,219
9bab08d8,0.04670000076293945,0.04670000076293945,0.006952047348022461,True,,,2,b5536eca6a8c44929da72904d673ce26,2020-11-13_09-36-36,1605260196,43.09924674034119,169488,thetagpu13,140.221.68.23,43.09924674034119,0,2,"10_batch_size=206,dropout=0.37612,epochs=19,learning_rate=0.075879",0.0758790441478317,0.37612263114654676,19,206
ca7e3400,0.04670000076293945,0.04670000076293945,0.009576797485351562,True,,,2,e1a597f17c8c4755acb743b9e58f3d7d,2020-11-13_09-38-09,1605260289,61.3665611743927,169135,thetagpu13,140.221.68.23,61.3665611743927,0,2,"1_batch_size=191,dropout=0.53255,epochs=25,learning_rate=0.025462",0.02546188980759962,0.5325497328878056,25,191
ca92eddc,0.04670000076293945,0.04670000076293945,0.007760047912597656,True,,,2,ee57c49e5a5d4352810b10af94f96f50,2020-11-13_09-38-16,1605260296,68.18157505989075,169345,thetagpu13,140.221.68.23,68.18157505989075,0,2,"2_batch_size=126,dropout=0.27048,epochs=22,learning_rate=0.022779",0.022778568473687866,0.27048396637963446,22,126
ca94ede4,0.04670000076293945,0.04670000076293945,0.008801937103271484,True,,,2,457ff989e66845e782d40553244d4588,2020-11-13_09-38-13,1605260293,65.49170351028442,169291,thetagpu13,140.221.68.23,65.49170351028442,0,2,"3_batch_size=252,dropout=0.54526,epochs=30,learning_rate=0.0036416",0.003641634202172922,0.545256291724971,30,252
ca968492,0.04670000076293945,0.04670000076293945,0.006204843521118164,True,,,2,d418df4533324d9eb2b684a3e570129f,2020-11-13_09-38-42,1605260322,94.48059225082397,169277,thetagpu13,140.221.68.23,94.48059225082397,0,2,"4_batch_size=145,dropout=0.60696,epochs=35,learning_rate=0.0047326",0.004732556096633124,0.606961146160169,35,145
ca983f30,0.04670000076293945,0.04670000076293945,0.007277250289916992,True,,,2,6ce6171afc0a4fedb18e2b66a397cc32,2020-11-13_09-38-40,1605260320,91.54177784919739,169528,thetagpu13,140.221.68.23,91.54177784919739,0,2,"5_batch_size=75,dropout=0.37276,epochs=24,learning_rate=0.054945",0.054944864969388954,0.37275869598153905,24,75
ca9a1490,0.04670000076293945,0.04670000076293945,0.00746607780456543,True,,,2,406f01e4a5754245aacbb254a4aa9d11,2020-11-13_09-38-52,1605260332,103.86574363708496,169276,thetagpu13,140.221.68.23,103.86574363708496,0,2,"6_batch_size=267,dropout=0.34044,epochs=54,learning_rate=0.042305",0.04230539698522615,0.3404350526769334,54,267
ca9c46fc,0.04670000076293945,0.04670000076293945,0.007199525833129883,True,,,2,1ce8d42a41214b8f9394ba7684303f20,2020-11-13_09-38-22,1605260302,73.52462530136108,169516,thetagpu13,140.221.68.23,73.52462530136108,0,2,"7_batch_size=313,dropout=0.2458,epochs=36,learning_rate=0.0038199",0.0038198989606376505,0.2458024993960605,36,313
ca9e7be8,0.04670000076293945,0.04670000076293945,0.006611347198486328,True,,,2,57cce2c7e07441a996503a1e1aab9de9,2020-11-13_09-38-58,1605260338,110.2227258682251,169391,thetagpu13,140.221.68.23,110.2227258682251,0,2,"8_batch_size=209,dropout=0.2494,epochs=52,learning_rate=0.0046891",0.00468906398748492,0.24940278742078126,52,209
caa084ec,0.04670000076293945,0.04670000076293945,0.006615161895751953,True,,,2,feff1b189ac3441496794c752efe9139,2020-11-13_09-40-23,1605260423,130.80462741851807,169175,thetagpu13,140.221.68.23,130.80462741851807,0,2,"9_batch_size=141,dropout=0.20384,epochs=52,learning_rate=0.052967",0.05296726313920517,0.20384346064509268,52,141
f0f2f1fc,0.04670000076293945,0.04670000076293945,0.007838964462280273,True,,,2,4e6de0446f884969b40caaa1f008d44d,2020-11-13_09-40-08,1605260408,111.91104412078857,169501,thetagpu13,140.221.68.23,111.91104412078857,0,2,"10_batch_size=263,dropout=0.62562,epochs=63,learning_rate=0.053328",0.053328382194950945,0.6256220483590968,63,263
