trial_id,robust_acc,time_this_iter_s,done,timesteps_total,episodes_total,training_iteration,experiment_id,date,timestamp,time_total_s,pid,hostname,node_ip,time_since_restore,timesteps_since_restore,iterations_since_restore,experiment_tag,config.learning_rate,config.dropout,config.epochs,config.batch_size
92c4023e,0.7212919677008075,0.831104040145874,True,,,2,b0acdd5a7766485580f417a66247dc39,2020-10-06_14-35-11,1602020111,934.1092655658722,68350,lambda1,140.221.79.11,934.1092655658722,0,2,"1_batch_size=905,dropout=0.78198,epochs=85,learning_rate=0.063209",0.0632091602051591,0.7819755075507783,85,905
92c4023f,0.55340806597088,0.38080334663391113,True,,,2,cada554920934d148aa3f5912b32ebf2,2020-10-06_14-35-57,1602020157,979.8822765350342,68351,lambda1,140.221.79.11,979.8822765350342,0,2,"2_batch_size=597,dropout=0.82902,epochs=89,learning_rate=0.080967",0.08096664763150344,0.8290193558915677,89,597
92c40240,0.9355012964563526,3.0763516426086426,True,,,2,2e1e60fbb107436b859161117a2008cc,2020-10-06_14-31-20,1602019880,702.9342925548553,68352,lambda1,140.221.79.11,702.9342925548553,0,2,"3_batch_size=712,dropout=0.48888,epochs=60,learning_rate=0.057486",0.05748617257611413,0.48887986099273917,60,712
92c40241,0.7060404020300528,1.2307274341583252,True,,,2,2d14a0edb57c40f581a20c17de24fc2f,2020-10-06_14-33-03,1602019983,805.5308258533478,68353,lambda1,140.221.79.11,805.5308258533478,0,2,"4_batch_size=773,dropout=0.83725,epochs=68,learning_rate=0.042124",0.042124231557877055,0.8372491780866569,68,773
92c40242,0.5608647971173429,1.6549465656280518,True,,,2,e1471a969c2b4273a7c6ae896b9630e2,2020-10-06_14-30-31,1602019831,654.0419647693634,68356,lambda1,140.221.79.11,654.0419647693634,0,2,"5_batch_size=982,dropout=0.8584,epochs=56,learning_rate=0.080773",0.08077304393569493,0.8584041423586144,56,982
92c40243,0.6139512661251791,1.314685344696045,True,,,2,77761ba0da2640438dfba610522d87b5,2020-10-06_14-29-43,1602019783,606.278623342514,68355,lambda1,140.221.79.11,606.278623342514,0,2,"6_batch_size=966,dropout=0.81928,epochs=50,learning_rate=0.08406",0.08406004244982793,0.8192758112926076,50,966
92c40244,0.8043419994639507,1.1378352642059326,True,,,2,4d7493f9081a4135b96a22ab591194c5,2020-10-06_14-29-42,1602019782,604.8999495506287,68354,lambda1,140.221.79.11,604.8999495506287,0,2,"7_batch_size=861,dropout=0.74517,epochs=51,learning_rate=0.039548",0.0395478668895443,0.745166785252668,51,861
92c40245,0.7889838556505223,1.4649505615234375,True,,,2,c29b9e1e9c0f46e09ccbae47fbfcaf49,2020-10-06_14-29-16,1602019756,578.8727259635925,68357,lambda1,140.221.79.11,578.8727259635925,0,2,"8_batch_size=810,dropout=0.59949,epochs=47,learning_rate=0.06347",0.06347017261797575,0.5994891228196466,47,810
92c40246,0.6394230769230769,1.0659527778625488,True,,,2,f92284ccabd34cceae25513b196751a1,2020-10-06_14-30-42,1602019842,664.4438252449036,68358,lambda1,140.221.79.11,664.4438252449036,0,2,"9_batch_size=736,dropout=0.79042,epochs=55,learning_rate=0.095936",0.095935730752264,0.7904186362106921,55,736
92c40247,0.8612834679133021,0.7311992645263672,True,,,2,05ed1ff4eb704f69bb65944262cf0caf,2020-10-06_14-35-34,1602020134,956.6672863960266,68365,lambda1,140.221.79.11,956.6672863960266,0,2,"10_batch_size=905,dropout=0.6696,epochs=87,learning_rate=0.060844",0.06084417995241263,0.6695958258783803,87,905
92c40248,0.7654320987654322,0.27521252632141113,True,,,2,f7f4ef3ddece425894a6c16543aba641,2020-10-06_14-37-03,1602020223,1045.7529430389404,68362,lambda1,140.221.79.11,1045.7529430389404,0,2,"11_batch_size=405,dropout=0.60539,epochs=99,learning_rate=0.071864",0.0718636851694765,0.6053904228743251,99,405
92c40249,0.7042266434399926,1.3033473491668701,True,,,2,71ce0ed2f75848d888012b89ae1ffd26,2020-10-06_14-33-50,1602020030,852.7958207130432,68367,lambda1,140.221.79.11,852.7958207130432,0,2,"12_batch_size=839,dropout=0.66067,epochs=74,learning_rate=0.093554",0.09355430547808384,0.6606747210486421,74,839
92c4024a,0.6476772878446518,0.8542397022247314,True,,,2,936b5d8b49bc4ed09503d25ebfe2e2dc,2020-10-06_14-30-47,1602019847,669.59903216362,68360,lambda1,140.221.79.11,669.59903216362,0,2,"13_batch_size=717,dropout=0.50465,epochs=57,learning_rate=0.095911",0.09591103926266226,0.5046547082526919,57,717
92c4024b,0.6112319557049635,1.4408183097839355,True,,,2,70a5915972cf41478cb2bbf54c39c383,2020-10-06_14-32-33,1602019953,775.7673950195312,68363,lambda1,140.221.79.11,775.7673950195312,0,2,"14_batch_size=389,dropout=0.83594,epochs=61,learning_rate=0.048582",0.0485820439679499,0.8359372788523913,61,389
92c4024c,0.49193548387096775,2.7549290657043457,True,,,2,0ea738224fc842a58d95ecd7a8c2b2d9,2020-10-06_14-32-36,1602019956,778.0904011726379,68359,lambda1,140.221.79.11,778.0904011726379,0,2,"15_batch_size=744,dropout=0.87994,epochs=65,learning_rate=0.070574",0.07057354669833267,0.8799372860280747,65,744
92c4024d,0.6722719141323792,4.224546670913696,True,,,2,ad5567277a174798a62d117885c395e7,2020-10-06_14-32-24,1602019944,766.5556194782257,68361,lambda1,140.221.79.11,766.5556194782257,0,2,"16_batch_size=860,dropout=0.82711,epochs=65,learning_rate=0.068853",0.06885293816904772,0.8271102744795936,65,860
92c4024e,0.8482375412397986,0.7827708721160889,True,,,2,1a6b79cbfec0487390a00d22e03acfef,2020-10-06_14-29-45,1602019785,607.1884202957153,68364,lambda1,140.221.79.11,607.1884202957153,0,2,"17_batch_size=443,dropout=0.62956,epochs=47,learning_rate=0.050054",0.05005411803552308,0.6295621046370128,47,443
92c4024f,0.8923076923076922,0.5164940357208252,True,,,2,f6820f8d002144db9e2ddfe8c6558f04,2020-10-06_14-34-27,1602020067,889.3067007064819,68366,lambda1,140.221.79.11,889.3067007064819,0,2,"18_batch_size=555,dropout=0.57094,epochs=77,learning_rate=0.042996",0.04299580282865923,0.5709389944119965,77,555
92c40250,0.6826923076923077,1.3459923267364502,True,,,2,621ae607d6eb4f74ad3303cafa4ea4e3,2020-10-06_14-30-55,1602019855,677.883439540863,68368,lambda1,140.221.79.11,677.883439540863,0,2,"19_batch_size=888,dropout=0.62154,epochs=58,learning_rate=0.070599",0.0705988912277572,0.6215424700825859,58,888
92c40251,0.33343428225317984,0.6888976097106934,True,,,2,cea5ae2487e34801958603741548c24e,2020-10-06_14-34-58,1602020098,920.5183501243591,68369,lambda1,140.221.79.11,920.5183501243591,0,2,"20_batch_size=762,dropout=0.8945,epochs=84,learning_rate=0.097209",0.09720942375996083,0.8945036628499274,84,762
1370cd48,0.9364923076923077,0.6473610401153564,True,,,2,60e61a84820e4833979ca928093a338d,2020-10-06_14-44-23,1602020663,435.6982982158661,68789,lambda1,140.221.79.11,435.6982982158661,0,2,"1_batch_size=625,dropout=0.69399,epochs=63,learning_rate=0.015313",0.015312772698953444,0.6939878959677745,63,625
1370cd49,0.6267001943079209,0.5051436424255371,True,,,2,f7cab08525a94428a179bbf4ed710768,2020-10-06_14-45-54,1602020754,526.368682384491,68883,lambda1,140.221.79.11,526.368682384491,0,2,"2_batch_size=673,dropout=0.87732,epochs=77,learning_rate=0.039549",0.039549019775624354,0.8773189450270669,77,673
1370cd4a,0.9200638071605813,0.9113991260528564,True,,,2,85787c34378c48ecacd18798af79e79a,2020-10-06_14-42-33,1602020553,325.81650948524475,68820,lambda1,140.221.79.11,325.81650948524475,0,2,"3_batch_size=434,dropout=0.58596,epochs=47,learning_rate=0.016041",0.01604095879383056,0.5859554339835517,47,434
1370cd4b,0.7847647498132935,0.5584962368011475,True,,,2,aa1098ec331d40db9eee77c989b14eb8,2020-10-06_14-42-53,1602020573,345.41621494293213,68769,lambda1,140.221.79.11,345.41621494293213,0,2,"4_batch_size=515,dropout=0.69863,epochs=50,learning_rate=0.060993",0.06099308292947384,0.6986278674803152,50,515
1370cd4c,0.7412427389544094,1.2824604511260986,True,,,2,96eded1f795a4286badfd9a7666c6141,2020-10-06_14-45-00,1602020700,472.9576349258423,68668,lambda1,140.221.79.11,472.9576349258423,0,2,"5_batch_size=437,dropout=0.78083,epochs=68,learning_rate=0.048906",0.04890623456745561,0.7808261522885581,68,437
1370cd4d,0.9120879120879121,0.725391149520874,True,,,2,a5cb949dee614618a7a6169b55303d37,2020-10-06_14-46-23,1602020783,555.5906791687012,68722,lambda1,140.221.79.11,555.5906791687012,0,2,"6_batch_size=945,dropout=0.5185,epochs=85,learning_rate=0.03573",0.035730222916674347,0.5185023060028392,85,945
1370cd4e,0.8825681679588815,0.6970703601837158,True,,,2,494d225966b34ef5a293197325f93388,2020-10-06_14-44-59,1602020699,471.6255671977997,68687,lambda1,140.221.79.11,471.6255671977997,0,2,"7_batch_size=883,dropout=0.63768,epochs=72,learning_rate=0.03684",0.03684026085443974,0.6376752354317179,72,883
1370cd4f,0.5759493670886076,0.48241162300109863,True,,,2,2cbe085532fa4f7797d37d99823190a5,2020-10-06_14-46-01,1602020761,533.5878188610077,68755,lambda1,140.221.79.11,533.5878188610077,0,2,"8_batch_size=632,dropout=0.86758,epochs=79,learning_rate=0.057781",0.05778083209948558,0.8675780250001655,79,632
1370cd50,0.9108458591217212,0.444976806640625,True,,,2,b942c0e00f0041f793659ded0cf72cb3,2020-10-06_14-46-52,1602020812,584.6384069919586,68603,lambda1,140.221.79.11,584.6384069919586,0,2,"9_batch_size=522,dropout=0.60904,epochs=85,learning_rate=0.029529",0.02952925760542642,0.6090444397973386,85,522
1370cd51,0.8246631417363125,0.6853089332580566,True,,,2,bf4f36487a8e48b7b453a7cf2745b76f,2020-10-06_14-48-03,1602020883,655.7947328090668,68619,lambda1,140.221.79.11,655.7947328090668,0,2,"10_batch_size=902,dropout=0.53887,epochs=99,learning_rate=0.057518",0.05751847176178967,0.5388724175610999,99,902
1370cd52,0.9019415089702629,0.67742919921875,True,,,2,08ea287c95a74b13aadfb59fb1c8cf2c,2020-10-06_14-47-08,1602020828,600.6754658222198,68424,lambda1,140.221.79.11,600.6754658222198,0,2,"11_batch_size=939,dropout=0.5273,epochs=90,learning_rate=0.052389",0.052388979563633475,0.5273031826789067,90,939
1370cd53,0.47212931995540686,0.45250964164733887,True,,,2,4450847380694a65b54962f852b67958,2020-10-06_14-43-30,1602020610,383.0471875667572,68431,lambda1,140.221.79.11,383.0471875667572,0,2,"12_batch_size=414,dropout=0.87615,epochs=54,learning_rate=0.058204",0.05820376855133502,0.8761545187401094,54,414
1370cd54,0.8100092678405931,0.5628681182861328,True,,,2,bf344a9579f8449a9940b0a3cd4787ed,2020-10-06_14-47-48,1602020868,640.7041115760803,68741,lambda1,140.221.79.11,640.7041115760803,0,2,"13_batch_size=747,dropout=0.69815,epochs=95,learning_rate=0.055277",0.05527708536608697,0.6981521311714434,95,747
1370cd55,0.8126681011296396,0.5240373611450195,True,,,2,8dc06df197d84810920772ace2cc2877,2020-10-06_14-43-50,1602020630,403.03262758255005,68432,lambda1,140.221.79.11,403.03262758255005,0,2,"14_batch_size=572,dropout=0.48165,epochs=59,learning_rate=0.060629",0.06062868804113089,0.48165283850848994,59,572
1370cd56,0.9179164650862764,0.5012388229370117,True,,,2,2e8b6732d24445a0a69f1ad8f2b93ac8,2020-10-06_14-43-10,1602020590,362.4218018054962,68704,lambda1,140.221.79.11,362.4218018054962,0,2,"15_batch_size=477,dropout=0.56087,epochs=53,learning_rate=0.0060491",0.006049129744046564,0.5608697225041569,53,477
1370cd57,0.8539576365663322,0.4444429874420166,True,,,2,7daf03fd9d184621a5a82ceedddc8d97,2020-10-06_14-45-41,1602020741,513.6622550487518,68422,lambda1,140.221.79.11,513.6622550487518,0,2,"16_batch_size=552,dropout=0.58985,epochs=75,learning_rate=0.058689",0.05868906199205929,0.5898533170693907,75,552
1370cd58,0.9696321070234114,0.5148210525512695,True,,,2,0d319174ace14a0b9a134214e2274636,2020-10-06_14-43-52,1602020632,405.1127727031708,68427,lambda1,140.221.79.11,405.1127727031708,0,2,"17_batch_size=575,dropout=0.47022,epochs=59,learning_rate=0.008017",0.00801703716647879,0.4702233664789248,59,575
1370cd59,0.8095335515548281,0.9501607418060303,True,,,2,83c5f0f4155f43f7ac5439f2209c5999,2020-10-06_14-42-08,1602020528,300.29250025749207,68418,lambda1,140.221.79.11,300.29250025749207,0,2,"18_batch_size=752,dropout=0.893,epochs=47,learning_rate=0.0087102",0.00871021833948952,0.8930022114755822,47,752
1370cd5a,0.9234634712021647,0.4637174606323242,True,,,2,175ec8d343e642d29205908eb52074cf,2020-10-06_14-42-54,1602020574,346.94894218444824,68426,lambda1,140.221.79.11,346.94894218444824,0,2,"19_batch_size=398,dropout=0.6423,epochs=49,learning_rate=0.014503",0.014502742255856398,0.6423044845488963,49,398
1370cd5b,0.8857853173442527,0.43781542778015137,True,,,2,63ad9c85b9d04bfe8f337e20805849d9,2020-10-06_14-46-05,1602020765,537.7844879627228,68421,lambda1,140.221.79.11,537.7844879627228,0,2,"20_batch_size=526,dropout=0.48976,epochs=78,learning_rate=0.047468",0.04746783715616396,0.48976498061214524,78,526
9d3b12da,0.8845291479820627,0.9013516902923584,True,,,2,6e610d4ed209416d8372d618f9b6b03b,2020-10-06_14-55-31,1602021331,437.92292761802673,68428,lambda1,140.221.79.11,437.92292761802673,0,2,"1_batch_size=892,dropout=0.53917,epochs=55,learning_rate=0.047443",0.047442556024220574,0.5391709354598844,55,892
9d3b12db,0.9378698224852071,0.4824531078338623,True,,,2,508d4968853040e7997f2a008fa86054,2020-10-06_14-58-10,1602021490,597.047425031662,68425,lambda1,140.221.79.11,597.047425031662,0,2,"2_batch_size=494,dropout=0.27702,epochs=74,learning_rate=0.049428",0.049428454558249506,0.27701767544230427,74,494
9d3b12dc,0.6952467822033039,0.5940742492675781,True,,,2,a460f63ca81a496dae4db18b04e2c685,2020-10-06_14-58-00,1602021480,586.8197031021118,68395,lambda1,140.221.79.11,586.8197031021118,0,2,"3_batch_size=759,dropout=0.31992,epochs=81,learning_rate=0.08012",0.08011954373783453,0.3199160403051845,81,759
9d3b12dd,0.6211849192100538,0.4698905944824219,True,,,2,cd1e2d8aa781481193762cdb7a9ef8ad,2020-10-06_14-59-36,1602021576,683.4120643138885,68386,lambda1,140.221.79.11,683.4120643138885,0,2,"4_batch_size=557,dropout=0.51565,epochs=92,learning_rate=0.092466",0.09246582510497886,0.515645989680618,92,557
9d3b12de,0.8033023194863058,0.5751557350158691,True,,,2,b00c32a052c3427f824f7c48e15e102f,2020-10-06_15-01-08,1602021668,775.3371825218201,68404,lambda1,140.221.79.11,775.3371825218201,0,2,"5_batch_size=587,dropout=0.55327,epochs=99,learning_rate=0.08463",0.08462966924397108,0.5532671654422257,99,587
9d3b12df,0.7641334569045413,1.3057775497436523,True,,,2,67183b9809174ab8a76f0a768b931a7a,2020-10-06_14-54-13,1602021253,359.67678666114807,68430,lambda1,140.221.79.11,359.67678666114807,0,2,"6_batch_size=996,dropout=0.26486,epochs=47,learning_rate=0.081417",0.08141705017332752,0.2648643793271922,47,996
9d3b12e0,0.6758661186142102,0.39882755279541016,True,,,2,68ea4550fcdb4652804292c74c554c7f,2020-10-06_14-58-11,1602021491,598.4691526889801,68387,lambda1,140.221.79.11,598.4691526889801,0,2,"7_batch_size=524,dropout=0.62649,epochs=79,learning_rate=0.084565",0.08456472332029555,0.6264919325003975,79,524
9d3b12e1,0.6958041958041958,0.3909280300140381,True,,,2,085aa5a1ab884e3d968e0c9887933467,2020-10-06_14-56-44,1602021404,511.1309630870819,68377,lambda1,140.221.79.11,511.1309630870819,0,2,"8_batch_size=396,dropout=0.59213,epochs=65,learning_rate=0.047203",0.04720308839128039,0.5921341766667961,65,396
9d3b12e2,0.8247568523430593,0.3866145610809326,True,,,2,cf99af4996284afebcd46d468a29f5f9,2020-10-06_14-56-31,1602021391,498.61774468421936,68416,lambda1,140.221.79.11,498.61774468421936,0,2,"9_batch_size=435,dropout=0.45545,epochs=65,learning_rate=0.072308",0.07230811858840702,0.4554487523825782,65,435
9d3b12e3,0.8637385578930464,1.0243432521820068,True,,,2,e8a4d9d1116c46dab0a1b545093e3331,2020-10-06_14-55-23,1602021323,430.00897312164307,68372,lambda1,140.221.79.11,430.00897312164307,0,2,"10_batch_size=958,dropout=0.6337,epochs=53,learning_rate=0.065571",0.0655708099335853,0.6337031503154756,53,958
9d3b12e4,0.901142623954295,0.7165801525115967,True,,,2,da7e75e20c694e94ba5e397d2f592812,2020-10-06_14-58-29,1602021509,616.0441045761108,68376,lambda1,140.221.79.11,616.0441045761108,0,2,"11_batch_size=754,dropout=0.60897,epochs=76,learning_rate=0.041521",0.04152144913257229,0.6089674907569117,76,754
9d3b12e5,0.6275483981497345,0.39862608909606934,True,,,2,480d20d2c9b04714ba5574597f330333,2020-10-06_14-57-03,1602021423,530.6141841411591,68381,lambda1,140.221.79.11,530.6141841411591,0,2,"12_batch_size=449,dropout=0.37399,epochs=68,learning_rate=0.080824",0.08082373322435019,0.37398963377582284,68,449
9d3b12e6,0.8156013001083424,0.5826103687286377,True,,,2,bbabd11a2be64b44abddd768bc81c7d0,2020-10-06_14-57-55,1602021475,582.539822101593,68373,lambda1,140.221.79.11,582.539822101593,0,2,"13_batch_size=710,dropout=0.51435,epochs=76,learning_rate=0.074326",0.07432554852092638,0.5143455125923462,76,710
9d3b12e7,0.8957049815173385,0.7014153003692627,True,,,2,148cec28fd994ffd874e123414756bc4,2020-10-06_14-59-17,1602021557,663.740790605545,68400,lambda1,140.221.79.11,663.740790605545,0,2,"14_batch_size=874,dropout=0.46437,epochs=90,learning_rate=0.046778",0.046778366794360815,0.46436678903385864,90,874
9d3b12e8,0.7139504563233376,0.7911930084228516,True,,,2,31c3b6a42d1141b28b31cf0f1352c6a2,2020-10-06_14-56-36,1602021396,502.97905826568604,68375,lambda1,140.221.79.11,502.97905826568604,0,2,"15_batch_size=885,dropout=0.31979,epochs=64,learning_rate=0.075702",0.07570186215876304,0.31979054840387994,64,885
9d3b12e9,0.8261821930163639,0.9394023418426514,True,,,2,d09f0c1c473d419ea379b325f61ef86b,2020-10-06_14-55-07,1602021307,414.5822491645813,68370,lambda1,140.221.79.11,414.5822491645813,0,2,"16_batch_size=597,dropout=0.4172,epochs=51,learning_rate=0.05375",0.05374957022730824,0.4172000279014725,51,597
9d3b12ea,0.3345204178537512,1.028893232345581,True,,,2,f35fe5f987e14d12b33aad8b50d9c72d,2020-10-06_14-55-31,1602021331,437.76974058151245,68384,lambda1,140.221.79.11,437.76974058151245,0,2,"17_batch_size=972,dropout=0.22686,epochs=59,learning_rate=0.097833",0.09783267399285897,0.22686382515218995,59,972
9d3b12eb,0.7613412228796844,0.3739430904388428,True,,,2,71ad79ba50dc42848a62c86e40ee638b,2020-10-06_14-58-29,1602021509,615.8297493457794,68847,lambda1,140.221.79.11,615.8297493457794,0,2,"18_batch_size=390,dropout=0.30581,epochs=81,learning_rate=0.048489",0.04848896020413209,0.3058092987862734,81,390
9d3b12ec,0.842040312628548,1.1559834480285645,True,,,2,6fc4a325c1e54cbfad0a59c3088ba88f,2020-10-06_14-53-54,1602021234,341.52209401130676,68413,lambda1,140.221.79.11,341.52209401130676,0,2,"19_batch_size=935,dropout=0.29552,epochs=46,learning_rate=0.064893",0.06489261173167696,0.29551870903371175,46,935
9d3b12ed,0.902260530167507,0.7732424736022949,True,,,2,5de0ce3574f24ce3bbed2b691f97ba0e,2020-10-06_14-54-35,1602021275,381.9456081390381,68374,lambda1,140.221.79.11,381.9456081390381,0,2,"20_batch_size=473,dropout=0.27422,epochs=46,learning_rate=0.046575",0.046575133539363656,0.2742193268800074,46,473
71125ed2,0.9398583761761568,6.304342985153198,True,,,2,f48568c8f14b4fdb90badab5fa041918,2020-10-06_15-16-22,1602022582,904.0932443141937,68389,lambda1,140.221.79.11,904.0932443141937,0,2,"1_batch_size=793,dropout=0.31271,epochs=48,learning_rate=0.036064",0.036064339309076425,0.31271014615682463,48,793
71125ed3,0.9390144738981948,3.4640743732452393,True,,,2,8daa33fac96e441085f46f166d7b9fc5,2020-10-06_15-25-57,1602023157,1478.4752106666565,68378,lambda1,140.221.79.11,1478.4752106666565,0,2,"2_batch_size=473,dropout=0.40375,epochs=89,learning_rate=0.030689",0.030689400978943068,0.4037527832508595,89,473
71125ed4,0.8228328663111272,4.647879123687744,True,,,2,9a8a46e8d652419e94cf3d63c87a60b2,2020-10-06_15-15-42,1602022542,863.3454411029816,68393,lambda1,140.221.79.11,863.3454411029816,0,2,"3_batch_size=851,dropout=0.56635,epochs=48,learning_rate=0.05754",0.0575399670908419,0.5663549094729265,48,851
71125ed5,0.8782355085672622,6.84872841835022,True,,,2,3079fc37520440a9abf6ceb89a7ce101,2020-10-06_15-16-21,1602022581,903.2235431671143,68419,lambda1,140.221.79.11,903.2235431671143,0,2,"4_batch_size=844,dropout=0.59142,epochs=50,learning_rate=0.043016",0.043016021658819105,0.5914239245034654,50,844
71125ed6,0.888946638946639,0.44124555587768555,True,,,2,f19f372a5ab3413299765208a69d90d6,2020-10-06_15-25-13,1602023113,1434.8395943641663,68379,lambda1,140.221.79.11,1434.8395943641663,0,2,"5_batch_size=444,dropout=0.54952,epochs=86,learning_rate=0.026434",0.026433529866861042,0.5495189201015671,86,444
71125ed7,0.912485414235706,5.785637140274048,True,,,2,c4a6dfcdf1ab4d9192da7616956128d2,2020-10-06_15-16-24,1602022584,906.002073764801,68394,lambda1,140.221.79.11,906.002073764801,0,2,"6_batch_size=857,dropout=0.52146,epochs=50,learning_rate=0.033306",0.03330583245893868,0.5214588475054754,50,857
71125ed8,0.794591871011085,0.5925045013427734,True,,,2,90ffa0e153984db08c0efaf3d21017be,2020-10-06_15-25-08,1602023108,1430.2895112037659,68396,lambda1,140.221.79.11,1430.2895112037659,0,2,"7_batch_size=458,dropout=0.30047,epochs=88,learning_rate=0.05104",0.05103951316014989,0.3004674798513359,88,458
71125ed9,0.9401417694933053,0.9792392253875732,True,,,2,7fa7b0ebf8b6475ba8e3067153dd826f,2020-10-06_15-24-48,1602023088,1409.8148527145386,68597,lambda1,140.221.79.11,1409.8148527145386,0,2,"8_batch_size=879,dropout=0.36889,epochs=88,learning_rate=0.031739",0.03173855972159671,0.36888735116855864,88,879
71125eda,0.9727545182090637,3.00567626953125,True,,,2,6792eed457a1415eafd7cadeb6205727,2020-10-06_15-21-07,1602022867,1188.7618083953857,68398,lambda1,140.221.79.11,1188.7618083953857,0,2,"9_batch_size=847,dropout=0.48188,epochs=92,learning_rate=0.001119",0.0011189873364000325,0.4818780167932537,92,847
71125edb,0.9275504637206765,3.6927549839019775,True,,,2,4549ddb5f3f349608580d6a77dfe8093,2020-10-06_15-25-41,1602023141,1462.8152973651886,68383,lambda1,140.221.79.11,1462.8152973651886,0,2,"10_batch_size=705,dropout=0.6375,epochs=89,learning_rate=0.0098361",0.009836130270128465,0.6374995327353328,89,705
71125edc,0.9729056368732482,0.6427040100097656,True,,,2,84eb0a20871e4bc2b7e230994cf982cd,2020-10-06_15-24-39,1602023079,1401.27241563797,68382,lambda1,140.221.79.11,1401.27241563797,0,2,"11_batch_size=494,dropout=0.54699,epochs=81,learning_rate=0.0067322",0.006732181082623432,0.5469883951450962,81,494
71125edd,0.910739015485333,2.9586594104766846,True,,,2,7e4a2b841e1840b88e6282c1dd613b07,2020-10-06_15-19-35,1602022775,1096.4223237037659,68783,lambda1,140.221.79.11,1096.4223237037659,0,2,"12_batch_size=611,dropout=0.43117,epochs=64,learning_rate=0.03505",0.035050382406195534,0.43116732170253863,64,611
71125ede,0.8310791772330234,3.0168747901916504,True,,,2,08f6857b795b45e587b5a29087206a03,2020-10-06_15-17-46,1602022666,988.1796615123749,68417,lambda1,140.221.79.11,988.1796615123749,0,2,"13_batch_size=546,dropout=0.42643,epochs=73,learning_rate=0.054051",0.054050591157965365,0.42642506702813054,73,546
71125edf,0.9257878685191461,12.080448389053345,True,,,2,8f07b6d88c61449d9634632b80864ed0,2020-10-06_15-17-23,1602022643,965.0296697616577,68371,lambda1,140.221.79.11,965.0296697616577,0,2,"14_batch_size=681,dropout=0.44572,epochs=72,learning_rate=0.040089",0.04008937942473466,0.4457180676715905,72,681
71125ee0,0.9119618913196895,5.803491115570068,True,,,2,10c952c8f8164a3d9571c59fc2b85b33,2020-10-06_15-20-27,1602022827,1149.2872695922852,68632,lambda1,140.221.79.11,1149.2872695922852,0,2,"15_batch_size=872,dropout=0.44692,epochs=68,learning_rate=0.032077",0.03207726556290798,0.44691510040359594,68,872
71125ee1,0.9358690090397408,2.7698800563812256,True,,,2,d469c0b6b72c47c39cb1728a5586977f,2020-10-06_15-22-36,1602022956,1277.458037853241,68390,lambda1,140.221.79.11,1277.458037853241,0,2,"16_batch_size=451,dropout=0.48816,epochs=70,learning_rate=0.0087038",0.00870382224373552,0.488163907434553,70,451
71125ee2,0.9219712525667351,1.4698634147644043,True,,,2,abf7b48bf68e4de38e5f39a2c5d60725,2020-10-06_15-24-08,1602023048,1369.92418050766,68798,lambda1,140.221.79.11,1369.92418050766,0,2,"17_batch_size=974,dropout=0.3988,epochs=81,learning_rate=0.041314",0.04131415878723103,0.3987993468310153,81,974
71125ee3,0.9355445777464126,1.8558464050292969,True,,,2,45861d8caa6c4789a21d191b88379e38,2020-10-06_15-27-26,1602023246,1568.0753893852234,68661,lambda1,140.221.79.11,1568.0753893852234,0,2,"18_batch_size=654,dropout=0.28111,epochs=98,learning_rate=0.03883",0.03883018375995963,0.28111217439032976,98,654
71125ee4,0.9761241174284653,1.859400749206543,True,,,2,9deeeef3b67846379389b0c7e05318c9,2020-10-06_15-21-11,1602022871,1192.7509262561798,68433,lambda1,140.221.79.11,1192.7509262561798,0,2,"19_batch_size=828,dropout=0.40173,epochs=73,learning_rate=0.0016434",0.0016434006941845269,0.4017332926435421,73,828
71125ee5,0.9533969679955081,3.1647279262542725,True,,,2,c949bd4120f549999ee0cec38743e368,2020-10-06_15-16-44,1602022604,925.3429191112518,68392,lambda1,140.221.79.11,925.3429191112518,0,2,"20_batch_size=822,dropout=0.28941,epochs=49,learning_rate=0.012799",0.012799403634399983,0.2894062130093012,49,822
1e60b6b2,0.8662721893491124,0.7325167655944824,True,,,2,410e591e5acb47e1b7c40f7d3ebed00f,2020-10-06_15-38-51,1602023931,643.2803719043732,68388,lambda1,140.221.79.11,643.2803719043732,0,2,"1_batch_size=780,dropout=0.63442,epochs=61,learning_rate=0.052706",0.05270555792791208,0.634416522886588,61,780
1e60b6b3,0.8880038045416716,5.3278844356536865,True,,,2,50d635f4434546d3970c33ca52fdea8a,2020-10-06_15-31-35,1602023495,207.29624152183533,68401,lambda1,140.221.79.11,207.29624152183533,0,2,"2_batch_size=647,dropout=0.46845,epochs=18,learning_rate=0.048992",0.04899244414207546,0.46845345210758593,18,647
1e60b6b4,0.6363129011254767,1.0099477767944336,True,,,2,3eaeae2ec8174211adc635fbcff51593,2020-10-06_15-35-38,1602023738,450.4022150039673,68420,lambda1,140.221.79.11,450.4022150039673,0,2,"3_batch_size=827,dropout=0.74785,epochs=36,learning_rate=0.097947",0.09794658295873543,0.7478540689793515,36,827
1e60b6b5,0.6149226149226149,0.7273671627044678,True,,,2,b4c39521f36a4135a38ef8ca83cb0a43,2020-10-06_15-36-30,1602023790,501.45547223091125,68414,lambda1,140.221.79.11,501.45547223091125,0,2,"4_batch_size=666,dropout=0.62373,epochs=42,learning_rate=0.089673",0.0896734787162676,0.623725438404892,42,666
1e60b6b6,0.7909429280397022,0.5338420867919922,True,,,2,876738f038204cb78bd08c5d007c8c6c,2020-10-06_15-36-04,1602023764,475.9945123195648,68423,lambda1,140.221.79.11,475.9945123195648,0,2,"5_batch_size=496,dropout=0.60056,epochs=37,learning_rate=0.064188",0.06418817167637197,0.6005598304723646,37,496
1e60b6b7,0.8998921639108555,0.959998369216919,True,,,2,d9221fd7139d4654b03fcfff59fd4dd7,2020-10-06_15-37-06,1602023826,537.9830906391144,68399,lambda1,140.221.79.11,537.9830906391144,0,2,"6_batch_size=856,dropout=0.51767,epochs=46,learning_rate=0.059449",0.05944892542336652,0.5176742836268946,46,856
1e60b6b8,0.6326201392426558,5.837248802185059,True,,,2,6b13f2b338374937ad29bb0310026b12,2020-10-06_15-32-44,1602023564,275.46780729293823,68429,lambda1,140.221.79.11,275.46780729293823,0,2,"7_batch_size=906,dropout=0.73721,epochs=23,learning_rate=0.097936",0.09793607610806646,0.7372095484846662,23,906
1e60b6b9,0.8427315859065101,1.1172864437103271,True,,,2,177f373ee4cc4126bb2b7de7654e99ef,2020-10-06_15-37-29,1602023849,561.2146575450897,68403,lambda1,140.221.79.11,561.2146575450897,0,2,"8_batch_size=989,dropout=0.57743,epochs=50,learning_rate=0.07875",0.07874991595746703,0.5774293397681581,50,989
1e60b6ba,0.4123534458106949,0.7487318515777588,True,,,2,598e6fd73b1d4248806c1b4f8366b1d3,2020-10-06_15-35-44,1602023744,455.46148920059204,68397,lambda1,140.221.79.11,455.46148920059204,0,2,"9_batch_size=538,dropout=0.82372,epochs=36,learning_rate=0.094968",0.09496830170367955,0.8237188201471647,36,538
1e60b6bb,0.8558233511329196,0.5104203224182129,True,,,2,07c0928d3fc3411ab19ea775faa619f7,2020-10-06_15-39-20,1602023960,671.6401331424713,68415,lambda1,140.221.79.11,671.6401331424713,0,2,"10_batch_size=533,dropout=0.62867,epochs=63,learning_rate=0.048916",0.04891564297650668,0.6286695848499652,63,533
1e60b6bc,0.6330439988027536,0.7123744487762451,True,,,2,9ae5a5e0f70c4b86bb795a180fb9c685,2020-10-06_15-30-34,1602023434,145.9541621208191,68406,lambda1,140.221.79.11,145.9541621208191,0,2,"11_batch_size=514,dropout=0.83278,epochs=12,learning_rate=0.047844",0.047844350457043765,0.8327823090363276,12,514
1e60b6bd,0.8253609135962077,3.9839017391204834,True,,,2,ed3039ed5efc4f2d99845d3eeda456ff,2020-10-06_15-31-45,1602023505,216.49422144889832,68409,lambda1,140.221.79.11,216.49422144889832,0,2,"12_batch_size=714,dropout=0.56968,epochs=21,learning_rate=0.064207",0.0642065514055648,0.5696761287331441,21,714
1e60b6be,0.6912898066017159,0.5432002544403076,True,,,2,81f3349037614034a98240a177ec3279,2020-10-06_15-39-39,1602023979,690.558256149292,68407,lambda1,140.221.79.11,690.558256149292,0,2,"13_batch_size=529,dropout=0.77363,epochs=64,learning_rate=0.057646",0.05764568501622359,0.773634543501299,64,529
1e60b6bf,0.7544807477917845,1.7706444263458252,True,,,2,90ceefd4fd52414eb8e8047136f5bc88,2020-10-06_15-34-39,1602023679,390.49889874458313,68410,lambda1,140.221.79.11,390.49889874458313,0,2,"14_batch_size=897,dropout=0.49978,epochs=30,learning_rate=0.094006",0.09400592940395076,0.49977785910876915,30,897
1e60b6c0,0.7783773895545596,3.882267713546753,True,,,2,dc65e49f6cff4e3db92f4c9a4bd8c83a,2020-10-06_15-31-48,1602023508,219.76946473121643,68850,lambda1,140.221.79.11,219.76946473121643,0,2,"15_batch_size=841,dropout=0.57361,epochs=21,learning_rate=0.064859",0.06485908386994063,0.5736134028543338,21,841
1e60b6c1,0.8061277705345502,0.5911405086517334,True,,,2,bdd86ea9ae654d3cb9d3faf548a46198,2020-10-06_15-37-11,1602023831,542.873096704483,68411,lambda1,140.221.79.11,542.873096704483,0,2,"16_batch_size=590,dropout=0.69435,epochs=46,learning_rate=0.052365",0.05236543582590096,0.694347378870436,46,590
1e60b6c2,0.46833829154271145,0.7736077308654785,True,,,2,cdfdfe4ab3954cf0b464ac1bbb607063,2020-10-06_15-35-30,1602023730,441.50732254981995,68391,lambda1,140.221.79.11,441.50732254981995,0,2,"17_batch_size=543,dropout=0.49972,epochs=34,learning_rate=0.078375",0.07837523003128585,0.49972207723305095,34,543
1e60b6c3,0.765855155482815,3.996367931365967,True,,,2,8063884ddbe04f009896356c6dd54ecc,2020-10-06_15-31-30,1602023490,201.66296529769897,68412,lambda1,140.221.79.11,201.66296529769897,0,2,"18_batch_size=752,dropout=0.71474,epochs=19,learning_rate=0.055096",0.0550963440955587,0.7147350646181818,19,752
1e60b6c4,0.807579185520362,0.7823014259338379,True,,,2,a684d54651c34d22a093d78330b93eb7,2020-10-06_15-36-42,1602023802,513.5820500850677,68408,lambda1,140.221.79.11,513.5820500850677,0,2,"19_batch_size=680,dropout=0.64135,epochs=44,learning_rate=0.065348",0.06534778293462074,0.6413461221424774,44,680
1e60b6c5,0.4797818318600715,0.45985960960388184,True,,,2,9455cc39acfe4c2d8f6d71bd8909344d,2020-10-06_15-39-46,1602023986,697.5187411308289,39837,lambda1,140.221.79.11,697.5187411308289,0,2,"20_batch_size=409,dropout=0.87411,epochs=63,learning_rate=0.052956",0.052956436113449024,0.8741141854431077,63,409
d6279fa8,0.8147108366086468,1.2356956005096436,True,,,2,0773c3d69474492484bffd4974d97a18,2020-10-06_15-44-27,1602024267,236.26796865463257,74938,lambda1,140.221.79.11,236.26796865463257,0,2,"1_batch_size=685,dropout=0.72604,epochs=13,learning_rate=0.034578",0.03457779675821956,0.7260387572160676,13,685
d6279fa9,0.8790553708586495,0.712745189666748,True,,,2,554997cfef6748119ebcdd53959a1372,2020-10-06_15-47-56,1602024476,445.83647632598877,74934,lambda1,140.221.79.11,445.83647632598877,0,2,"2_batch_size=671,dropout=0.68891,epochs=30,learning_rate=0.043951",0.04395103238147063,0.6889129640745258,30,671
d6279faa,0.9423568758607122,0.6112625598907471,True,,,2,4886a5e3de154088aa28ce277b930092,2020-10-06_15-47-45,1602024465,434.2769057750702,74940,lambda1,140.221.79.11,434.2769057750702,0,2,"3_batch_size=391,dropout=0.63048,epochs=29,learning_rate=0.0009713",0.0009713027724012996,0.630477041237631,29,391
d6279fab,0.935342561766252,1.4941644668579102,True,,,2,6299cb758c05461ebbe442fe35ad91fd,2020-10-06_15-43-57,1602024237,206.97147226333618,74943,lambda1,140.221.79.11,206.97147226333618,0,2,"4_batch_size=878,dropout=0.58136,epochs=10,learning_rate=0.0223",0.02229981492609439,0.581360993780425,10,878
d6279fac,0.6351377018043685,0.3740541934967041,True,,,2,5e31cbdb05bd466e82e3425870a58063,2020-10-06_15-51-53,1602024713,683.0839014053345,74948,lambda1,140.221.79.11,683.0839014053345,0,2,"5_batch_size=405,dropout=0.74385,epochs=52,learning_rate=0.051443",0.05144335573404155,0.7438529157119078,52,405
d6279fad,0.6757958244026355,1.2703492641448975,True,,,2,a1fa62bf6ced4065a0ad0fa2a0ca67a0,2020-10-06_15-44-34,1602024274,244.0916314125061,74936,lambda1,140.221.79.11,244.0916314125061,0,2,"6_batch_size=969,dropout=0.83934,epochs=14,learning_rate=0.050642",0.0506416230176203,0.8393439818876514,14,969
d6279fae,0.8050480769230769,4.742935657501221,True,,,2,8e4b5d3dce22448298edf45a2d522e4f,2020-10-06_15-45-54,1602024354,323.85101342201233,74932,lambda1,140.221.79.11,323.85101342201233,0,2,"7_batch_size=960,dropout=0.80792,epochs=20,learning_rate=0.033055",0.033055416908295054,0.8079163673717948,20,960
d6279faf,0.6597974773494404,0.7558825016021729,True,,,2,2d48915a00994c5c9d3553cb413a70f1,2020-10-06_15-47-47,1602024467,436.9570937156677,74951,lambda1,140.221.79.11,436.9570937156677,0,2,"8_batch_size=433,dropout=0.81661,epochs=28,learning_rate=0.05002",0.05002035131605324,0.8166053115105997,28,433
d6279fb0,0.9323691014867486,1.7960264682769775,True,,,2,cb21deaaa33c416585a2eadfbb1e10f0,2020-10-06_15-50-25,1602024625,595.1412501335144,74953,lambda1,140.221.79.11,595.1412501335144,0,2,"9_batch_size=952,dropout=0.51051,epochs=43,learning_rate=0.04005",0.040049722142712095,0.5105145501010111,43,952
d6279fb1,0.9089290733626909,0.8699326515197754,True,,,2,c4baf57fb96b48bea037f7176c2b6691,2020-10-06_15-50-35,1602024635,604.7046775817871,74945,lambda1,140.221.79.11,604.7046775817871,0,2,"10_batch_size=821,dropout=0.72426,epochs=44,learning_rate=0.0092622",0.009262212214011795,0.7242624117052212,44,821
d6279fb2,0.9267990074441688,0.4713878631591797,True,,,2,c200d8a48f5d4f4087df33a02440c8f3,2020-10-06_15-50-37,1602024637,606.6194014549255,74957,lambda1,140.221.79.11,606.6194014549255,0,2,"11_batch_size=434,dropout=0.61269,epochs=42,learning_rate=0.013259",0.01325886492669151,0.6126887325655679,42,434
d6279fb3,0.8764980875478113,1.4574637413024902,True,,,2,8f38d32c9082409f8f90248270de0a25,2020-10-06_15-50-30,1602024630,599.9355521202087,74976,lambda1,140.221.79.11,599.9355521202087,0,2,"12_batch_size=905,dropout=0.60374,epochs=44,learning_rate=0.061788",0.06178779249041544,0.6037401296906153,44,905
d6279fb4,0.8909781576448244,2.877089738845825,True,,,2,e7c7ba6100c6410c8cf1da917b1dc2a7,2020-10-06_15-45-35,1602024335,305.13159584999084,74960,lambda1,140.221.79.11,305.13159584999084,0,2,"13_batch_size=405,dropout=0.47657,epochs=18,learning_rate=0.031806",0.03180629509425414,0.47656980549924643,18,405
d6279fb5,0.8728710953264993,0.8784518241882324,True,,,2,c8064621e85b4e99aa1ebebd71513513,2020-10-06_15-48-03,1602024483,453.24643778800964,75006,lambda1,140.221.79.11,453.24643778800964,0,2,"14_batch_size=953,dropout=0.55032,epochs=33,learning_rate=0.058675",0.05867548486705918,0.5503164536826765,33,953
d6279fb6,0.7042415528396837,0.5599386692047119,True,,,2,65ccae94cad8457595db7d34769f6d7f,2020-10-06_15-51-38,1602024698,667.679770231247,74988,lambda1,140.221.79.11,667.679770231247,0,2,"15_batch_size=535,dropout=0.85513,epochs=52,learning_rate=0.033429",0.03342867979605131,0.8551284099549472,52,535
d6279fb7,0.7170750884549862,2.4714126586914062,True,,,2,a7737daf5e6c4976be98f11348735f81,2020-10-06_15-52-59,1602024779,748.3776049613953,75040,lambda1,140.221.79.11,748.3776049613953,0,2,"16_batch_size=587,dropout=0.81942,epochs=56,learning_rate=0.0447",0.044700226542545345,0.8194242576499009,56,587
d6279fb8,0.5891590275009964,2.3389523029327393,True,,,2,982079024f2b424491e854229ab20172,2020-10-06_15-46-50,1602024410,380.1227388381958,75021,lambda1,140.221.79.11,380.1227388381958,0,2,"17_batch_size=965,dropout=0.88953,epochs=23,learning_rate=0.029335",0.02933468300135287,0.8895259088051598,23,965
d6279fb9,0.9506903353057199,0.746711015701294,True,,,2,a9e6e1f337984726baeb61f58d3290e5,2020-10-06_15-44-34,1602024274,243.57360005378723,75072,lambda1,140.221.79.11,243.57360005378723,0,2,"18_batch_size=390,dropout=0.51508,epochs=13,learning_rate=0.0099567",0.00995673548723717,0.515078801707209,13,390
d6279fba,0.6854356018621148,4.1596174240112305,True,,,2,dd36d976b5c846e981f288814624a3a5,2020-10-06_15-45-05,1602024305,274.8664860725403,75056,lambda1,140.221.79.11,274.8664860725403,0,2,"19_batch_size=694,dropout=0.80741,epochs=17,learning_rate=0.055981",0.055981227669998426,0.8074096141421623,17,694
d6279fbb,0.8290069064062873,0.9097907543182373,True,,,2,6c881c5b04594f4f8686c1e973d09417,2020-10-06_15-46-54,1602024414,384.21027874946594,75087,lambda1,140.221.79.11,384.21027874946594,0,2,"20_batch_size=646,dropout=0.83722,epochs=25,learning_rate=0.018483",0.01848277869024649,0.8372166399683036,25,646
afe2f1e2,0.888136043576458,1.0042407512664795,True,,,2,4c209398728c487d95d3daf151c2fa5f,2020-10-06_15-55-43,1602024943,132.47678875923157,75549,lambda1,140.221.79.11,132.47678875923157,0,2,"1_batch_size=579,dropout=0.22794,epochs=12,learning_rate=0.087347",0.08734723471555421,0.22794139905283453,12,579
afe2f1e3,0.8962850435022787,0.6033530235290527,True,,,2,5d6499cc99e3432288e13609fd4e9729,2020-10-06_15-57-41,1602025061,250.54353785514832,75522,lambda1,140.221.79.11,250.54353785514832,0,2,"2_batch_size=557,dropout=0.26919,epochs=26,learning_rate=0.053022",0.05302217968286774,0.2691921281232061,26,557
afe2f1e4,0.7100904379636216,1.340975046157837,True,,,2,eb700f24687548c39181b256d81e8fc2,2020-10-06_15-56-45,1602025005,194.15815567970276,75485,lambda1,140.221.79.11,194.15815567970276,0,2,"3_batch_size=757,dropout=0.40938,epochs=19,learning_rate=0.055471",0.05547101331186831,0.40937557538824965,19,757
afe2f1e5,0.5014826443397872,0.793468713760376,True,,,2,d9a3ff6962634bd3bd44073df9083988,2020-10-06_16-03-25,1602025405,593.7970716953278,75393,lambda1,140.221.79.11,593.7970716953278,0,2,"4_batch_size=882,dropout=0.32056,epochs=65,learning_rate=0.089849",0.08984937443223172,0.3205635655321368,65,882
afe2f1e6,0.8226904674273096,1.107053279876709,True,,,2,282b4652a2b8484294ecb81a7f6ba5c5,2020-10-06_15-56-51,1602025011,200.57011675834656,75339,lambda1,140.221.79.11,200.57011675834656,0,2,"5_batch_size=836,dropout=0.54261,epochs=20,learning_rate=0.091883",0.09188335243390872,0.5426118590566974,20,836
afe2f1e7,0.6794065473310756,0.714564323425293,True,,,2,171b5a8e0dd2477a9c5504d7e8d0513a,2020-10-06_15-56-49,1602025009,198.51754307746887,75317,lambda1,140.221.79.11,198.51754307746887,0,2,"6_batch_size=477,dropout=0.29749,epochs=20,learning_rate=0.074452",0.07445238449363448,0.29749075842239237,20,477
afe2f1e8,0.8377452507007163,1.336629867553711,True,,,2,4baf2efaca25472d956c8cb87e1c3d71,2020-10-06_15-56-47,1602025007,196.02777528762817,75378,lambda1,140.221.79.11,196.02777528762817,0,2,"7_batch_size=988,dropout=0.51118,epochs=20,learning_rate=0.068788",0.06878757326703411,0.5111824581095996,20,988
afe2f1e9,0.45400753093060786,1.2300443649291992,True,,,2,0ea5a474dd0f4db182e834d7ddcf8397,2020-10-06_16-00-13,1602025213,402.0958836078644,75409,lambda1,140.221.79.11,402.0958836078644,0,2,"8_batch_size=429,dropout=0.20602,epochs=43,learning_rate=0.097718",0.09771754919979857,0.20602279922162117,43,429
afe2f1ea,0.9117555831265509,1.0975379943847656,True,,,2,975cf284994a4aa9b765fbd7bd90d9b9,2020-10-06_16-01-42,1602025302,490.7470088005066,75340,lambda1,140.221.79.11,490.7470088005066,0,2,"9_batch_size=496,dropout=0.42505,epochs=50,learning_rate=0.038314",0.03831399093472958,0.42504860132223765,50,496
afe2f1eb,0.7420118343195266,0.6146433353424072,True,,,2,0272494be80245489cab2b126becb6ba,2020-10-06_16-02-09,1602025329,517.7433626651764,75328,lambda1,140.221.79.11,517.7433626651764,0,2,"10_batch_size=650,dropout=0.42432,epochs=53,learning_rate=0.061971",0.06197107525635278,0.42432385318404,53,650
afe2f1ec,0.6797823886639676,0.5569276809692383,True,,,2,669568e5becc44cb827f818269c2b04b,2020-10-06_16-03-54,1602025434,623.2021028995514,75334,lambda1,140.221.79.11,623.2021028995514,0,2,"11_batch_size=608,dropout=0.45193,epochs=66,learning_rate=0.082357",0.08235652420533654,0.45193084601174394,66,608
afe2f1ed,0.7612594659226783,1.2935256958007812,True,,,2,0a11fd65cbcd43c885f2daaaab42dcfd,2020-10-06_15-56-53,1602025013,201.865229845047,75325,lambda1,140.221.79.11,201.865229845047,0,2,"12_batch_size=965,dropout=0.6126,epochs=21,learning_rate=0.0895",0.08950031417080617,0.6125963968919924,21,965
afe2f1ee,0.7136038186157518,0.7483124732971191,True,,,2,c024f6f0efbf4bb7afb63123e0ae4c20,2020-10-06_15-56-45,1602025005,193.76356291770935,75327,lambda1,140.221.79.11,193.76356291770935,0,2,"13_batch_size=419,dropout=0.62628,epochs=19,learning_rate=0.066929",0.06692909449570837,0.6262814298722247,19,419
afe2f1ef,0.7344824424681398,2.266663074493408,True,,,2,633ec90482bd41a0bd6cf6125459e0d5,2020-10-06_16-01-27,1602025287,476.17646050453186,75454,lambda1,140.221.79.11,476.17646050453186,0,2,"14_batch_size=839,dropout=0.51306,epochs=50,learning_rate=0.081989",0.08198928945717751,0.5130610610714046,50,839
afe2f1f0,0.571032571032571,1.2032923698425293,True,,,2,e5bbb1268552481cba6aec91f53d7a74,2020-10-06_15-56-09,1602024969,157.85361123085022,75296,lambda1,140.221.79.11,157.85361123085022,0,2,"15_batch_size=666,dropout=0.36998,epochs=15,learning_rate=0.08564",0.0856402887079034,0.36997725369833007,15,666
afe2f1f1,0.8659641728134879,0.6585004329681396,True,,,2,d0014981e5f84325964478945526911d,2020-10-06_16-02-30,1602025350,538.7701141834259,75294,lambda1,140.221.79.11,538.7701141834259,0,2,"16_batch_size=730,dropout=0.44954,epochs=57,learning_rate=0.05107",0.051070357909012085,0.44954398294880243,57,730
afe2f1f2,0.4263591987880828,0.44953393936157227,True,,,2,cf033307b9c04a7596bf3ebfaa168651,2020-10-06_16-01-54,1602025314,503.0726590156555,75297,lambda1,140.221.79.11,503.0726590156555,0,2,"17_batch_size=457,dropout=0.31078,epochs=51,learning_rate=0.089102",0.08910189719518302,0.31077901653171885,51,457
afe2f1f3,0.7672717774585347,0.6830790042877197,True,,,2,711e27b967f14f3bbaffdb3092e84a51,2020-10-06_15-59-42,1602025182,371.2427439689636,75292,lambda1,140.221.79.11,371.2427439689636,0,2,"18_batch_size=589,dropout=0.39577,epochs=40,learning_rate=0.095474",0.0954743637399462,0.3957707322188335,40,589
afe2f1f4,0.819068255687974,1.1026611328125,True,,,2,5f5980fa10104cceaf0ae43ec1962d78,2020-10-06_15-57-41,1602025061,250.30495691299438,75299,lambda1,140.221.79.11,250.30495691299438,0,2,"19_batch_size=994,dropout=0.60503,epochs=27,learning_rate=0.078801",0.078800785299047,0.6050279158917696,27,994
afe2f1f5,0.9057258530942741,0.39968228340148926,True,,,2,f1f2c0aca01042b294ad19f0dbce24d2,2020-10-06_16-02-22,1602025342,531.1653170585632,75314,lambda1,140.221.79.11,531.1653170585632,0,2,"20_batch_size=399,dropout=0.41355,epochs=53,learning_rate=0.039007",0.03900693216406048,0.4135494688404904,53,399
35a52948,0.8894390847775976,0.7618410587310791,True,,,2,3a31a480401c4adf8f139dc3ce75ed65,2020-10-06_16-10-00,1602025800,355.86326026916504,75293,lambda1,140.221.79.11,355.86326026916504,0,2,"1_batch_size=901,dropout=0.36709,epochs=43,learning_rate=0.045855",0.04585511534848174,0.3670934243279981,43,901
35a52949,0.8779237023139462,0.5640833377838135,True,,,2,d2cffa462bfe4557a396fd920a9f624c,2020-10-06_16-10-05,1602025805,361.7583339214325,75289,lambda1,140.221.79.11,361.7583339214325,0,2,"2_batch_size=615,dropout=0.59773,epochs=45,learning_rate=0.045078",0.04507813128664387,0.5977341909987257,45,615
35a5294a,0.926829268292683,0.8498201370239258,True,,,2,ebd7bc7d521e467d96a4468eef359c5d,2020-10-06_16-09-02,1602025742,298.2136869430542,75291,lambda1,140.221.79.11,298.2136869430542,0,2,"3_batch_size=943,dropout=0.25501,epochs=36,learning_rate=0.035647",0.03564733498419699,0.2550051642980295,36,943
35a5294b,0.9208570601293311,0.8440656661987305,True,,,2,bd4cd23302a144c0b2bbd81fc24eccf7,2020-10-06_16-07-07,1602025627,182.8398928642273,75347,lambda1,140.221.79.11,182.8398928642273,0,2,"4_batch_size=797,dropout=0.47343,epochs=20,learning_rate=0.044992",0.044991759625025725,0.47342788974127914,20,797
35a5294c,0.8503038387431451,1.250619649887085,True,,,2,bdf3b8d2e5b545ba936c4d05fdcde75b,2020-10-06_16-10-01,1602025801,357.15978741645813,75361,lambda1,140.221.79.11,357.15978741645813,0,2,"5_batch_size=519,dropout=0.63116,epochs=42,learning_rate=0.042811",0.042810555226280265,0.6311579883827556,42,519
35a5294d,0.8720545277507303,0.875868558883667,True,,,2,2900369cb2f24477aa7c12d0d170fbca,2020-10-06_16-06-12,1602025572,128.68995809555054,75302,lambda1,140.221.79.11,128.68995809555054,0,2,"6_batch_size=790,dropout=0.62703,epochs=15,learning_rate=0.052101",0.052100625230586145,0.6270313057573205,15,790
35a5294e,0.9163105413105413,0.40920400619506836,True,,,2,f63039e4ec5046cb8b4c7f077ad285c4,2020-10-06_16-08-31,1602025711,267.1110863685608,75276,lambda1,140.221.79.11,267.1110863685608,0,2,"7_batch_size=432,dropout=0.25812,epochs=31,learning_rate=0.039501",0.03950131790762314,0.2581166578550744,31,432
35a5294f,0.9091139883219091,0.7975335121154785,True,,,2,58991d5d274a4e76a896745071c3d2fc,2020-10-06_16-12-27,1602025947,503.09467339515686,75287,lambda1,140.221.79.11,503.09467339515686,0,2,"8_batch_size=909,dropout=0.53493,epochs=64,learning_rate=0.02717",0.027169778195024263,0.5349331582974868,64,909
35a52950,0.8601500391893405,0.6366622447967529,True,,,2,1cfb2db15a494afebac10fa9925584f3,2020-10-06_16-09-09,1602025749,305.7736167907715,75275,lambda1,140.221.79.11,305.7736167907715,0,2,"9_batch_size=687,dropout=0.57686,epochs=38,learning_rate=0.062423",0.06242267193574131,0.5768632540503736,38,687
35a52951,0.9126413155190134,0.8679344654083252,True,,,2,ab0bc370eb284868bed0c82d771ce6cf,2020-10-06_16-12-43,1602025963,519.4417679309845,75447,lambda1,140.221.79.11,519.4417679309845,0,2,"10_batch_size=973,dropout=0.38513,epochs=65,learning_rate=0.036423",0.03642260229475525,0.3851323586617572,65,973
35a52952,0.9398567119155354,0.41520047187805176,True,,,2,c226491dc066455ca4219e8ea85526ba,2020-10-06_16-08-38,1602025718,274.7353894710541,75273,lambda1,140.221.79.11,274.7353894710541,0,2,"11_batch_size=408,dropout=0.20272,epochs=31,learning_rate=0.01952",0.019520181092574813,0.20272498203823408,31,408
35a52953,0.7389328395892947,0.42909836769104004,True,,,2,e4ffc612f6544bc1a258fc7f78aa73cf,2020-10-06_16-11-20,1602025880,436.483366727829,75288,lambda1,140.221.79.11,436.483366727829,0,2,"12_batch_size=457,dropout=0.30089,epochs=52,learning_rate=0.054094",0.054093674943354014,0.30088703871102207,52,457
35a52954,0.9788672865595942,0.716810941696167,True,,,2,b8c88d130813474f8175fb8817025f10,2020-10-06_16-11-13,1602025873,428.952880859375,75295,lambda1,140.221.79.11,428.952880859375,0,2,"13_batch_size=819,dropout=0.47815,epochs=53,learning_rate=0.0095124",0.009512352678338365,0.47815167330073977,53,819
35a52955,0.9804123711340206,0.8495895862579346,True,,,2,940015060f7e4db89fa9178446834241,2020-10-06_16-11-37,1602025897,453.55310344696045,75274,lambda1,140.221.79.11,453.55310344696045,0,2,"14_batch_size=970,dropout=0.2364,epochs=58,learning_rate=0.043443",0.043443300104118655,0.23640350915161878,58,970
35a52956,0.8924693924693925,0.539658784866333,True,,,2,b7874407eabc4bfeaa183bed57f994ca,2020-10-06_16-09-37,1602025777,333.63511872291565,75269,lambda1,140.221.79.11,333.63511872291565,0,2,"15_batch_size=666,dropout=0.51145,epochs=40,learning_rate=0.053656",0.05365576324066195,0.511453332091024,40,666
35a52957,0.9816239316239316,0.7529323101043701,True,,,2,e3371bcb400f463e8ef43a3c208b5b84,2020-10-06_16-10-08,1602025808,364.6634020805359,75305,lambda1,140.221.79.11,364.6634020805359,0,2,"16_batch_size=900,dropout=0.43328,epochs=44,learning_rate=0.028704",0.02870389943968017,0.43328315851183435,44,900
35a52958,0.9278994386908056,0.8431642055511475,True,,,2,79de53733a13485eb0f8603d2bddcd93,2020-10-06_16-09-29,1602025769,325.50786209106445,75329,lambda1,140.221.79.11,325.50786209106445,0,2,"17_batch_size=973,dropout=0.34266,epochs=40,learning_rate=0.039951",0.03995055816592962,0.34265559464428896,40,973
35a52959,0.9170627606945387,0.7154459953308105,True,,,2,67b2fbbccb8648cba1a7d5e24a21ad39,2020-10-06_16-11-35,1602025895,450.94350242614746,75266,lambda1,140.221.79.11,450.94350242614746,0,2,"18_batch_size=793,dropout=0.39759,epochs=55,learning_rate=0.054475",0.05447529494482856,0.397592661147608,55,793
35a5295a,0.9434899117276166,1.1191563606262207,True,,,2,4891bdda452848a086b8bab9cf891102,2020-10-06_16-07-48,1602025668,224.2408618927002,75262,lambda1,140.221.79.11,224.2408618927002,0,2,"19_batch_size=976,dropout=0.29279,epochs=26,learning_rate=0.030798",0.03079815350968876,0.2927876859292357,26,976
35a5295b,0.9234075380207185,0.6941242218017578,True,,,2,b926f17d3b9b4bf1837be031ad6f8bd5,2020-10-06_16-07-48,1602025668,224.59693312644958,75503,lambda1,140.221.79.11,224.59693312644958,0,2,"20_batch_size=698,dropout=0.50218,epochs=26,learning_rate=0.044938",0.0449377561073407,0.502177551111195,26,698
70f82b66,0.1748251748251748,0.08514785766601562,True,,,2,ecf7d35d27674c6998274f5f07586d31,2020-10-06_16-41-57,1602027717,1744.3151705265045,75348,lambda1,140.221.79.11,1744.3151705265045,0,2,"1_batch_size=33,dropout=0.55052,epochs=83,learning_rate=0.098415",0.09841473397396888,0.55052426826835,83,33
70f82b67,0.29266136162687884,0.1333460807800293,True,,,2,0960b73070f049c58beaa66470d21ca5,2020-10-06_16-21-55,1602026515,543.2284615039825,75263,lambda1,140.221.79.11,543.2284615039825,0,2,"2_batch_size=87,dropout=0.79074,epochs=44,learning_rate=0.059525",0.059524573051030746,0.7907376848431742,44,87
70f82b68,0.6213786213786214,0.3791639804840088,True,,,2,e84d861bd9af42a5ab43804d75f04f90,2020-10-06_16-21-36,1602026496,523.3734538555145,75264,lambda1,140.221.79.11,523.3734538555145,0,2,"3_batch_size=308,dropout=0.81152,epochs=57,learning_rate=0.053069",0.05306859908396713,0.8115216074240021,57,308
70f82b69,0.4,0.1598827838897705,True,,,2,9cc1a904205048a4b6fb028a5eec924c,2020-10-06_16-21-32,1602026492,520.0644090175629,75301,lambda1,140.221.79.11,520.0644090175629,0,2,"4_batch_size=100,dropout=0.46387,epochs=44,learning_rate=0.070952",0.07095161388304067,0.4638670148669559,44,100
70f82b6a,0.8699965193177863,0.35103440284729004,True,,,2,eb035a5415e24315b39e8d5b44c9aa4d,2020-10-06_16-23-03,1602026583,610.3685786724091,75268,lambda1,140.221.79.11,610.3685786724091,0,2,"5_batch_size=442,dropout=0.62995,epochs=79,learning_rate=0.051402",0.05140157219641587,0.6299490533625949,79,442
70f82b6b,0.3953427524856097,0.30126404762268066,True,,,2,8856ddf9abbb41f3a534640450e93d91,2020-10-06_16-26-58,1602026818,845.9171342849731,75267,lambda1,140.221.79.11,845.9171342849731,0,2,"6_batch_size=294,dropout=0.87999,epochs=99,learning_rate=0.078458",0.07845751452958163,0.8799911070863116,99,294
70f82b6c,0.6593846153846155,0.2681596279144287,True,,,2,91922f18156f4d12be512942f5080e79,2020-10-06_16-23-00,1602026580,607.7652373313904,75261,lambda1,140.221.79.11,607.7652373313904,0,2,"7_batch_size=250,dropout=0.64798,epochs=68,learning_rate=0.069104",0.06910439635276645,0.6479844325658777,68,250
70f82b6d,0.8095750403442711,0.16174602508544922,True,,,2,7c8e7112c72742789cb2f69aa6876e2c,2020-10-06_16-24-12,1602026652,679.3093557357788,75265,lambda1,140.221.79.11,679.3093557357788,0,2,"8_batch_size=143,dropout=0.56123,epochs=68,learning_rate=0.039355",0.03935477568893339,0.5612269422803445,68,143
70f82b6e,0.8492973372781065,0.6493411064147949,True,,,2,0776b6c8e87d4d54b12c0b13c5d828db,2020-10-06_16-21-15,1602026475,502.2887876033783,75401,lambda1,140.221.79.11,502.2887876033783,0,2,"9_batch_size=416,dropout=0.51435,epochs=59,learning_rate=0.050765",0.05076541605807236,0.5143522608659497,59,416
70f82b6f,0.8334149926506614,0.45221400260925293,True,,,2,076dfc1c5acf4de9805e38783a04bc50,2020-10-06_16-23-46,1602026626,653.3947579860687,75258,lambda1,140.221.79.11,653.3947579860687,0,2,"10_batch_size=471,dropout=0.51523,epochs=78,learning_rate=0.053781",0.053781230935776664,0.5152344550187757,78,471
70f82b70,0.8747894441325098,0.6375067234039307,True,,,2,709e64e1600f4bd2bac5fb93509321d8,2020-10-06_16-21-19,1602026479,507.1584300994873,75259,lambda1,140.221.79.11,507.1584300994873,0,2,"11_batch_size=411,dropout=0.51183,epochs=58,learning_rate=0.047784",0.04778413697803002,0.5118263835431536,58,411
70f82b71,0.46489104116222757,0.3873724937438965,True,,,2,0af73575958c4fec9f64de2a66bff7bf,2020-10-06_16-26-22,1602026782,809.6294739246368,75256,lambda1,140.221.79.11,809.6294739246368,0,2,"12_batch_size=413,dropout=0.89725,epochs=97,learning_rate=0.046952",0.046951514490117724,0.8972548592467349,97,413
70f82b72,0.7378621378621378,0.32660436630249023,True,,,2,ace3c7eb67d74fb59c251e3da4cf7d57,2020-10-06_16-23-34,1602026614,641.739342212677,75257,lambda1,140.221.79.11,641.739342212677,0,2,"13_batch_size=385,dropout=0.6542,epochs=74,learning_rate=0.069138",0.06913804426017578,0.6541972090859748,74,385
70f82b73,0.7527472527472527,0.3974170684814453,True,,,2,29c911961a4742adaf0d2f490f0498d4,2020-10-06_16-23-02,1602026582,609.5384933948517,75255,lambda1,140.221.79.11,609.5384933948517,0,2,"14_batch_size=406,dropout=0.64572,epochs=72,learning_rate=0.054241",0.054241204469929596,0.6457178091384561,72,406
70f82b74,0.5969230769230769,0.21730637550354004,True,,,2,ef0adbad142c47559dc8cc9e5ece34d4,2020-10-06_16-26-00,1602026760,787.3629229068756,75247,lambda1,140.221.79.11,787.3629229068756,0,2,"15_batch_size=200,dropout=0.55416,epochs=86,learning_rate=0.055936",0.05593592176452612,0.5541613511930243,86,200
70f82b75,0.5571321882001494,0.2714064121246338,True,,,2,1eda188ca46946cea805553efeeb30cc,2020-10-06_16-22-35,1602026555,583.2262556552887,75260,lambda1,140.221.79.11,583.2262556552887,0,2,"16_batch_size=206,dropout=0.6109,epochs=62,learning_rate=0.092288",0.09228826022403841,0.6108972051898124,62,206
70f82b76,0.6859635210150674,0.4392518997192383,True,,,2,d8c8351bf0bd400eb0c202227243e8fb,2020-10-06_16-25-50,1602026750,777.8449594974518,75249,lambda1,140.221.79.11,777.8449594974518,0,2,"17_batch_size=485,dropout=0.49144,epochs=97,learning_rate=0.061791",0.06179135370678782,0.49144364212914415,97,485
70f82b77,0.3621794871794872,0.07208085060119629,True,,,2,9817b9bf7b3949019263be59827a0af4,2020-10-06_16-52-49,1602028369,2396.9008560180664,75286,lambda1,140.221.79.11,2396.9008560180664,0,2,"18_batch_size=24,dropout=0.65193,epochs=92,learning_rate=0.070458",0.07045752242317188,0.6519295476143666,92,24
70f82b78,0.6101584190756165,0.37824583053588867,True,,,2,f6a6b5b497a14ffba1aa35b6441247d0,2020-10-06_16-26-03,1602026763,790.3533027172089,75250,lambda1,140.221.79.11,790.3533027172089,0,2,"19_batch_size=471,dropout=0.47534,epochs=98,learning_rate=0.099189",0.0991886264105187,0.4753370383040398,98,471
70f82b79,0.7123233908948194,0.3797485828399658,True,,,2,c5e506f380864e53aabdbe328c50b832,2020-10-06_16-21-18,1602026478,505.81171226501465,75248,lambda1,140.221.79.11,505.81171226501465,0,2,"20_batch_size=196,dropout=0.74631,epochs=52,learning_rate=0.050889",0.05088869489937407,0.7463090071988112,52,196
0b2b140a,0.9591251885369533,0.44077086448669434,True,,,2,42202dcd11004f1a9c60f8d1f8e76809,2020-10-06_17-03-25,1602029005,626.357542514801,75242,lambda1,140.221.79.11,626.357542514801,0,2,"1_batch_size=510,dropout=0.60406,epochs=85,learning_rate=0.0053135",0.005313485001440368,0.6040610378510342,85,510
0b2b140b,0.7575809491176975,0.434814453125,True,,,2,9cd6aa98e31d453a83da359a5c2c2036,2020-10-06_17-00-43,1602028843,464.2858474254608,75332,lambda1,140.221.79.11,464.2858474254608,0,2,"2_batch_size=449,dropout=0.85908,epochs=55,learning_rate=0.01918",0.019179608966049047,0.8590759815770214,55,449
0b2b140c,0.8068669527896996,0.6082353591918945,True,,,2,a44f659da9614dd39627ed94280f8ab5,2020-10-06_16-59-26,1602028766,386.8110177516937,75239,lambda1,140.221.79.11,386.8110177516937,0,2,"3_batch_size=466,dropout=0.65086,epochs=51,learning_rate=0.058693",0.0586931314165635,0.650857892560853,51,466
0b2b140d,0.9014542671259089,0.3815155029296875,True,,,2,547d9b1c2f8b4d3dad661745b203d49a,2020-10-06_17-03-57,1602029037,657.5687317848206,75298,lambda1,140.221.79.11,657.5687317848206,0,2,"4_batch_size=402,dropout=0.54339,epochs=79,learning_rate=0.022777",0.02277718172480118,0.5433857563756583,79,402
0b2b140e,0.9138621794871795,0.48675537109375,True,,,2,44a7f3dfb0724ec6b64ce1575e163109,2020-10-06_17-02-18,1602028938,558.6484639644623,75243,lambda1,140.221.79.11,558.6484639644623,0,2,"5_batch_size=576,dropout=0.73206,epochs=68,learning_rate=0.019222",0.01922162204008168,0.7320646419139587,68,576
0b2b140f,0.9358974358974359,0.5106010437011719,True,,,2,755f4c4371bc4936bab4348bd1babe4a,2020-10-06_17-05-56,1602029156,777.2459201812744,75271,lambda1,140.221.79.11,777.2459201812744,0,2,"6_batch_size=552,dropout=0.47324,epochs=97,learning_rate=0.011066",0.011065560983643056,0.4732410670141922,97,552
0b2b1410,0.7630544637843908,0.48439455032348633,True,,,2,e568c4cb3fd741dc801a031d9c0edc38,2020-10-06_17-03-36,1602029016,637.344521522522,75240,lambda1,140.221.79.11,637.344521522522,0,2,"7_batch_size=548,dropout=0.79605,epochs=79,learning_rate=0.045988",0.04598783439700556,0.7960516814163431,79,548
0b2b1411,0.6195687158030254,0.25755953788757324,True,,,2,286a17f19d6449408fc0f948e04b64cd,2020-10-06_17-04-19,1602029059,680.2263181209564,75233,lambda1,140.221.79.11,680.2263181209564,0,2,"8_batch_size=239,dropout=0.75494,epochs=77,learning_rate=0.059247",0.059246717335950994,0.7549393286448555,77,239
0b2b1412,0.9640765326044514,0.23300957679748535,True,,,2,a8575e353c6c46769f19a8f29ddb9807,2020-10-06_17-02-30,1602028950,570.8011655807495,75238,lambda1,140.221.79.11,570.8011655807495,0,2,"9_batch_size=197,dropout=0.58617,epochs=61,learning_rate=0.0076381",0.007638113013603552,0.5861733594214349,61,197
0b2b1413,0.8985754985754986,0.3981304168701172,True,,,2,621f4580e2e54704a36dc1a0f3929776,2020-10-06_16-59-42,1602028782,402.55759501457214,75232,lambda1,140.221.79.11,402.55759501457214,0,2,"10_batch_size=270,dropout=0.71709,epochs=45,learning_rate=0.015174",0.01517425365995569,0.7170858490678563,45,270
0b2b1414,0.8399703190699975,0.4780893325805664,True,,,2,05ad4791194b4bd3a3d4214970c69153,2020-10-06_17-05-42,1602029142,763.3628647327423,75397,lambda1,140.221.79.11,763.3628647327423,0,2,"11_batch_size=311,dropout=0.48068,epochs=91,learning_rate=0.045562",0.045561558272109164,0.48068108000554854,91,311
0b2b1415,0.8532476169363777,0.3349888324737549,True,,,2,ba1a3cf8f9954d8da84aba7bfe28c8ae,2020-10-06_17-01-43,1602028903,524.5038814544678,75270,lambda1,140.221.79.11,524.5038814544678,0,2,"12_batch_size=347,dropout=0.82543,epochs=61,learning_rate=0.017452",0.01745202989105587,0.8254268407788925,61,347
0b2b1416,0.6894586894586894,0.08081245422363281,True,,,2,68602955fa6b4b42bee3b65ec8560602,2020-10-06_17-12-00,1602029520,1141.1179769039154,75230,lambda1,140.221.79.11,1141.1179769039154,0,2,"13_batch_size=27,dropout=0.63794,epochs=57,learning_rate=0.038203",0.03820264799251464,0.6379440121217627,57,27
0b2b1417,0.8410445642917967,0.2782735824584961,True,,,2,87d4b133034f447390f1a15e243cb18d,2020-10-06_17-02-30,1602028950,570.6720073223114,75241,lambda1,140.221.79.11,570.6720073223114,0,2,"14_batch_size=271,dropout=0.65002,epochs=65,learning_rate=0.040528",0.040528330649319676,0.6500174684249902,65,271
0b2b1418,0.7701278313523212,0.41243720054626465,True,,,2,de4b2c43f89840619b06c8857a54d2a0,2020-10-06_17-00-01,1602028801,421.9601776599884,75218,lambda1,140.221.79.11,421.9601776599884,0,2,"15_batch_size=343,dropout=0.75033,epochs=48,learning_rate=0.040275",0.040275342489398194,0.7503315686616382,48,343
0b2b1419,0.9099051633298209,0.18173456192016602,True,,,2,5d5459cef642463d90bcd073803a1bc2,2020-10-06_17-05-41,1602029141,762.4292285442352,75285,lambda1,140.221.79.11,762.4292285442352,0,2,"16_batch_size=146,dropout=0.8289,epochs=80,learning_rate=0.0014155",0.0014154873248975516,0.8289003842733114,80,146
0b2b141a,0.5703703703703704,0.17096877098083496,True,,,2,15f113efc029469bb36503788c4f1291,2020-10-06_17-00-48,1602028848,469.4515082836151,75170,lambda1,140.221.79.11,469.4515082836151,0,2,"17_batch_size=135,dropout=0.75689,epochs=45,learning_rate=0.042561",0.04256058773763905,0.7568935073311285,45,135
0b2b141b,0.8530706350869839,0.2980351448059082,True,,,2,883e1eab5ac1420d8aab43311af8c59d,2020-10-06_17-04-07,1602029047,668.2361180782318,75272,lambda1,140.221.79.11,668.2361180782318,0,2,"18_batch_size=367,dropout=0.59065,epochs=89,learning_rate=0.051255",0.05125453949718466,0.5906520523520638,89,367
0b2b141c,0.8677119059284665,0.1880323886871338,True,,,2,c0c6bcb795c2453498772c8cea0322a3,2020-10-06_17-00-52,1602028852,472.67902398109436,75213,lambda1,140.221.79.11,472.67902398109436,0,2,"19_batch_size=157,dropout=0.69118,epochs=48,learning_rate=0.017754",0.017753724417263264,0.6911803684137481,48,157
0b2b141d,0.8811364514882103,0.3806803226470947,True,,,2,994fa1f3e866498b9349fda7bf7d5c5e,2020-10-06_17-02-19,1602028939,559.6981723308563,25973,lambda1,140.221.79.11,559.6981723308563,0,2,"20_batch_size=398,dropout=0.54557,epochs=66,learning_rate=0.036989",0.03698895746966975,0.5455690189057035,66,398
b9309f0a,0.8553032870213487,0.22607707977294922,True,,,2,7c72ebc35b454a70b293c7573425da5c,2020-10-06_17-24-38,1602030278,738.8232715129852,67550,lambda1,140.221.79.11,738.8232715129852,0,2,"1_batch_size=227,dropout=0.41734,epochs=77,learning_rate=0.043317",0.043316978109527976,0.41734083885746154,77,227
b9309f0b,0.6653707303526798,0.325117826461792,True,,,2,3eb935e281294e67a43506531258408c,2020-10-06_17-23-11,1602030191,652.3286023139954,67554,lambda1,140.221.79.11,652.3286023139954,0,2,"2_batch_size=277,dropout=0.59619,epochs=68,learning_rate=0.082816",0.08281575112875483,0.5961921523093417,68,277
b9309f0c,0.788334742180896,0.4606966972351074,True,,,2,ef83b99a7e8449d08d717d7f16a268ff,2020-10-06_17-25-09,1602030309,769.7544038295746,67558,lambda1,140.221.79.11,769.7544038295746,0,2,"3_batch_size=455,dropout=0.56214,epochs=89,learning_rate=0.059262",0.05926175723725052,0.562137510142939,89,455
b9309f0d,0.7489010989010989,0.7441823482513428,True,,,2,f5e437a8110e4f80bc59885cf1dce26b,2020-10-06_17-20-30,1602030030,490.7189071178436,67552,lambda1,140.221.79.11,490.7189071178436,0,2,"4_batch_size=420,dropout=0.38815,epochs=55,learning_rate=0.063412",0.0634118893471424,0.38814511602594876,55,420
b9309f0e,0.7633838845240271,0.28922390937805176,True,,,2,72f1159593874e7c8fcf768b77e9ac6d,2020-10-06_17-26-37,1602030397,857.7518863677979,67548,lambda1,140.221.79.11,857.7518863677979,0,2,"5_batch_size=421,dropout=0.28793,epochs=99,learning_rate=0.058948",0.058948101350959584,0.2879299319642767,99,421
b9309f0f,0.8409209837781266,0.17444181442260742,True,,,2,989b065c95b54072bfbddc21a5d30d46,2020-10-06_17-25-48,1602030348,808.9400281906128,67556,lambda1,140.221.79.11,808.9400281906128,0,2,"6_batch_size=147,dropout=0.5873,epochs=77,learning_rate=0.039509",0.03950929921569013,0.5873017126082205,77,147
b9309f10,0.6185716355207881,0.5102095603942871,True,,,2,0f2954108ae04ca5b985538225ec125e,2020-10-06_17-22-42,1602030162,623.413117647171,67561,lambda1,140.221.79.11,623.413117647171,0,2,"7_batch_size=531,dropout=0.61789,epochs=70,learning_rate=0.084743",0.08474267042909828,0.6178863728850866,70,531
b9309f11,0.5176544766708702,0.7379448413848877,True,,,2,96b4c648052440a5bc7d44200fff912a,2020-10-06_17-19-35,1602029975,436.52158999443054,67563,lambda1,140.221.79.11,436.52158999443054,0,2,"8_batch_size=488,dropout=0.35932,epochs=47,learning_rate=0.099245",0.09924537446836762,0.3593222291992306,47,488
b9309f12,0.523076923076923,0.06125044822692871,True,,,2,17ce644d9505408e9adb5ccb96a4b660,2020-10-06_17-46-16,1602031576,2037.4982271194458,67566,lambda1,140.221.79.11,2037.4982271194458,0,2,"9_batch_size=15,dropout=0.56329,epochs=56,learning_rate=0.038337",0.03833725112525775,0.563293671495925,56,15
b9309f13,0.6226415094339622,0.3697397708892822,True,,,2,620a79a8a72d4a1880544b1d5c8a8bc8,2020-10-06_17-25-56,1602030356,816.6244869232178,67573,lambda1,140.221.79.11,816.6244869232178,0,2,"10_batch_size=371,dropout=0.50267,epochs=93,learning_rate=0.072213",0.07221281574185243,0.5026677892091422,93,371
b9309f14,0.6779999999999999,0.9222671985626221,True,,,2,79f8f54b2a8244b4a496f01b35187602,2020-10-06_17-21-37,1602030097,557.963253736496,67579,lambda1,140.221.79.11,557.963253736496,0,2,"11_batch_size=500,dropout=0.27201,epochs=64,learning_rate=0.068858",0.06885798446631278,0.27201089841428006,64,500
b9309f15,0.677991452991453,0.3504154682159424,True,,,2,67b44aa16afd44fdacf016a13fe44356,2020-10-06_17-26-17,1602030377,838.2562057971954,67570,lambda1,140.221.79.11,838.2562057971954,0,2,"12_batch_size=360,dropout=0.45475,epochs=93,learning_rate=0.069346",0.06934628727327438,0.4547505141652265,93,360
b9309f16,0.69113104868363,0.7413029670715332,True,,,2,32edb3ef7f5840b7b8c1d08560a35d91,2020-10-06_17-22-02,1602030122,582.7921073436737,67575,lambda1,140.221.79.11,582.7921073436737,0,2,"13_batch_size=523,dropout=0.32382,epochs=67,learning_rate=0.068633",0.06863305783299357,0.32382347670094663,67,523
b9309f17,0.8080101716465353,0.16310429573059082,True,,,2,188f5ffaf9b24a069ba0271c6e92c12f,2020-10-06_17-30-06,1602030606,1066.7113020420074,67581,lambda1,140.221.79.11,1066.7113020420074,0,2,"14_batch_size=121,dropout=0.52004,epochs=100,learning_rate=0.038667",0.038667331814057695,0.5200395215552578,100,121
b9309f18,0.7258985555928787,0.24675726890563965,True,,,2,bac14b1bae164f80b87056e6a9b1aa29,2020-10-06_17-26-40,1602030400,860.7856841087341,67583,lambda1,140.221.79.11,860.7856841087341,0,2,"15_batch_size=229,dropout=0.29886,epochs=92,learning_rate=0.068121",0.06812062539169268,0.29885868499089285,92,229
b9309f19,0.5054945054945055,0.15906596183776855,True,,,2,715bb097e2484d17b6474de0e9074263,2020-10-06_17-25-37,1602030337,798.0198261737823,67586,lambda1,140.221.79.11,798.0198261737823,0,2,"16_batch_size=112,dropout=0.3475,epochs=71,learning_rate=0.096103",0.09610269975759668,0.34750368654809916,71,112
b9309f1a,0.47467166979362097,0.3263075351715088,True,,,2,ee050b5afb144a37844e8f5cb138d4c6,2020-10-06_17-26-55,1602030415,876.3439888954163,67593,lambda1,140.221.79.11,876.3439888954163,0,2,"17_batch_size=328,dropout=0.2963,epochs=99,learning_rate=0.07769",0.0776901109917835,0.29630307139885886,99,328
b9309f1b,0.8063348416289593,0.19814586639404297,True,,,2,e9e2e35ec1ad410b8d869a124cae2985,2020-10-06_17-24-45,1602030285,746.2413086891174,67591,lambda1,140.221.79.11,746.2413086891174,0,2,"18_batch_size=170,dropout=0.45667,epochs=75,learning_rate=0.053428",0.05342777419606726,0.4566668013371812,75,170
b9309f1c,0.8964368964368964,0.9246349334716797,True,,,2,d5ff4e8915274bf28986977b27208de7,2020-10-06_17-26-38,1602030398,858.9661934375763,67595,lambda1,140.221.79.11,858.9661934375763,0,2,"19_batch_size=231,dropout=0.26482,epochs=92,learning_rate=0.061133",0.06113259113046098,0.2648214078234128,92,231
b9309f1d,0.9289940828402367,0.32738327980041504,True,,,2,1620dee6a7fa477cbaa9cd76d556d8b6,2020-10-06_17-22-10,1602030130,590.8482995033264,67599,lambda1,140.221.79.11,590.8482995033264,0,2,"20_batch_size=247,dropout=0.50096,epochs=62,learning_rate=0.047128",0.047128237292658505,0.5009586864857667,62,247
82ec5cb8,0.9058553386911596,0.11958885192871094,True,,,2,5ee5df2ba7874b8d9a13fda1210df066,2020-10-06_17-56-59,1602032219,632.1425585746765,68218,lambda1,140.221.79.11,632.1425585746765,0,2,"1_batch_size=67,dropout=0.32413,epochs=45,learning_rate=0.021391",0.021390596275077844,0.3241300935404602,45,67
82ec5cb9,0.9553213909378293,0.36623334884643555,True,,,2,4b3548a367cc45ebb44967e89c0e8a36,2020-10-06_17-55-53,1602032153,566.0182313919067,68147,lambda1,140.221.79.11,566.0182313919067,0,2,"2_batch_size=365,dropout=0.46958,epochs=62,learning_rate=0.012391",0.012390630455390088,0.46958469134786734,62,365
82ec5cba,0.977397010572366,0.24677538871765137,True,,,2,790777803ba14cdf9ae43933f3a03ba8,2020-10-06_17-58-32,1602032312,725.3234264850616,68160,lambda1,140.221.79.11,725.3234264850616,0,2,"3_batch_size=211,dropout=0.28319,epochs=75,learning_rate=0.011598",0.011597895387859429,0.28319299911147433,75,211
82ec5cbb,0.9684097804747457,0.40411877632141113,True,,,2,c87c3191aee943ba9e66bbdbebd0877d,2020-10-06_17-59-21,1602032361,774.8735930919647,68122,lambda1,140.221.79.11,774.8735930919647,0,2,"4_batch_size=431,dropout=0.31474,epochs=91,learning_rate=0.0099097",0.009909697019317458,0.3147390785615916,91,431
82ec5cbc,0.9112254025044723,0.3065190315246582,True,,,2,1a241890832547b0b79f594940f05495,2020-10-06_17-56-59,1602032219,632.6962881088257,68033,lambda1,140.221.79.11,632.6962881088257,0,2,"5_batch_size=344,dropout=0.3607,epochs=69,learning_rate=0.028259",0.028259156832784217,0.3607019746726793,69,344
82ec5cbd,0.7525987525987525,0.5232605934143066,True,,,2,b3baad7b776044b8a2182d1e72aaec86,2020-10-06_17-54-46,1602032086,499.44006967544556,68070,lambda1,140.221.79.11,499.44006967544556,0,2,"6_batch_size=259,dropout=0.56618,epochs=52,learning_rate=0.045133",0.045132601728537905,0.5661835738770047,52,259
82ec5cbe,0.7263444520081688,0.26157045364379883,True,,,2,4c5dff5a806f4d2d8a454186a60a928a,2020-10-06_17-58-28,1602032308,721.8035514354706,67988,lambda1,140.221.79.11,721.8035514354706,0,2,"7_batch_size=226,dropout=0.42659,epochs=77,learning_rate=0.049549",0.04954868903202799,0.4265887043855989,77,226
82ec5cbf,0.8688092729188619,0.5285847187042236,True,,,2,6d3915c13e1a4499bf5af648b4769ff3,2020-10-06_17-56-15,1602032175,588.015772819519,68106,lambda1,140.221.79.11,588.015772819519,0,2,"8_batch_size=438,dropout=0.60277,epochs=66,learning_rate=0.03232",0.03231970721906184,0.6027663638062284,66,438
82ec5cc0,0.9014881576189478,0.3865475654602051,True,,,2,226413f8b060494bb9bf9f3aba28b4fe,2020-10-06_17-58-48,1602032328,741.3834657669067,68068,lambda1,140.221.79.11,741.3834657669067,0,2,"9_batch_size=367,dropout=0.54497,epochs=82,learning_rate=0.012401",0.012400585575975929,0.5449703088698596,82,367
82ec5cc1,0.9370273794002608,0.49803948402404785,True,,,2,a815f38dc54d482a8fdcd8ba5872a839,2020-10-06_17-58-01,1602032281,694.4043772220612,67998,lambda1,140.221.79.11,694.4043772220612,0,2,"10_batch_size=590,dropout=0.40757,epochs=81,learning_rate=0.02813",0.028130014219393828,0.4075729397794704,81,590
82ec5cc2,0.9925612848689772,0.4445469379425049,True,,,2,17ee1cc3c4604473b2bf69abec7180ee,2020-10-06_17-59-46,1602032386,799.208024263382,68012,lambda1,140.221.79.11,799.208024263382,0,2,"11_batch_size=455,dropout=0.24127,epochs=93,learning_rate=0.015529",0.015528922348022885,0.24126995477208937,93,455
82ec5cc3,0.9570512820512821,0.15924668312072754,True,,,2,0502e4f24dea49a0ba0e46f623cf0f49,2020-10-06_18-04-02,1602032642,1054.9789090156555,67983,lambda1,140.221.79.11,1054.9789090156555,0,2,"12_batch_size=120,dropout=0.2571,epochs=98,learning_rate=0.025221",0.025221334163468844,0.2570974897873758,98,120
82ec5cc4,0.9252747252747253,0.10753750801086426,True,,,2,73545236e02c470980e0b6b3a1689401,2020-10-06_18-02-43,1602032563,976.2104115486145,67947,lambda1,140.221.79.11,976.2104115486145,0,2,"13_batch_size=70,dropout=0.46538,epochs=73,learning_rate=0.0068346",0.006834647856594806,0.4653788148825042,73,70
82ec5cc5,0.8540499235863475,0.5778534412384033,True,,,2,9236cf9457cd45878f19dfdb965e487b,2020-10-06_17-55-14,1602032114,527.4004037380219,67977,lambda1,140.221.79.11,527.4004037380219,0,2,"14_batch_size=302,dropout=0.34399,epochs=55,learning_rate=0.057917",0.05791664690483554,0.3439885986800171,55,302
82ec5cc6,0.4755996691480563,0.11845731735229492,True,,,2,23a67b4c8efd40fa9627cd0601ddd143,2020-10-06_17-56-20,1602032180,593.308177947998,67955,lambda1,140.221.79.11,593.308177947998,0,2,"15_batch_size=93,dropout=0.32225,epochs=47,learning_rate=0.051951",0.051950875433498106,0.32224713031258967,47,93
82ec5cc7,0.8893211193374325,0.8642210960388184,True,,,2,6f4dab8c8aff455eb815fe0a9a184db7,2020-10-06_17-54-08,1602032048,461.7876617908478,67993,lambda1,140.221.79.11,461.7876617908478,0,2,"16_batch_size=613,dropout=0.46905,epochs=53,learning_rate=0.040884",0.040884408681086525,0.46904998911331364,53,613
82ec5cc8,0.9594213126323218,0.2850983142852783,True,,,2,8f641d60f60e4b19a87083c615394b49,2020-10-06_17-55-56,1602032156,569.757360458374,68005,lambda1,140.221.79.11,569.757360458374,0,2,"17_batch_size=218,dropout=0.4731,epochs=57,learning_rate=0.0088582",0.00885817726856582,0.4731012022595538,57,218
82ec5cc9,0.7860696517412935,0.29248499870300293,True,,,2,63bc6e971a344c7099b37701189efc58,2020-10-06_17-54-59,1602032099,511.9823188781738,67940,lambda1,140.221.79.11,511.9823188781738,0,2,"18_batch_size=201,dropout=0.4192,epochs=52,learning_rate=0.048025",0.04802450519146987,0.41920477655498556,52,201
82ec5cca,0.3358974358974359,0.07857251167297363,True,,,2,1ac66404886745af86a7891280ce8dac,2020-10-06_18-09-15,1602032955,1368.897631406784,67930,lambda1,140.221.79.11,1368.897631406784,0,2,"19_batch_size=30,dropout=0.60026,epochs=61,learning_rate=0.054219",0.05421924557353548,0.600263986873285,61,30
82ec5ccb,0.9056869810433965,0.43399667739868164,True,,,2,b6f444e5fa0b4873a27436696bb26828,2020-10-06_17-57-35,1602032255,668.3395125865936,67923,lambda1,140.221.79.11,668.3395125865936,0,2,"20_batch_size=491,dropout=0.61257,epochs=78,learning_rate=0.046262",0.04626156899226455,0.6125716451786405,78,491
b8ac6c8c,0.7073205604804118,0.8605935573577881,True,,,2,249458fd39d243e4b29045498d566c4f,2020-10-06_18-11-21,1602033081,116.34705710411072,67926,lambda1,140.221.79.11,116.34705710411072,0,2,"1_batch_size=538,dropout=0.65056,epochs=12,learning_rate=0.072917",0.07291737006582004,0.6505564566999721,12,538
b8ac6c8d,0.15625,0.042734622955322266,True,,,2,6e072da1e49f4f84b230b8106f512e6d,2020-10-06_18-24-20,1602033860,895.323264837265,67991,lambda1,140.221.79.11,895.323264837265,0,2,"2_batch_size=32,dropout=0.52486,epochs=53,learning_rate=0.062934",0.06293389932664162,0.5248554212764539,53,32
b8ac6c8e,0.7473670177309693,0.6813654899597168,True,,,2,3473e7ffca104fe2a8c222cb00cd7f16,2020-10-06_18-13-42,1602033222,256.9844238758087,67921,lambda1,140.221.79.11,256.9844238758087,0,2,"3_batch_size=577,dropout=0.63026,epochs=30,learning_rate=0.064137",0.06413718007127601,0.6302599729434847,30,577
b8ac6c8f,0.50787224471435,0.29718899726867676,True,,,2,5e457760cf694da88e9b606928e7f145,2020-10-06_18-13-38,1602033218,253.5099959373474,67929,lambda1,140.221.79.11,253.5099959373474,0,2,"4_batch_size=171,dropout=0.49189,epochs=26,learning_rate=0.076605",0.07660467046672534,0.49188605948095643,26,171
b8ac6c90,0.46527890713937226,0.4320259094238281,True,,,2,ba1b2168cbf84bafb33e579b62ca54c0,2020-10-06_18-15-23,1602033323,358.4372956752777,67924,lambda1,140.221.79.11,358.4372956752777,0,2,"5_batch_size=473,dropout=0.57368,epochs=44,learning_rate=0.099393",0.09939260259746152,0.5736849100310223,44,473
b8ac6c91,0.4193061840120663,0.09145879745483398,True,,,2,ffb38095b38043fbacc0c095d254f250,2020-10-06_18-22-32,1602033752,787.0213589668274,67950,lambda1,140.221.79.11,787.0213589668274,0,2,"6_batch_size=51,dropout=0.78212,epochs=57,learning_rate=0.063241",0.06324136418682177,0.7821159108181149,57,51
b8ac6c92,0.6185386367618714,0.4250960350036621,True,,,2,30cc550a501b45ab97094e407098da70,2020-10-06_18-13-50,1602033230,264.9512674808502,67922,lambda1,140.221.79.11,264.9512674808502,0,2,"7_batch_size=439,dropout=0.81823,epochs=31,learning_rate=0.061535",0.061534534534493375,0.8182334433881349,31,439
b8ac6c93,0.8576923076923078,0.2835428714752197,True,,,2,a3621c512c2d4945a4a3e3506251b7b9,2020-10-06_18-17-35,1602033455,490.5182638168335,67925,lambda1,140.221.79.11,490.5182638168335,0,2,"8_batch_size=360,dropout=0.46361,epochs=60,learning_rate=0.038999",0.03899902892482421,0.46360729279873436,60,360
b8ac6c94,0.5249243510113075,0.4547386169433594,True,,,2,613cbf8ef566417da9a74574c3b3b75f,2020-10-06_18-16-22,1602033382,416.7544541358948,67946,lambda1,140.221.79.11,416.7544541358948,0,2,"9_batch_size=483,dropout=0.80792,epochs=52,learning_rate=0.079215",0.07921461433185123,0.8079166135896528,52,483
b8ac6c95,0.44988344988344986,0.1869211196899414,True,,,2,e17e8d96738d4d769c462c8f76055529,2020-10-06_18-14-30,1602033270,304.9724953174591,67916,lambda1,140.221.79.11,304.9724953174591,0,2,"10_batch_size=165,dropout=0.64341,epochs=31,learning_rate=0.053989",0.05398857534173812,0.6434115794489561,31,165
b8ac6c96,0.5765924619792815,0.3652839660644531,True,,,2,45fb2ce9a8e84f6aba8afac9ae2ba6a6,2020-10-06_18-14-19,1602033259,294.318834066391,67919,lambda1,140.221.79.11,294.318834066391,0,2,"11_batch_size=349,dropout=0.77087,epochs=33,learning_rate=0.065471",0.06547112669212578,0.7708748197795469,33,349
b8ac6c97,0.42705570291777184,0.1010136604309082,True,,,2,908ab25d22164fe280a312e8187952ad,2020-10-06_18-18-31,1602033511,546.2084875106812,67914,lambda1,140.221.79.11,546.2084875106812,0,2,"12_batch_size=116,dropout=0.85155,epochs=52,learning_rate=0.048426",0.048425925900074884,0.8515506586343249,52,116
b8ac6c98,0.8857292622198926,0.5328516960144043,True,,,2,fc33449f06ee446ca0fdbc37dcc24a32,2020-10-06_18-16-33,1602033393,428.05382919311523,67889,lambda1,140.221.79.11,428.05382919311523,0,2,"13_batch_size=587,dropout=0.52432,epochs=53,learning_rate=0.037854",0.03785394041421003,0.5243235257293715,53,587
b8ac6c99,0.3643984220907298,0.19585084915161133,True,,,2,60bee5629a4f441f9a3131dc2ec98c8f,2020-10-06_18-15-44,1602033344,378.6925690174103,67915,lambda1,140.221.79.11,378.6925690174103,0,2,"14_batch_size=156,dropout=0.46463,epochs=38,learning_rate=0.085165",0.08516526629306809,0.46463215983057304,38,156
b8ac6c9a,0.7188034188034188,0.5326168537139893,True,,,2,67c13ca452904c64ad9a41ca3f200653,2020-10-06_18-11-45,1602033105,140.19976949691772,68046,lambda1,140.221.79.11,140.19976949691772,0,2,"15_batch_size=270,dropout=0.51606,epochs=14,learning_rate=0.058214",0.058214442516519846,0.5160613062965663,14,270
b8ac6c9b,0.8812370062370063,0.5130715370178223,True,,,2,f5b85ae386934394b5eb06a2f4aa8c54,2020-10-06_18-17-12,1602033432,466.7095699310303,67928,lambda1,140.221.79.11,466.7095699310303,0,2,"16_batch_size=592,dropout=0.64657,epochs=59,learning_rate=0.041275",0.0412745923156337,0.646570489799478,59,592
b8ac6c9c,0.5651549942594718,0.32606053352355957,True,,,2,30c2b1ea1f8f4765a4644013853b1fb8,2020-10-06_18-11-54,1602033114,149.50682282447815,67905,lambda1,140.221.79.11,149.50682282447815,0,2,"17_batch_size=268,dropout=0.48007,epochs=15,learning_rate=0.061137",0.06113660904800841,0.48007045986879243,15,268
b8ac6c9d,0.4411101718794026,0.5125384330749512,True,,,2,a9958d4f2b6348deb2bddc11dde59ba3,2020-10-06_18-16-55,1602033415,449.97835087776184,67909,lambda1,140.221.79.11,449.97835087776184,0,2,"18_batch_size=546,dropout=0.89141,epochs=56,learning_rate=0.046853",0.046853481120836954,0.8914126632051257,56,546
b8ac6c9e,0.684165416755946,0.3471856117248535,True,,,2,c143f903ff2a47e289f796a8adfe30ac,2020-10-06_18-17-00,1602033420,454.93015575408936,67904,lambda1,140.221.79.11,454.93015575408936,0,2,"19_batch_size=359,dropout=0.54439,epochs=54,learning_rate=0.096208",0.0962079859720694,0.544386306194717,54,359
b8ac6c9f,0.44297082228116713,0.5374476909637451,True,,,2,90d3436be6a34e9ab848c3dcfd14b04a,2020-10-06_18-13-58,1602033238,273.5066967010498,67984,lambda1,140.221.79.11,273.5066967010498,0,2,"20_batch_size=522,dropout=0.82514,epochs=32,learning_rate=0.094724",0.09472437817243622,0.8251371990901648,32,522
d3bb3b82,0.7568463282748997,0.49050474166870117,True,,,2,a656e8603cd246b9a5414086dec8ca6c,2020-10-06_18-27-09,1602034029,164.08713150024414,67898,lambda1,140.221.79.11,164.08713150024414,0,2,"1_batch_size=441,dropout=0.67071,epochs=18,learning_rate=0.045333",0.04533336590701757,0.6707109785933123,18,441
d3bb3b83,0.8734265734265734,0.34871721267700195,True,,,2,232528766ea1424b9efcc0ccf66b95c6,2020-10-06_18-28-14,1602034094,229.28363370895386,67917,lambda1,140.221.79.11,229.28363370895386,0,2,"2_batch_size=330,dropout=0.58679,epochs=27,learning_rate=0.034899",0.03489900380092808,0.5867928833687609,27,330
d3bb3b84,0.6701881809177946,0.22979187965393066,True,,,2,a2e23bb425a84d2583126e1ca89cd1c6,2020-10-06_18-32-36,1602034356,491.5033288002014,67908,lambda1,140.221.79.11,491.5033288002014,0,2,"3_batch_size=233,dropout=0.85061,epochs=57,learning_rate=0.035605",0.03560520454113908,0.8506070136345575,57,233
d3bb3b85,0.8969072164948454,0.35245704650878906,True,,,2,f3ce7394e0e948cf8a1943ed034128ad,2020-10-06_18-30-01,1602034201,336.1272871494293,67907,lambda1,140.221.79.11,336.1272871494293,0,2,"4_batch_size=388,dropout=0.51378,epochs=40,learning_rate=0.037914",0.03791442296372664,0.5137839205133546,40,388
d3bb3b86,0.8880685877589902,0.30745887756347656,True,,,2,7c0c56ffed164b6899aff7188c89bbeb,2020-10-06_18-31-39,1602034299,434.1591384410858,67903,lambda1,140.221.79.11,434.1591384410858,0,2,"5_batch_size=323,dropout=0.71332,epochs=53,learning_rate=0.016076",0.01607552008536373,0.7133182693238649,53,323
d3bb3b87,0.41509433962264153,0.3599128723144531,True,,,2,243471582d2242749298ece9311e7bca,2020-10-06_18-27-44,1602034064,199.69445824623108,67897,lambda1,140.221.79.11,199.69445824623108,0,2,"6_batch_size=371,dropout=0.89966,epochs=23,learning_rate=0.045378",0.04537808303358655,0.8996597448967028,23,371
d3bb3b88,0.39340659340659345,0.22673368453979492,True,,,2,cd463ccdd9d44aeeb363f651690bf232,2020-10-06_18-26-44,1602034004,139.2559995651245,68003,lambda1,140.221.79.11,139.2559995651245,0,2,"7_batch_size=70,dropout=0.70438,epochs=10,learning_rate=0.048119",0.04811915767023195,0.7043819838900587,10,70
d3bb3b89,0.9352832795946568,0.33955931663513184,True,,,2,622682098ea845fb91ea709e6bfe3b6b,2020-10-06_18-27-20,1602034040,175.80746865272522,67927,lambda1,140.221.79.11,175.80746865272522,0,2,"8_batch_size=334,dropout=0.4886,epochs=20,learning_rate=0.018659",0.018659035677473772,0.48860142574728627,20,334
d3bb3b8a,0.6968325791855203,0.18160796165466309,True,,,2,7afd576d1d15420dbd4d5ebbde85ba3b,2020-10-06_18-27-20,1602034040,175.37331914901733,67906,lambda1,140.221.79.11,175.37331914901733,0,2,"9_batch_size=102,dropout=0.59784,epochs=15,learning_rate=0.039063",0.039062667738476706,0.5978378633220058,15,102
d3bb3b8b,0.7435897435897436,0.5935626029968262,True,,,2,50c97ae56742470e9d94eb83328109c8,2020-10-06_18-27-35,1602034055,190.673823595047,67890,lambda1,140.221.79.11,190.673823595047,0,2,"10_batch_size=615,dropout=0.88518,epochs=22,learning_rate=0.015608",0.015608473093699641,0.885179568021003,22,615
d3bb3b8c,0.6069711538461539,0.4818727970123291,True,,,2,1c9011df0b5a4f90b3e10df6a2d4c46d,2020-10-06_18-26-36,1602033996,131.08205366134644,67892,lambda1,140.221.79.11,131.08205366134644,0,2,"11_batch_size=320,dropout=0.87178,epochs=14,learning_rate=0.027877",0.02787744563791285,0.8717822055168154,14,320
d3bb3b8d,0.3531468531468531,0.15814208984375,True,,,2,2c54eb986ad24ac095feba368aab880a,2020-10-06_18-28-04,1602034084,219.08276057243347,67888,lambda1,140.221.79.11,219.08276057243347,0,2,"12_batch_size=110,dropout=0.89943,epochs=19,learning_rate=0.038548",0.03854765586002241,0.8994305956344533,19,110
d3bb3b8e,0.8682548794489093,0.4534623622894287,True,,,2,c8009af8a8dd4c71badd0e9c523dd9b5,2020-10-06_18-26-56,1602034016,151.57271122932434,67935,lambda1,140.221.79.11,151.57271122932434,0,2,"13_batch_size=268,dropout=0.77708,epochs=16,learning_rate=0.011176",0.01117644563696062,0.7770789802190994,16,268
d3bb3b8f,0.4403846153846154,0.12087249755859375,True,,,2,5f6a825fa6a24ae48d13276c4d94144c,2020-10-06_18-34-33,1602034473,608.0652639865875,67887,lambda1,140.221.79.11,608.0652639865875,0,2,"14_batch_size=80,dropout=0.46731,epochs=52,learning_rate=0.058172",0.058172433844149496,0.4673108104788303,52,80
d3bb3b90,0.895118937287612,0.4918978214263916,True,,,2,0e3d2d8fd05e44aa950a818ac6e91b03,2020-10-06_18-27-40,1602034060,195.40259313583374,67879,lambda1,140.221.79.11,195.40259313583374,0,2,"15_batch_size=498,dropout=0.49896,epochs=23,learning_rate=0.04214",0.04214002408756036,0.4989588274584952,23,498
d3bb3b91,0.6958938497400036,0.41608762741088867,True,,,2,46df58b6d0114dd29fae3ab913eeb975,2020-10-06_18-32-40,1602034360,494.8257751464844,67994,lambda1,140.221.79.11,494.8257751464844,0,2,"16_batch_size=429,dropout=0.71593,epochs=61,learning_rate=0.062474",0.06247432567142336,0.715933100671947,61,429
d3bb3b92,0.882983682983683,0.30003929138183594,True,,,2,8a5f69490c714203b9df169ae6f5739b,2020-10-06_18-28-25,1602034105,240.64766812324524,67963,lambda1,140.221.79.11,240.64766812324524,0,2,"17_batch_size=330,dropout=0.63198,epochs=28,learning_rate=0.022569",0.02256861253754941,0.631981100586697,28,330
d3bb3b93,0.8133541585318235,0.367769718170166,True,,,2,602f777972e04938a90dc442b846f8b6,2020-10-06_18-29-43,1602034183,318.4399724006653,67880,lambda1,140.221.79.11,318.4399724006653,0,2,"18_batch_size=394,dropout=0.5431,epochs=38,learning_rate=0.044782",0.044782438878047566,0.5431018503161744,38,394
d3bb3b94,0.8584188774830023,0.5392684936523438,True,,,2,f881db5522f3494aa7415c53406cfff1,2020-10-06_18-31-48,1602034308,443.44157552719116,67881,lambda1,140.221.79.11,443.44157552719116,0,2,"19_batch_size=577,dropout=0.61888,epochs=57,learning_rate=0.047306",0.0473055763761943,0.6188780947922901,57,577
d3bb3b95,0.8035398230088495,0.5530357360839844,True,,,2,df861ccf85494b8eac69ab6d80b66c15,2020-10-06_18-27-27,1602034047,182.12097072601318,67945,lambda1,140.221.79.11,182.12097072601318,0,2,"20_batch_size=565,dropout=0.81478,epochs=21,learning_rate=0.020256",0.02025607988991128,0.8147826800852351,21,565
40fedf2c,0.5048339638503573,0.3331265449523926,True,,,2,f39beaa71fac4b53bd0b6217a17feb48,2020-10-06_18-41-04,1602034864,382.3696663379669,67873,lambda1,140.221.79.11,382.3696663379669,0,2,"1_batch_size=366,dropout=0.29324,epochs=47,learning_rate=0.066031",0.06603105918251469,0.2932419933881326,47,366
40fedf2d,0.7945619335347431,0.2660961151123047,True,,,2,7d9d6c14e5ae4e0abbc6a790746fbffe,2020-10-06_18-42-04,1602034924,442.5403652191162,67878,lambda1,140.221.79.11,442.5403652191162,0,2,"2_batch_size=331,dropout=0.51411,epochs=59,learning_rate=0.056048",0.05604793696612369,0.514110667532417,59,331
40fedf2e,0.6991894785135342,0.4621579647064209,True,,,2,92a3f0967df2471eacac5d5e46a29b87,2020-10-06_18-40-23,1602034823,340.69727325439453,67885,lambda1,140.221.79.11,340.69727325439453,0,2,"3_batch_size=503,dropout=0.48245,epochs=42,learning_rate=0.095409",0.09540885953071579,0.4824530524608222,42,503
40fedf2f,0.4319526627218935,0.10994434356689453,True,,,2,ebc441823ad2408491b69c61d22dd6f4,2020-10-06_18-42-06,1602034926,444.6060893535614,67870,lambda1,140.221.79.11,444.6060893535614,0,2,"4_batch_size=78,dropout=0.53777,epochs=40,learning_rate=0.059986",0.059986158445754764,0.5377671694163964,40,78
40fedf30,0.8699095022624435,0.38684654235839844,True,,,2,773faffdfb264beca1b30816c947147f,2020-10-06_18-37-49,1602034669,186.85548639297485,67918,lambda1,140.221.79.11,186.85548639297485,0,2,"5_batch_size=272,dropout=0.35625,epochs=22,learning_rate=0.039255",0.03925509516537662,0.3562501251869341,22,272
40fedf31,0.6710506193607586,0.4654695987701416,True,,,2,92dc0d1804ec494dbe401c0bd5bdee26,2020-10-06_18-38-31,1602034711,229.38848686218262,67871,lambda1,140.221.79.11,229.38848686218262,0,2,"6_batch_size=503,dropout=0.3084,epochs=29,learning_rate=0.084735",0.08473454869895017,0.308404133893046,29,503
40fedf32,0.8530286138981791,0.5528867244720459,True,,,2,023f65af7df041c1b8165a4c24ae27a4,2020-10-06_18-38-07,1602034687,205.3888647556305,67989,lambda1,140.221.79.11,205.3888647556305,0,2,"7_batch_size=414,dropout=0.60885,epochs=25,learning_rate=0.045459",0.04545937653908454,0.6088480649320409,25,414
40fedf33,0.6802345636426355,0.24249672889709473,True,,,2,5fb7f4c7e0f64dd6bbe8316440c35941,2020-10-06_18-41-54,1602034914,432.57195353507996,67865,lambda1,140.221.79.11,432.57195353507996,0,2,"8_batch_size=223,dropout=0.62218,epochs=49,learning_rate=0.055358",0.05535771916959504,0.6221842874371718,49,223
40fedf34,0.580371352785146,0.17564988136291504,True,,,2,db5a54c9377c41b9b90c27122e7f0a6c,2020-10-06_18-44-15,1602035055,572.6622171401978,67886,lambda1,140.221.79.11,572.6622171401978,0,2,"9_batch_size=145,dropout=0.27057,epochs=60,learning_rate=0.072055",0.07205450866971824,0.27056827265931366,60,145
40fedf35,0.8539537385691232,0.3228442668914795,True,,,2,6a0379bab25c45e39da91303acaf1c70,2020-10-06_18-38-57,1602034737,255.1379473209381,67872,lambda1,140.221.79.11,255.1379473209381,0,2,"10_batch_size=286,dropout=0.25832,epochs=32,learning_rate=0.048375",0.04837505579036909,0.2583190710679838,32,286
40fedf36,0.8690296631473102,0.66658616065979,True,,,2,3e4e2858e8d043609fd94c7dbfa1b7d4,2020-10-06_18-37-58,1602034678,196.4455165863037,67891,lambda1,140.221.79.11,196.4455165863037,0,2,"11_batch_size=612,dropout=0.4256,epochs=23,learning_rate=0.049682",0.04968189523937365,0.42560426310859745,23,612
40fedf37,0.7041420118343196,0.17924785614013672,True,,,2,0c70a1faabf24d6c8ee7ec8ec0d95031,2020-10-06_18-40-07,1602034807,325.262487411499,67859,lambda1,140.221.79.11,325.262487411499,0,2,"12_batch_size=195,dropout=0.54315,epochs=37,learning_rate=0.069815",0.06981547474486546,0.5431458466933239,37,195
40fedf38,0.4223227752639518,0.33139777183532715,True,,,2,50e5c9a919d74d58981623e2e4211b50,2020-10-06_18-37-40,1602034660,178.02894854545593,67864,lambda1,140.221.79.11,178.02894854545593,0,2,"13_batch_size=306,dropout=0.48595,epochs=22,learning_rate=0.092498",0.09249849949357317,0.4859455926888062,22,306
40fedf39,0.6747172972218345,0.4815049171447754,True,,,2,39aeb9ef47aa40daaa4de07a127d4d0b,2020-10-06_18-42-35,1602034955,473.58718705177307,67855,lambda1,140.221.79.11,473.58718705177307,0,2,"14_batch_size=551,dropout=0.46031,epochs=60,learning_rate=0.078945",0.07894461127217048,0.460305599613959,60,551
40fedf3a,0.891723130065099,0.5340535640716553,True,,,2,dcb98aaf17704313869e6acdc7ad6fcc,2020-10-06_18-39-49,1602034789,307.57278990745544,67920,lambda1,140.221.79.11,307.57278990745544,0,2,"15_batch_size=579,dropout=0.22535,epochs=39,learning_rate=0.050691",0.050690594390999065,0.2253513480448605,39,579
40fedf3b,0.4456233421750663,0.3157076835632324,True,,,2,ada70f9c2f6e4bc7b3d43d22cccfcb75,2020-10-06_18-36-46,1602034606,123.74973011016846,67836,lambda1,140.221.79.11,123.74973011016846,0,2,"16_batch_size=261,dropout=0.43143,epochs=13,learning_rate=0.085601",0.08560052262665428,0.43143076329253793,13,261
40fedf3c,0.532656023222061,0.08261227607727051,True,,,2,a68a6c39d89f4d79a449f98c9ebce761,2020-10-06_18-43-24,1602035004,522.5854330062866,67828,lambda1,140.221.79.11,522.5854330062866,0,2,"17_batch_size=53,dropout=0.51047,epochs=40,learning_rate=0.079265",0.07926491333121999,0.5104672409420066,40,53
40fedf3d,0.8132090132090132,0.4289519786834717,True,,,2,4cecae14b6e248b6bccc93af973e306d,2020-10-06_18-42-00,1602034920,438.117849111557,67986,lambda1,140.221.79.11,438.117849111557,0,2,"18_batch_size=495,dropout=0.52334,epochs=58,learning_rate=0.056965",0.056964713672896086,0.5233443550233082,58,495
40fedf3e,0.5486457204767063,0.331531286239624,True,,,2,6ab9d7cb3cd74fd89e1a2ca579a2520d,2020-10-06_18-43-00,1602034980,498.0725703239441,67863,lambda1,140.221.79.11,498.0725703239441,0,2,"19_batch_size=355,dropout=0.26619,epochs=63,learning_rate=0.086712",0.08671178408057602,0.266191930459099,63,355
40fedf3f,0.06666666666666665,0.0639493465423584,True,,,2,f951a37a4fa44b628847fb4324dedf1d,2020-10-06_18-58-49,1602035929,1446.9451296329498,5489,lambda1,140.221.79.11,1446.9451296329498,0,2,"20_batch_size=15,dropout=0.21646,epochs=45,learning_rate=0.068849",0.06884883124295958,0.21645751779101988,45,15
a4f88430,0.6482854494902688,0.2070624828338623,True,,,2,fa2b0d1d15e44ad5ae31f8a1c3cea35a,2020-10-06_19-05-44,1602036344,396.8221695423126,57516,lambda1,140.221.79.11,396.8221695423126,0,2,"1_batch_size=166,dropout=0.35023,epochs=40,learning_rate=0.061382",0.061382466809925616,0.35022543794334776,40,166
a4f88431,0.9721311475409836,0.5425004959106445,True,,,2,36d47703045a40d8adedf7e2459ece38,2020-10-06_19-06-53,1602036413,465.3739912509918,57504,lambda1,140.221.79.11,465.3739912509918,0,2,"2_batch_size=610,dropout=0.46489,epochs=59,learning_rate=0.0015303",0.0015303159751881873,0.464885216283341,59,610
a4f88432,0.6742506319971109,0.27560901641845703,True,,,2,a1d293818ee7451db5e59091d5d470fd,2020-10-06_19-03-27,1602036207,259.55529713630676,57508,lambda1,140.221.79.11,259.55529713630676,0,2,"3_batch_size=213,dropout=0.62484,epochs=27,learning_rate=0.049409",0.04940946224131282,0.6248372462128831,27,213
a4f88433,0.9501625135427952,0.2876014709472656,True,,,2,aab19963e0b84b0b8b308a9c2ff0c107,2020-10-06_19-08-33,1602036513,565.1704761981964,57502,lambda1,140.221.79.11,565.1704761981964,0,2,"4_batch_size=284,dropout=0.39274,epochs=66,learning_rate=0.025291",0.025290662191728888,0.392743966202302,66,284
a4f88434,0.8443883984867592,0.36901378631591797,True,,,2,9cb5a77de30c4ea6b54994d619e1dc3b,2020-10-06_19-02-11,1602036131,183.2344629764557,57500,lambda1,140.221.79.11,183.2344629764557,0,2,"5_batch_size=305,dropout=0.59943,epochs=19,learning_rate=0.021423",0.02142264041022105,0.599431221014492,19,305
a4f88435,0.480225988700565,0.22990751266479492,True,,,2,f63a4ccf86f5468e9d95c8c111383fe5,2020-10-06_19-01-35,1602036095,147.97412514686584,57506,lambda1,140.221.79.11,147.97412514686584,0,2,"6_batch_size=177,dropout=0.48233,epochs=13,learning_rate=0.060574",0.06057358080396477,0.4823333509770649,13,177
a4f88436,0.5325443786982249,0.06799840927124023,True,,,2,d72b9cfbc6664902bb20d2db8d3e3d19,2020-10-06_19-11-33,1602036693,745.0127491950989,57513,lambda1,140.221.79.11,745.0127491950989,0,2,"7_batch_size=13,dropout=0.34875,epochs=19,learning_rate=0.023404",0.023404251351488853,0.34875485532064043,19,13
a4f88437,0.70064874884152,0.37346434593200684,True,,,2,6a33d7ace0c04cbb9e96d6df5a1dfa3a,2020-10-06_19-01-35,1602036095,147.31294012069702,57510,lambda1,140.221.79.11,147.31294012069702,0,2,"8_batch_size=166,dropout=0.30479,epochs=13,learning_rate=0.048721",0.048721249487377126,0.3047922538896247,13,166
a4f88438,0.9904415111515703,0.16501283645629883,True,,,2,768a0b48e1ef4d7387a831ecec4eecee,2020-10-06_19-07-23,1602036443,495.8707411289215,57523,lambda1,140.221.79.11,495.8707411289215,0,2,"9_batch_size=169,dropout=0.28116,epochs=52,learning_rate=0.0074324",0.007432426124935396,0.28115660199187187,52,169
a4f88439,0.967032967032967,0.4168984889984131,True,,,2,d1daf4fdacdf43779d01b6482d6ba06f,2020-10-06_19-07-05,1602036425,476.99154114723206,57526,lambda1,140.221.79.11,476.99154114723206,0,2,"10_batch_size=420,dropout=0.34924,epochs=54,learning_rate=0.011565",0.011564667761358694,0.34923699327465063,54,420
a4f8843a,0.5913461538461539,0.10883164405822754,True,,,2,f6f5bfa06fd24a7cadac3d18c60d8814,2020-10-06_19-04-06,1602036246,298.69614338874817,57518,lambda1,140.221.79.11,298.69614338874817,0,2,"11_batch_size=64,dropout=0.29328,epochs=21,learning_rate=0.059767",0.05976724091726524,0.2932768167682408,21,64
a4f8843b,0.9576923076923077,0.22703146934509277,True,,,2,22a49f7ca8524e96a90e8de36e4bef69,2020-10-06_19-08-29,1602036509,561.478773355484,57533,lambda1,140.221.79.11,561.478773355484,0,2,"12_batch_size=200,dropout=0.35459,epochs=62,learning_rate=0.011746",0.011745686558487758,0.35459298186770005,62,200
a4f8843c,0.9636225843122395,0.452805757522583,True,,,2,a1f0d889000542b2b07f7dd30b86c694,2020-10-06_19-01-22,1602036082,133.9859836101532,57529,lambda1,140.221.79.11,133.9859836101532,0,2,"13_batch_size=203,dropout=0.32063,epochs=12,learning_rate=0.0038496",0.0038496050078749406,0.3206343767503316,12,203
a4f8843d,0.8863905325443787,0.36957383155822754,True,,,2,a0a9799b04f64260931d1bdd6999d217,2020-10-06_19-04-35,1602036275,327.38770151138306,57538,lambda1,140.221.79.11,327.38770151138306,0,2,"14_batch_size=325,dropout=0.50654,epochs=37,learning_rate=0.041037",0.04103682858259652,0.5065375389239253,37,325
a4f8843e,0.8478696025164427,0.2908177375793457,True,,,2,4ca6168b5218427c8e342d2e195ad0d0,2020-10-06_19-02-15,1602036135,187.7622582912445,57536,lambda1,140.221.79.11,187.7622582912445,0,2,"15_batch_size=269,dropout=0.54466,epochs=19,learning_rate=0.022717",0.022717102888715146,0.5446644073310227,19,269
a4f8843f,0.9238095238095239,0.2255079746246338,True,,,2,437686fc19e5448c9dee465042f65d2d,2020-10-06_19-02-05,1602036125,177.19932770729065,57541,lambda1,140.221.79.11,177.19932770729065,0,2,"16_batch_size=105,dropout=0.48618,epochs=14,learning_rate=0.0065934",0.006593353709389777,0.48618027943157544,14,105
a4f88440,0.9417518897287683,0.47713446617126465,True,,,2,1041253f5a2a4b9e95ba9f6c73ea94c7,2020-10-06_19-01-33,1602036093,145.72284412384033,57545,lambda1,140.221.79.11,145.72284412384033,0,2,"17_batch_size=173,dropout=0.37076,epochs=13,learning_rate=0.013006",0.013006430178580395,0.37076326118325004,13,173
a4f88441,0.6829639287266406,0.3534402847290039,True,,,2,d268fcbccef1466f8e882c083d352bc7,2020-10-06_19-05-52,1602036352,404.4452471733093,57548,lambda1,140.221.79.11,404.4452471733093,0,2,"18_batch_size=354,dropout=0.59579,epochs=47,learning_rate=0.062452",0.06245185416621433,0.5957881637998044,47,354
a4f88442,0.9292307692307692,0.09247303009033203,True,,,2,890d7232844b43a8b9d7e717e2fd7059,2020-10-06_19-07-36,1602036456,508.59950971603394,57551,lambda1,140.221.79.11,508.59950971603394,0,2,"19_batch_size=50,dropout=0.58633,epochs=34,learning_rate=0.0051108",0.005110786181198362,0.5863315400514201,34,50
a4f88443,0.9758372839883774,0.49988269805908203,True,,,2,3fe9d027a381494395c410e4ac9cbdad,2020-10-06_19-06-28,1602036388,440.8301935195923,57555,lambda1,140.221.79.11,440.8301935195923,0,2,"20_batch_size=503,dropout=0.21627,epochs=53,learning_rate=0.029173",0.02917304648280533,0.21626802602507197,53,503
