trial_id,pt_test_acc,tf_test_acc,pt_uniform_accuracy,tf_uniform_accuracy,pt_gaussian_accuracy,tf_gaussian_accuracy,pt_saltandpepper_accuracy,tf_saltandpepper_accuracy,pt_spatial_accuracy,tf_spatial_accuracy,average_res,time_this_iter_s,done,timesteps_total,episodes_total,training_iteration,experiment_id,date,timestamp,time_total_s,pid,hostname,node_ip,time_since_restore,timesteps_since_restore,iterations_since_restore,experiment_tag,config.learning_rate,config.dropout,config.epochs,config.batch_size
beb47764,0.8078670186154983,0.1137000024318695,0.7958550587835747,0.11408849071977238,0.7975494833695066,0.11375146084924037,0.8005127420300774,0.10831314186397943,0.0075175765670506545,0.0,0.3659154975230569,319.2192232608795,True,,,1,c5f5fa1f00854a92ab71035aa64f200c,2020-11-05_00-45-39,1604558739,319.2192232608795,6829,iotagpu01,140.221.68.4,319.2192232608795,0,1,"1_batch_size=604,dropout=0.68252,epochs=70,learning_rate=0.068765",0.0687651161082997,0.6825205378536447,70,604
beb4ea96,0.48484783122936886,0.10180000215768814,0.4782142736374842,0.10124834724702846,0.4786085263096412,0.10115659405312923,0.481444037297652,0.09493799892133427,0.03683611077808416,0.0,0.23590937216314106,296.0632219314575,True,,,1,e54b8efc98f141d0836388d20c5874a0,2020-11-05_00-50-40,1604559040,296.0632219314575,7083,iotagpu01,140.221.68.4,296.0632219314575,0,1,"2_batch_size=878,dropout=0.80552,epochs=72,learning_rate=0.088111",0.08811119031236071,0.8055242933028517,72,878
beb52934,0.9083895087242126,0.08889999985694885,0.9006138150426728,0.09013411438261137,0.901356559272391,0.0900640441722606,0.8988830808470086,0.08636433706573986,0.0,0.0,0.3964705459363846,269.76243019104004,True,,,1,9951efe1ad3248c6ac92925c0dbe8ea0,2020-11-05_00-55-15,1604559315,269.76243019104004,7010,iotagpu01,140.221.68.4,269.76243019104004,0,1,"3_batch_size=998,dropout=0.64244,epochs=56,learning_rate=0.059671",0.05967061456763163,0.6424352169429881,56,998
beb553a0,0.8015539187651414,0.08669999986886978,0.7907321665403563,0.08783682539277697,0.7917500892674965,0.08773731035211473,0.7931738147462617,0.08217756215932609,0.01132205617658204,0.0,0.35329837432689254,367.648695230484,True,,,1,65ca788ce4184d109e7745853d17573f,2020-11-05_01-01-27,1604559687,367.648695230484,6992,iotagpu01,140.221.68.4,367.648695230484,0,1,"4_batch_size=812,dropout=0.78041,epochs=86,learning_rate=0.063923",0.06392279201293632,0.7804143906713189,86,812
beb5801e,0.8929701894521713,0.1168999969959259,0.8764358952950594,0.11704360819134751,0.8784066150014577,0.11729415150731444,0.8769153255230341,0.11119610499066412,0.0,0.0,0.39871618869569747,372.33038854599,True,,,1,fcdedec039a5451aaaf98051e334b970,2020-11-05_01-07-44,1604560064,372.33038854599,7060,iotagpu01,140.221.68.4,372.33038854599,0,1,"5_batch_size=857,dropout=0.46994,epochs=92,learning_rate=0.086177",0.08617669143315627,0.46994380412556686,92,857
beb5af8a,0.8769138207038244,0.1348000019788742,0.8663485281333626,0.13414696141222285,0.8678451532954682,0.13410920678919586,0.8684806539994055,0.1280130316196563,0.004564879564879572,0.0,0.40152222374968893,253.68492531776428,True,,,1,8d8d0ac87d5348e689d7abb475a0f1e3,2020-11-05_01-12-02,1604560322,253.68492531776428,7134,iotagpu01,140.221.68.4,253.68492531776428,0,1,"6_batch_size=858,dropout=0.73369,epochs=54,learning_rate=0.061376",0.06137614245981776,0.7336940302411579,54,858
beb5db9a,0.8863737061619759,0.026100000366568565,0.8759444803562451,0.02614423974718093,0.8772696257990376,0.026027975292681183,0.8775798139768728,0.024104000574588825,0.009226190476190462,0.0,0.3628770032751341,377.09201073646545,True,,,1,23f1632fcbed4b83861ac57f6e65ee8f,2020-11-05_01-18-24,1604560704,377.09201073646545,7138,iotagpu01,140.221.68.4,377.09201073646545,0,1,"7_batch_size=420,dropout=0.57861,epochs=70,learning_rate=0.062762",0.06276246253938333,0.5786077733079721,70,420
beb6049e,0.6317663391431173,0.10040000081062317,0.6222369820067294,0.10002418964683117,0.6231499020114305,0.09991075796960032,0.6275356079801235,0.09411303261639048,0.030728778026507475,0.0,0.29298655902113535,393.5391550064087,True,,,1,4f8e5f87870c46ec98037b54c96e74d4,2020-11-05_01-25-02,1604561102,393.5391550064087,7069,iotagpu01,140.221.68.4,393.5391550064087,0,1,"8_batch_size=885,dropout=0.84284,epochs=89,learning_rate=0.056045",0.05604544604854354,0.842835023978574,89,885
beb637f2,0.8893302361170451,0.10339999943971634,0.8748939757877194,0.10311020859680245,0.8763927436717903,0.10329644058541776,0.8764924021875362,0.09936074260801174,0.0,0.0,0.3926276748994039,258.5825779438019,True,,,1,3d524947c476417793b536ee5ad0535e,2020-11-05_01-29-25,1604561365,258.5825779438019,7123,iotagpu01,140.221.68.4,258.5825779438019,0,1,"9_batch_size=684,dropout=0.51803,epochs=54,learning_rate=0.079588",0.07958751466477926,0.5180279096667827,54,684
beb667b8,0.8511043588320414,0.09449999779462814,0.8373119212962963,0.09470894171415005,0.8389033564814815,0.09487958511396011,0.8402239880104463,0.08954697886989554,0.007330246913580242,0.0,0.374850937502648,400.20758843421936,True,,,1,d108ccb8c5be4d8fb282b55e63835766,2020-11-05_01-36-10,1604561770,400.20758843421936,7117,iotagpu01,140.221.68.4,400.20758843421936,0,1,"10_batch_size=432,dropout=0.4796,epochs=74,learning_rate=0.084283",0.08428319931416518,0.4796008018991833,74,432
9370366c,0.8913259580731392,0.05050000175833702,0.8803937287361623,0.050436127834723773,0.8817561923256151,0.05060117339758527,0.8827511412144797,0.04787624621867991,0.005330044370605989,0.0,0.3740970613929328,400.65632724761963,True,,,1,1f3905d038554dad9c850d5274a476ee,2020-11-05_01-42-56,1604562176,400.65632724761963,7035,iotagpu01,140.221.68.4,400.65632724761963,0,1,"1_batch_size=641,dropout=0.70557,epochs=87,learning_rate=0.053741",0.05374118084218702,0.7055696256077472,87,641
9370705a,0.9338552433511486,0.12770000100135803,0.9272989993098689,0.12691942719116633,0.9280364110527153,0.1267991519350215,0.9253953323246802,0.12243523384827734,0.0,0.0,0.4218439800014236,389.9348783493042,True,,,1,1ddc78dbcbb14883b0ffd55f100c4694,2020-11-05_01-49-30,1604562570,389.9348783493042,7061,iotagpu01,140.221.68.4,389.9348783493042,0,1,"2_batch_size=448,dropout=0.48148,epochs=82,learning_rate=0.050209",0.05020936764264344,0.48147598821999943,82,448
93709bfc,0.894685609774156,0.08460000157356262,0.8879428342941218,0.08417272981322894,0.8889801321723609,0.08426242056790155,0.8877240197805668,0.08152889599738439,0.0007466865783087458,0.0,0.3894643330551592,391.6700851917267,True,,,1,72049cb9eb844cf7b546d66c61dd3e30,2020-11-05_01-56-07,1604562967,391.6700851917267,7015,iotagpu01,140.221.68.4,391.6700851917267,0,1,"3_batch_size=974,dropout=0.89075,epochs=95,learning_rate=0.029191",0.02919076864232288,0.890751063411162,95,974
9370c32a,0.9506346173584461,0.12530000507831573,0.9476671597633136,0.12560355029585799,0.9483742603550296,0.12578846153846154,0.9454112426035504,0.11929142011834318,0.0,0.0,0.4288070717111318,411.4645116329193,True,,,1,92b3e1a0567b4aeeada616d25238e443,2020-11-05_02-03-04,1604563384,411.4645116329193,7051,iotagpu01,140.221.68.4,411.4645116329193,0,1,"4_batch_size=650,dropout=0.7408,epochs=94,learning_rate=0.025386",0.025386428774623337,0.7407999047947128,94,650
9370ea8a,0.9709905733664831,0.1265999972820282,0.9709173543246198,0.1259491268033409,0.9710351519337252,0.1257845773341517,0.9684169196817561,0.12095099004642228,0.0,0.0,0.4380644690772527,263.304496049881,True,,,1,26f16bdb4e2d4cfebe26caa7fbc49be1,2020-11-05_02-07-31,1604563651,263.304496049881,7022,iotagpu01,140.221.68.4,263.304496049881,0,1,"5_batch_size=878,dropout=0.70014,epochs=54,learning_rate=0.004126",0.00412604637072391,0.7001411536379163,54,878
937110be,0.9337806969881057,0.13729999959468842,0.9283545856659066,0.13716480060819683,0.9289465120833047,0.13663968369157048,0.9273823922408827,0.1305506600317921,0.0,0.0,0.42601193309044477,407.86624813079834,True,,,1,6eb106ec2d664324b0e6d9208a716bea,2020-11-05_02-14-24,1604564064,407.86624813079834,7116,iotagpu01,140.221.68.4,407.86624813079834,0,1,"6_batch_size=504,dropout=0.61653,epochs=84,learning_rate=0.038644",0.03864416807928452,0.6165332207120165,84,504
93713756,0.8309876256518893,0.0778999999165535,0.8205426503510266,0.07797713407311331,0.8214133180661779,0.07806203438185362,0.8254358166181939,0.07459730314422587,0.013648506881007598,0.0,0.36205643890840417,420.0521664619446,True,,,1,c62aa042869d4bdeb1091183b07c5ad1,2020-11-05_02-21-29,1604564489,420.0521664619446,6991,iotagpu01,140.221.68.4,420.0521664619446,0,1,"7_batch_size=558,dropout=0.83272,epochs=84,learning_rate=0.042065",0.04206495682209042,0.8327163904197562,84,558
93715d58,0.9469001564112577,0.04540000110864639,0.9439509442048434,0.045055504685537325,0.944239076121557,0.04516408375675695,0.9407958475785823,0.04180909567199012,0.0,0.0,0.39533147095391713,223.77885007858276,True,,,1,91fd27535f1b4ce28b2503483bcd9d9a,2020-11-05_02-25-17,1604564717,223.77885007858276,7130,iotagpu01,140.221.68.4,223.77885007858276,0,1,"8_batch_size=919,dropout=0.55481,epochs=51,learning_rate=0.049155",0.04915493884358207,0.5548108104213761,51,919
9371862a,0.9118702547116713,0.09529999643564224,0.9075013277816235,0.09590047512922006,0.9078477231701448,0.09597632119205092,0.9066375623845757,0.0902658021705479,0.0015775981068822588,0.0,0.4012877061082359,305.6019387245178,True,,,1,c1f8005538ea43c5a812d606fb76bd0b,2020-11-05_02-30-28,1604565028,305.6019387245178,7006,iotagpu01,140.221.68.4,305.6019387245178,0,1,"9_batch_size=461,dropout=0.87948,epochs=54,learning_rate=0.020183",0.020183271559506638,0.8794826246756358,54,461
9371ac18,0.9620600243409475,0.10040000081062317,0.9605274328028158,0.09995459046179928,0.9607215261954575,0.09976264452430235,0.9581416558277294,0.09484430973047109,0.0,0.0,0.4236412184694146,380.8063642978668,True,,,1,3b67bbd5882249e487999f986a70e8a6,2020-11-05_02-36-53,1604565413,380.8063642978668,7038,iotagpu01,140.221.68.4,380.8063642978668,0,1,"10_batch_size=849,dropout=0.78219,epochs=83,learning_rate=0.012677",0.012677424042734198,0.7821927805920547,83,849
0eb0328e,0.8560872673988342,0.053300000727176666,0.8381159904062508,0.05317576589273793,0.8402365675147737,0.053179165739435756,0.8408275226862498,0.049745629651608426,0.0005785920925747276,0.0,0.3585246502109642,333.6512393951416,True,,,1,471fe77697de43eeadfe8c588564c406,2020-11-05_02-42-32,1604565752,333.6512393951416,7135,iotagpu01,140.221.68.4,333.6512393951416,0,1,"1_batch_size=610,dropout=0.37893,epochs=71,learning_rate=0.097024",0.09702357537848119,0.3789275006028102,71,610
0eb06f92,0.9524089281375592,0.05700000002980232,0.9482460485332047,0.056608499111979814,0.948478651815756,0.05640769052272709,0.9441517845189965,0.05301067855453518,0.0,0.0,0.40163122812245605,319.707396030426,True,,,1,b49f10af51b349a8ae0c2795e0a08df8,2020-11-05_02-47-56,1604566076,319.707396030426,7040,iotagpu01,140.221.68.4,319.707396030426,0,1,"2_batch_size=816,dropout=0.30026,epochs=72,learning_rate=0.060065",0.06006488194709056,0.3002575061077052,72,816
0eb09706,0.8660732573933072,0.08590000122785568,0.8539551042416473,0.08647098884346446,0.855430451303216,0.08637162384030694,0.8567340010858051,0.08140491971345311,0.00957998845187071,0.0,0.3781920336100927,298.29001784324646,True,,,1,e78965aa1a9c43e59132f6d252563ccf,2020-11-05_02-52-59,1604566379,298.29001784324646,7062,iotagpu01,140.221.68.4,298.29001784324646,0,1,"3_batch_size=557,dropout=0.4257,epochs=57,learning_rate=0.090321",0.0903208867589306,0.4256994136947863,57,557
0eb0be3e,0.9545852487737482,0.11230000108480453,0.9518136273531959,0.11270235227069758,0.9520004908494119,0.11282466534265095,0.9471398838305312,0.10802900802900804,0.0,0.0,0.4251395277534048,311.87510800361633,True,,,1,97ff2fb40e964a838c00249f4c6c0d1d,2020-11-05_02-58-16,1604566696,311.87510800361633,7043,iotagpu01,140.221.68.4,311.87510800361633,0,1,"4_batch_size=973,dropout=0.36279,epochs=69,learning_rate=0.044727",0.04472676999874309,0.36279390819354873,69,973
0eb0e4e0,0.9138576785723368,0.07349999994039536,0.9078288128849928,0.07383318928262748,0.9087469646458409,0.0738009493627471,0.9053240454925849,0.07014617716864908,0.0,0.0,0.39270378173501747,255.64961504936218,True,,,1,05cd98cc98c345ad80a779c59c06d81c,2020-11-05_03-02-36,1604566956,255.64961504936218,7120,iotagpu01,140.221.68.4,255.64961504936218,0,1,"5_batch_size=890,dropout=0.62628,epochs=54,learning_rate=0.060917",0.06091730015190169,0.6262800387685149,54,890
0eb10be6,0.9555851275270636,0.10949999839067459,0.9526444506460844,0.10955864680835294,0.9528010970122106,0.10930068118807133,0.9465787684053908,0.10484925208082747,0.0,0.0,0.42408180220586755,416.3353171348572,True,,,1,ae77f85686614ebf97618f5c20f44f83,2020-11-05_03-09-37,1604567377,416.3353171348572,7041,iotagpu01,140.221.68.4,416.3353171348572,0,1,"6_batch_size=947,dropout=0.38367,epochs=97,learning_rate=0.050537",0.050536848346852695,0.3836741191514949,97,947
0eb1324c,0.8559027821929367,0.09099999815225601,0.8431712962962964,0.09037422839506172,0.8444103157644823,0.09059680674264008,0.8470664173789174,0.08498783238366572,0.015142746913580241,0.0,0.37626524242198367,381.3895478248596,True,,,1,a0ce5350769a40dbbee0e75c00e7c149,2020-11-05_03-16-04,1604567764,381.3895478248596,7071,iotagpu01,140.221.68.4,381.3895478248596,0,1,"7_batch_size=384,dropout=0.519,epochs=68,learning_rate=0.072432",0.07243245309996586,0.5189970884761896,68,384
0eb15876,0.9241904735565185,0.10029999911785126,0.9166959706959709,0.09923809523809524,0.9176190476190478,0.0992893772893773,0.9111135531135531,0.09336263736263735,0.0,0.0,0.4061809153993051,436.62338185310364,True,,,1,323e60fc51b045ba95ef203c329954e4,2020-11-05_03-23-25,1604568205,436.62338185310364,7027,iotagpu01,140.221.68.4,436.62338185310364,0,1,"8_batch_size=525,dropout=0.37937,epochs=94,learning_rate=0.065752",0.06575224336754265,0.37936962593332757,94,525
0eb185a8,0.9207388669252395,0.08449999988079071,0.9124058397276315,0.08401427917780706,0.9136398454550904,0.08382000166648881,0.911169495068509,0.07869708349839857,0.0,0.0,0.39889854113999557,430.90963792800903,True,,,1,9ebce7415ca54c0c9fa8afc075e6ba9f,2020-11-05_03-30-41,1604568641,430.90963792800903,7081,iotagpu01,140.221.68.4,430.90963792800903,0,1,"9_batch_size=521,dropout=0.57922,epochs=88,learning_rate=0.048177",0.04817685143140819,0.5792179348659072,88,521
0eb1ac40,0.9476015418767929,0.046300001442432404,0.94373283150066,0.046634632467699326,0.9443728321566504,0.046625065940703946,0.9387798304811418,0.043263661683872724,0.0,0.0,0.39573103975499535,265.33009815216064,True,,,1,8208085aaa7643e6b4ddec81aac5aa8c,2020-11-05_03-35-10,1604568910,265.33009815216064,7036,iotagpu01,140.221.68.4,265.33009815216064,0,1,"10_batch_size=885,dropout=0.29175,epochs=59,learning_rate=0.065596",0.06559569517372223,0.2917538389724122,59,885
334167d2,0.9627787192662557,0.0982000008225441,0.9610443861559779,0.09744199373300656,0.961164817522095,0.09755003585016012,0.9568132019836957,0.0930054233445702,0.0,0.0,0.42279985786783053,381.5270314216614,True,,,1,57516c612a7e4b86a70326784c5f9290,2020-11-05_03-41-37,1604569297,381.5270314216614,7111,iotagpu01,140.221.68.4,381.5270314216614,0,1,"1_batch_size=701,dropout=0.2953,epochs=81,learning_rate=0.036548",0.03654792874077006,0.2953008239636736,81,701
3341a0a8,0.9649231473604838,0.052299998700618744,0.9638274834180119,0.05190086869987173,0.964004784011905,0.052030876962335035,0.9614960079976992,0.047992586607505605,0.0,0.0,0.4058475753758431,332.4961235523224,True,,,1,aedb894fa8074f3080730a9f23a03fff,2020-11-05_03-47-14,1604569634,332.4961235523224,7079,iotagpu01,140.221.68.4,332.4961235523224,0,1,"2_batch_size=685,dropout=0.62591,epochs=71,learning_rate=0.022707",0.02270686221062706,0.6259076233336943,71,685
3341c8b2,0.97579758365949,0.05050000175833702,0.9757059039237257,0.04644438802854644,0.9755648641787257,0.046493751939296495,0.9733082282587234,0.043306253702293324,0.0,0.0,0.40871209754491383,326.7862174510956,True,,,1,880483e8a7024c458950f1fc26b064c8,2020-11-05_03-52-46,1604569966,326.7862174510956,7056,iotagpu01,140.221.68.4,326.7862174510956,0,1,"3_batch_size=909,dropout=0.27069,epochs=73,learning_rate=0.022478",0.022478195631926382,0.2706908131287198,73,909
3341efe0,0.9717109352350235,0.1193000003695488,0.9708006248954524,0.11822108912626154,0.9708775419982317,0.11835700090010431,0.9685822261253296,0.11424156251742458,0.0,0.0,0.43520909811673764,270.4824175834656,True,,,1,e0460b818ae7450eacfd3b6d2b7d5541,2020-11-05_03-57-21,1604570241,270.4824175834656,7070,iotagpu01,140.221.68.4,270.4824175834656,0,1,"4_batch_size=888,dropout=0.31955,epochs=58,learning_rate=0.02532",0.025319697506794723,0.3195534160905971,58,888
334216b4,0.9739443605596368,0.07739999890327454,0.9736716152699759,0.07842819748557453,0.9736854675379264,0.07822089113072721,0.9715622492261837,0.07346239825748023,0.0,0.0,0.42003751783707793,225.0987584590912,True,,,1,604d877391af44e496b097b2ee9b87ed,2020-11-05_04-01-11,1604570471,225.0987584590912,7103,iotagpu01,140.221.68.4,225.0987584590912,0,1,"5_batch_size=976,dropout=0.44367,epochs=44,learning_rate=0.016183",0.016182904606789072,0.4436693755764637,44,976
33423d06,0.8926854185436083,0.10649999976158142,0.8847065552462855,0.10691275983629803,0.885503713839546,0.10674210711691971,0.8846662947112722,0.101262908047016,0.004193849021435207,0.0,0.39731736061239625,398.1863851547241,True,,,1,6377eb0386a5497cbaed6baf1d8b4ad4,2020-11-05_04-07-54,1604570874,398.1863851547241,7055,iotagpu01,140.221.68.4,398.1863851547241,0,1,"6_batch_size=444,dropout=0.63249,epochs=73,learning_rate=0.054458",0.054457945131396505,0.632488611989133,73,444
334262f4,0.95224023660024,0.08160000294446945,0.950175457052472,0.08165302835616403,0.9503933694516873,0.08147143469015108,0.9449949028536504,0.07706108810924675,0.0,0.0,0.4119589520058081,400.7424783706665,True,,,1,776ea26e0bb84a4a8021f5a06552e538,2020-11-05_04-14-40,1604571280,400.7424783706665,7039,iotagpu01,140.221.68.4,400.7424783706665,0,1,"7_batch_size=706,dropout=0.44421,epochs=88,learning_rate=0.041163",0.04116252949235945,0.4442104079778288,88,706
33428ca2,0.9516354004542033,0.1225999966263771,0.947163287464088,0.12275482933281916,0.9478891300877231,0.12266049225295605,0.9407787750554791,0.1177741425174109,0.0,0.0,0.4273256053791057,376.13827323913574,True,,,1,6d98c7679bd841b0971ce3424ea141c4,2020-11-05_04-21-01,1604571661,376.13827323913574,7132,iotagpu01,140.221.68.4,376.13827323913574,0,1,"8_batch_size=894,dropout=0.25193,epochs=86,learning_rate=0.059598",0.059598213110665474,0.25193422617494854,86,894
3342b45c,0.9309334307909012,0.11749999970197678,0.9232369402002326,0.1181322076761454,0.924366374588844,0.11816644658691376,0.921037941338275,0.11395454665755,0.0,0.0,0.41673278875408387,300.75427770614624,True,,,1,5ce4fb5c7e3b46c9b6f1a939790197ff,2020-11-05_04-26-06,1604571966,300.75427770614624,7119,iotagpu01,140.221.68.4,300.75427770614624,0,1,"9_batch_size=899,dropout=0.5677,epochs=65,learning_rate=0.060449",0.06044865061575675,0.5677020253584495,65,899
3342e152,0.9787954688072205,0.13099999725818634,0.9785896352561008,0.13118399385903007,0.9785602304101821,0.13120844630984663,0.9769349162426177,0.1261926760266934,0.0,0.0,0.44324653641698775,369.61911368370056,True,,,1,5e77f79021c64951b32291e7a973bf5a,2020-11-05_04-32-21,1604572341,369.61911368370056,7131,iotagpu01,140.221.68.4,369.61911368370056,0,1,"10_batch_size=654,dropout=0.4812,epochs=76,learning_rate=0.00064603",0.0006460301111945958,0.4811961958498152,76,654
2fd4e008,0.9292449434598287,0.09969999641180038,0.9237393411540055,0.0997579073849679,0.9245350479329308,0.09956828217419451,0.9234960760830122,0.09481209732244279,0.0,0.0,0.40948536919231826,314.3582561016083,True,,,1,fb19e241b2fc4654bc8bd0ff62911582,2020-11-05_04-37-40,1604572660,314.3582561016083,7011,iotagpu01,140.221.68.4,314.3582561016083,0,1,"1_batch_size=687,dropout=0.75946,epochs=63,learning_rate=0.039421",0.03942127457620884,0.7594581980909982,63,687
2fd52806,0.7957341253757477,0.07609999924898148,0.7842722659939642,0.07631502407445805,0.7857122699103831,0.07622488884281338,0.7889099108438732,0.07159717902642429,0.02999213836477988,0.0,0.3484857801681425,333.115065574646,True,,,1,99777547e8384eee81b6b2df72198de8,2020-11-05_04-43-18,1604572998,333.115065574646,6989,iotagpu01,140.221.68.4,333.115065574646,0,1,"2_batch_size=504,dropout=0.7595,epochs=60,learning_rate=0.054293",0.05429331176448618,0.75949797528166,60,504
2fd5579a,0.8296704108898456,0.07590000331401825,0.8214017902132436,0.07588783759208541,0.8222864072320417,0.07571415172011295,0.8241494834410114,0.07259893696722945,0.0040741100009700215,0.0,0.36016831313705583,232.92369651794434,True,,,1,8755bbf5ef87413e9e45342581aa2bbd,2020-11-05_04-47-15,1604573235,232.92369651794434,6977,iotagpu01,140.221.68.4,232.92369651794434,0,1,"3_batch_size=793,dropout=0.80486,epochs=44,learning_rate=0.056882",0.056881666370210596,0.8048636798896522,44,793
2fd580d0,0.7656949990325503,0.08309999853372574,0.7513026439772607,0.07896154574178421,0.7531955078803461,0.07890330377553544,0.754913645884685,0.07540150555482748,0.003691084611016471,0.0,0.33451642349917315,315.99729204177856,True,,,1,8367acc3110c4280bd3dbf82b92d86cb,2020-11-05_04-52-36,1604573556,315.99729204177856,6936,iotagpu01,140.221.68.4,315.99729204177856,0,1,"4_batch_size=587,dropout=0.57411,epochs=64,learning_rate=0.080081",0.08008135313670617,0.5741078202803461,64,587
2fd5a876,0.845637093890797,0.10019999742507935,0.8295833684387902,0.09658915381806947,0.8314502766309997,0.09621071699384953,0.8324142724745134,0.0902111944280619,0.0,0.0,0.37222960741001604,215.79660892486572,True,,,1,492c8b353ac0458e874756efdc9cc92a,2020-11-05_04-56-16,1604573776,215.79660892486572,6987,iotagpu01,140.221.68.4,215.79660892486572,0,1,"5_batch_size=996,dropout=0.52682,epochs=42,learning_rate=0.09979",0.09979010958536935,0.526819886980631,42,996
2fd5cfb8,0.43833722309632733,0.1185000017285347,0.4321051597974675,0.11844702306240769,0.43259825644441025,0.11847016231631616,0.4354136461828769,0.11123859046935967,0.07119547119547119,0.0,0.22763055342931715,244.6594386100769,True,,,1,a4b7c1b46c124a9f848b78b7a5bfaa44,2020-11-05_05-00-26,1604574026,244.6594386100769,6939,iotagpu01,140.221.68.4,244.6594386100769,0,1,"6_batch_size=910,dropout=0.884,epochs=53,learning_rate=0.065456",0.06545569978582355,0.8839972604426791,53,910
2fd5f77c,0.3354598606626193,0.10670000314712524,0.3315325950484439,0.10569124074151841,0.3317919613267197,0.10561106620619319,0.3337645613479725,0.10370756288545169,0.04221458465904992,0.0,0.1796473436025094,244.88044786453247,True,,,1,eb702d80abe24f0fb89d06337c2c314d,2020-11-05_05-04-35,1604574275,244.88044786453247,6841,iotagpu01,140.221.68.4,244.88044786453247,0,1,"7_batch_size=877,dropout=0.84948,epochs=51,learning_rate=0.095149",0.09514917771361694,0.8494810870322356,51,877
2fd61f22,0.9501354595025381,0.10119999945163727,0.9453706804668119,0.10088541588380218,0.9461337288231105,0.10074205843950874,0.942929240983554,0.09576722016207469,0.0,0.0,0.41831638037130375,281.8541395664215,True,,,1,11eabaa6fa744f288905dea451d2bf43,2020-11-05_05-09-22,1604574562,281.8541395664215,6917,iotagpu01,140.221.68.4,281.8541395664215,0,1,"8_batch_size=861,dropout=0.48414,epochs=54,learning_rate=0.050553",0.050553258075286045,0.4841413429767979,54,861
2fd6465a,0.8423539314951215,0.09229999780654907,0.8322871164723501,0.08905138677965241,0.8334567314471203,0.08891269725695237,0.8358445027296053,0.08391133969989366,0.010711454136530582,0.0,0.37088291578237753,208.6488401889801,True,,,1,c9131997297745d9b8de225e80b68dc7,2020-11-05_05-12-55,1604574775,208.6488401889801,6943,iotagpu01,140.221.68.4,208.6488401889801,0,1,"9_batch_size=763,dropout=0.76426,epochs=34,learning_rate=0.061298",0.061298198097412715,0.7642631347961144,34,763
2fd66d24,0.6847468757629395,0.11980000138282776,0.6801907073509017,0.11927211138376187,0.6806662754721008,0.11906300010668942,0.6818041182118852,0.11318788008108398,0.004174757281553396,0.0,0.32029057270337435,187.26868104934692,True,,,1,a579948cebf1439382c05f32d59de057,2020-11-05_05-16-07,1604574967,187.26868104934692,7075,iotagpu01,140.221.68.4,187.26868104934692,0,1,"10_batch_size=412,dropout=0.87428,epochs=13,learning_rate=0.044287",0.0442874064219901,0.8742757876244426,13,412
4d34103c,0.9683932011777704,0.09910000115633011,0.968159630665264,0.0994116894071829,0.96816698398492,0.09934250817531574,0.9666781768629448,0.0936238915058203,0.0,0.0,0.42628760829355483,131.8873007297516,True,,,1,c74f4c0d891b46b5bc8bbae9f8658a9a,2020-11-05_05-18-24,1604575104,131.8873007297516,6946,iotagpu01,140.221.68.4,131.8873007297516,0,1,"1_batch_size=951,dropout=0.66005,epochs=15,learning_rate=0.004405",0.004405026460233983,0.6600497683314136,15,951
4d344296,0.9659272615726178,0.1111999973654747,0.9649081802670672,0.11138412543433904,0.9651059892975492,0.11131017345406052,0.9623745076715386,0.10695294103579775,0.0,0.0,0.4299163176098445,273.73858642578125,True,,,1,9f6998d88fb44c6d9060b15da6459a49,2020-11-05_05-23-02,1604575382,273.73858642578125,6921,iotagpu01,140.221.68.4,273.73858642578125,0,1,"2_batch_size=791,dropout=0.49057,epochs=53,learning_rate=0.031213",0.031212828988975403,0.4905696400543826,53,791
4d346b40,0.9548592296513644,0.09030000120401382,0.9528620980095343,0.09010185331350155,0.9531439230648366,0.09002855242838481,0.951036254026879,0.08667592816757433,0.0,0.0,0.4169007839866089,142.7375328540802,True,,,1,e6f6fdb44fbc4b50bf704600226a53e6,2020-11-05_05-25-30,1604575530,142.7375328540802,6908,iotagpu01,140.221.68.4,142.7375328540802,0,1,"3_batch_size=939,dropout=0.51542,epochs=18,learning_rate=0.04632",0.046319787940962816,0.5154249739566692,18,939
4d349318,0.9573792219161987,0.15139999985694885,0.9562323157415181,0.15071152433115625,0.9564661991042359,0.1508238864067085,0.9539575625465195,0.14517078014010526,0.0,0.0,0.44221414900433914,275.3323640823364,True,,,1,1a123a9a92844dfb9f7839ebaf2979e7,2020-11-05_05-30-10,1604575810,275.3323640823364,6923,iotagpu01,140.221.68.4,275.3323640823364,0,1,"4_batch_size=489,dropout=0.75658,epochs=43,learning_rate=0.013503",0.013502792172967413,0.7565780880621595,43,489
4d34b9d8,0.7941259254108776,0.06700000166893005,0.785961297363921,0.06833600304841476,0.7871399706919384,0.06859725093832057,0.7890943118995591,0.06443351468578512,0.010642244850115667,0.0,0.3435330520557862,165.26726388931274,True,,,1,39311696308a42999c5d87820c44e083,2020-11-05_05-32-59,1604575979,165.26726388931274,6931,iotagpu01,140.221.68.4,165.26726388931274,0,1,"5_batch_size=991,dropout=0.85487,epochs=28,learning_rate=0.054319",0.05431870666901574,0.8548680486169205,28,991
4d34dfe4,0.8977988637410678,0.11349999904632568,0.8916271040900666,0.11352561967627886,0.8922664254630456,0.11358801134667064,0.8933151024504355,0.10548068309713575,0.0015618898867629878,0.0,0.40226636987977893,143.80626130104065,True,,,1,2bf2e9f21c624126bb040e2b7bbeb2eb,2020-11-05_05-35-28,1604576128,143.80626130104065,6927,iotagpu01,140.221.68.4,143.80626130104065,0,1,"6_batch_size=788,dropout=0.70009,epochs=16,learning_rate=0.062218",0.06221771307921561,0.7000930463191168,16,788
4d350618,0.9136990308761597,0.10270000249147415,0.9064522371997686,0.10493320704886291,0.9074853849183891,0.10478737389879847,0.9069345031263227,0.09833806900097451,0.00018805829807240216,0.0,0.40455178668588226,221.67823338508606,True,,,1,4175d97827e848f18d8a3c8f9bc83dce,2020-11-05_05-39-14,1604576354,221.67823338508606,7105,iotagpu01,140.221.68.4,221.67823338508606,0,1,"7_batch_size=709,dropout=0.6477,epochs=38,learning_rate=0.051955",0.05195483990710758,0.6477043959297331,38,709
4d352bc0,0.9509337719749001,0.08879999816417694,0.9499560260903742,0.08887273985744276,0.9501505521033307,0.08888789860745226,0.9479021508100727,0.08516654390786076,0.0,0.0,0.415066968151561,150.44043636322021,True,,,1,667b90bb669e47cea952b5e47ed93d0b,2020-11-05_05-41-49,1604576509,150.44043636322021,7072,iotagpu01,140.221.68.4,150.44043636322021,0,1,"8_batch_size=597,dropout=0.72881,epochs=12,learning_rate=0.023179",0.02317850041296219,0.728807528009797,12,597
4d3554d8,0.9771634661234342,0.1290999948978424,0.9770852298588983,0.12859865725989986,0.9770852298588986,0.1279372439690487,0.9752290054619935,0.12251081019572144,0.0,0.0,0.4414709637625737,183.87472653388977,True,,,1,891f3d97750c44dab6ad6a09dac4ec6e,2020-11-05_05-44-58,1604576698,183.87472653388977,6890,iotagpu01,140.221.68.4,183.87472653388977,0,1,"9_batch_size=832,dropout=0.55337,epochs=31,learning_rate=0.0087328",0.008732838575425882,0.553370969629613,31,832
4d357ad0,0.9677591380618867,0.1298000067472458,0.9670241926314799,0.12937286510161003,0.9671223176283906,0.1293357901657497,0.9649214258525999,0.12284730564082794,0.0,0.0,0.43781830418297907,245.90311121940613,True,,,1,2d9f1b8406e642a0818b1fb8196b8cb9,2020-11-05_05-49-08,1604576948,245.90311121940613,6980,iotagpu01,140.221.68.4,245.90311121940613,0,1,"10_batch_size=494,dropout=0.64641,epochs=37,learning_rate=0.014904",0.014904486227132765,0.6464147036946208,37,494
ea56fc86,0.9428655938668684,0.10970000177621841,0.9386942564491758,0.11019684946339686,0.9391446111034664,0.11026947610131871,0.9376201466988586,0.10536561431015815,9.712509712509679e-05,0.0,0.4193953674866586,302.0425775051117,True,,,1,644739f1b00148cd9eeb787eaeb1a3c7,2020-11-05_05-54-15,1604577255,302.0425775051117,6906,iotagpu01,140.221.68.4,302.0425775051117,0,1,"1_batch_size=468,dropout=0.48934,epochs=48,learning_rate=0.044696",0.044696272472125466,0.48934194681985255,48,468
ea57357a,0.9212811047380621,0.10109999775886536,0.9159313208343381,0.10139012388473595,0.9165417018326502,0.1016331459488787,0.9147515334880637,0.09488269004702193,0.0,0.0,0.4067511618532616,170.75330924987793,True,,,1,669725d9a0ac4903af3f5313e0127e86,2020-11-05_05-57-11,1604577431,170.75330924987793,7076,iotagpu01,140.221.68.4,170.75330924987793,0,1,"2_batch_size=464,dropout=0.35644,epochs=12,learning_rate=0.078896",0.07889619534805772,0.35643611685313653,12,464
ea575e56,0.8096916882888131,0.10599999874830246,0.7966403722668535,0.10606057187687445,0.7978237857077108,0.10593069420704984,0.8034138650090454,0.10010913634884167,0.03156651571677735,0.0,0.36572366281702684,190.33774638175964,True,,,1,73849ba96d8745989c3a8d13844ad248,2020-11-05_06-00-26,1604577626,190.33774638175964,7077,iotagpu01,140.221.68.4,190.33774638175964,0,1,"3_batch_size=436,dropout=0.51711,epochs=17,learning_rate=0.096041",0.09604124601947395,0.517108745367723,17,436
ea578688,0.9611326089272132,0.09489999711513519,0.9592171358302453,0.09451457589227763,0.9594003492957628,0.09459395708833537,0.9557045525925323,0.08866056341563182,0.0,0.0,0.42081237401571336,287.4516544342041,True,,,1,15770b79052a4808bcf654758f6f19d6,2020-11-05_06-05-18,1604577918,287.4516544342041,6886,iotagpu01,140.221.68.4,287.4516544342041,0,1,"4_batch_size=793,dropout=0.30665,epochs=60,learning_rate=0.040216",0.04021578822939568,0.30664570240905104,60,793
ea57ae38,0.9542718496587541,0.09109999984502792,0.9507179308131715,0.09187339685714552,0.9512635804429501,0.09162492961530476,0.9476141438020045,0.08526827217144432,0.0,0.0,0.4163734103205803,300.86640644073486,True,,,1,ff2819666f7e463cb342126a884610e6,2020-11-05_06-10-23,1604578223,300.86640644073486,6896,iotagpu01,140.221.68.4,300.86640644073486,0,1,"5_batch_size=559,dropout=0.20579,epochs=58,learning_rate=0.051929",0.05192853349791811,0.2057946165877158,58,559
ea57db10,0.9499389637600292,0.07930000126361847,0.9474955705557663,0.07919805804554249,0.9477937798091997,0.07941425975428151,0.9442411399019087,0.07652750531074144,0.0,0.0,0.4103909278401088,213.65322756767273,True,,,1,3ffddf8841f440e2977b155aacab57d7,2020-11-05_06-14-02,1604578442,213.65322756767273,6856,iotagpu01,140.221.68.4,213.65322756767273,0,1,"6_batch_size=469,dropout=0.26675,epochs=24,learning_rate=0.051674",0.05167380706552548,0.2667485252012408,24,469
ea5801c6,0.9531901528437933,0.09369999915361404,0.9506360642260931,0.0946081075595198,0.9511741905452715,0.09442945423682231,0.9474111916146012,0.08943354251807796,0.0,0.0,0.41745827026977933,236.00592875480652,True,,,1,dbd0d5d63a864c4393d0338a372aae38,2020-11-05_06-18-02,1604578682,236.00592875480652,6900,iotagpu01,140.221.68.4,236.00592875480652,0,1,"7_batch_size=881,dropout=0.34907,epochs=48,learning_rate=0.046756",0.04675638752319932,0.349069783163527,48,881
ea582822,0.9325489282608033,0.11969999969005585,0.9259273066169618,0.11927368530816806,0.9268742953225713,0.11947024550472828,0.9258818162266438,0.11672185689427067,0.00039312039312039193,0.0,0.41867912542173236,342.45061588287354,True,,,1,7178f11f209f47b4a979c59030eca53e,2020-11-05_06-23-50,1604579030,342.45061588287354,7104,iotagpu01,140.221.68.4,342.45061588287354,0,1,"8_batch_size=407,dropout=0.41698,epochs=52,learning_rate=0.053773",0.05377266275925242,0.41697967370558564,52,407
ea584f46,0.9611791209741072,0.1096000000834465,0.9606958161250566,0.10956794712884904,0.960670566607795,0.10964643368616626,0.9570279099606441,0.10817289369240118,0.0,0.0,0.4276560688258466,195.65210890769958,True,,,1,d84ab41006d54371b6f5cb4c667155ec,2020-11-05_06-27-10,1604579230,195.65210890769958,6948,iotagpu01,140.221.68.4,195.65210890769958,0,1,"9_batch_size=913,dropout=0.29414,epochs=31,learning_rate=0.038678",0.03867820474155477,0.2941362043641775,31,913
ea58753e,0.8725039294132819,0.08030000329017639,0.8636043352252142,0.08034295374954716,0.86480950368313,0.08046371211206377,0.8641251056635672,0.07498882985146724,0.007448979591836717,0.0,0.37885873525802843,331.16686248779297,True,,,1,deb8544095134ee6848b71e81fb61d36,2020-11-05_06-32-45,1604579565,331.16686248779297,6971,iotagpu01,140.221.68.4,331.16686248779297,0,1,"10_batch_size=392,dropout=0.56099,epochs=55,learning_rate=0.06215",0.062150453733806274,0.5609922076780598,55,392
02254a4c,0.9762505769729615,0.08860000222921371,0.9759212540369369,0.08806926967332451,0.9758628129528546,0.08758534691748765,0.9735855643726841,0.08185217463690929,0.0,0.0,0.42477270017923724,303.5975272655487,True,,,1,db2a53cde80e472898d7f77e86e5614d,2020-11-05_06-37-54,1604579874,303.5975272655487,6902,iotagpu01,140.221.68.4,303.5975272655487,0,1,"1_batch_size=702,dropout=0.60454,epochs=59,learning_rate=0.0079012",0.007901226358064816,0.6045435223852291,59,702
02257e90,0.9375301461953384,0.10130000114440918,0.9336118946572411,0.10170228770930473,0.9342069345084022,0.1016782144630297,0.9307576137714869,0.09535131258823176,0.0,0.0,0.4136138405037444,236.0715217590332,True,,,1,5fb493a4e1b6415a8ac1cdc01d000b3c,2020-11-05_06-41-55,1604580115,236.0715217590332,7005,iotagpu01,140.221.68.4,236.0715217590332,0,1,"2_batch_size=788,dropout=0.5907,epochs=42,learning_rate=0.048055",0.048054723564492974,0.5906979418315261,42,788
0225a672,0.945278449492021,0.10450000315904617,0.9419015127434548,0.10432024070970353,0.9424947985898399,0.10428484222389182,0.9353199228457494,0.09863878373692424,0.0,0.0,0.4176738553500631,286.72174739837646,True,,,1,42255b3ba40843939ea663675c0ba12f,2020-11-05_06-46-46,1604580406,286.72174739837646,6940,iotagpu01,140.221.68.4,286.72174739837646,0,1,"3_batch_size=968,dropout=0.32943,epochs=63,learning_rate=0.055817",0.05581693786636477,0.3294294908276199,63,968
0225d200,0.958581524736741,0.03759999945759773,0.9565754242873619,0.037660573279085376,0.9570252988073056,0.03771198524658731,0.9526836413298351,0.0353384000659087,0.0,0.0,0.3973176847210423,270.79535269737244,True,,,1,c5e1a9ac98024e818d603344c23eb34a,2020-11-05_06-51-21,1604580681,270.79535269737244,6911,iotagpu01,140.221.68.4,270.79535269737244,0,1,"4_batch_size=595,dropout=0.21078,epochs=50,learning_rate=0.041947",0.04194677752675325,0.2107787124772696,50,595
0225f8f2,0.951869398355484,0.08470000326633453,0.948213750474412,0.08341146237758983,0.9486913807344505,0.08331158136746233,0.9426094123883312,0.07905413048604891,0.0,0.0,0.4121861119450113,279.8927938938141,True,,,1,7665c576c511438293f05ff56ec77b35,2020-11-05_06-56-06,1604580966,279.8927938938141,6963,iotagpu01,140.221.68.4,279.8927938938141,0,1,"5_batch_size=757,dropout=0.20288,epochs=53,learning_rate=0.059316",0.059315627894632926,0.2028818868230594,53,757
02261efe,0.9461422454227101,0.11330000311136246,0.9425688428038653,0.1137665328115994,0.9429851131290129,0.11371216229996585,0.9372099017957262,0.10622352537167203,0.0,0.0,0.4215908326745914,297.2959494590759,True,,,1,69030cb120f44ea08d5a9d3bb408efa8,2020-11-05_07-01-08,1604581268,297.2959494590759,6868,iotagpu01,140.221.68.4,297.2959494590759,0,1,"6_batch_size=921,dropout=0.37616,epochs=63,learning_rate=0.05577",0.055770159206711925,0.37615969395555027,63,921
02264488,0.9768995557512555,0.08060000091791153,0.9767768122920591,0.08054352465911284,0.9766757307192299,0.080384682187524,0.9749854146982864,0.07577177265364231,0.0,0.0,0.4222637493879022,200.59532141685486,True,,,1,224745366edc4647bfcb54f5e32bda28,2020-11-05_07-04-33,1604581473,200.59532141685486,7047,iotagpu01,140.221.68.4,200.59532141685486,0,1,"7_batch_size=761,dropout=0.25118,epochs=33,learning_rate=0.011267",0.011267310728686867,0.25118204941442,33,761
02266ab2,0.9403651910168784,0.06889999657869339,0.9366655301668565,0.0716174482752732,0.9370736101505333,0.07152860402197272,0.9347907471249647,0.06709713805204522,0.0,0.0,0.40280382653872177,201.25622034072876,True,,,1,ba33abb631814d16b14fe7bbfb2a6c11,2020-11-05_07-07-59,1604581679,201.25622034072876,7139,iotagpu01,140.221.68.4,201.25622034072876,0,1,"8_batch_size=754,dropout=0.52915,epochs=32,learning_rate=0.054726",0.054726157784462284,0.529149016862775,32,754
02269294,0.9468508419536409,0.15199999511241913,0.9445234791928181,0.15670718726830954,0.9447290184765135,0.1565970769377583,0.9403044183605306,0.15142959912498993,0.0,0.0,0.439314161642698,228.19570875167847,True,,,1,55913f71c0e440f99e7966e76df4d2c5,2020-11-05_07-11-52,1604581912,228.19570875167847,6942,iotagpu01,140.221.68.4,228.19570875167847,0,1,"9_batch_size=499,dropout=0.31731,epochs=29,learning_rate=0.048812",0.04881215192187602,0.31730902952116186,29,499
0226b9c2,0.9659134775400162,0.11150000244379044,0.964270272870753,0.11096542209379379,0.9645753766075755,0.11085803054451551,0.962307273294422,0.10442141768225652,0.0,0.0,0.4294811273077123,255.2383897304535,True,,,1,b2f9f66641d3491aa21d6da831cac228,2020-11-05_07-16-12,1604582172,255.2383897304535,7080,iotagpu01,140.221.68.4,255.2383897304535,0,1,"10_batch_size=511,dropout=0.37057,epochs=40,learning_rate=0.030314",0.03031390447769014,0.37056672020025205,40,511
1389507a,0.7076729069585386,0.13779999315738678,0.6940352721671365,0.1379033202540054,0.6952810714499637,0.13746507783675246,0.6965573563844195,0.13189630587210865,0.016599839615076196,0.0,0.33552111436953874,448.5008056163788,True,,,1,2db3ef43a1474836aefb6e7f5f40441d,2020-11-05_07-23-45,1604582625,448.5008056163788,7014,iotagpu01,140.221.68.4,448.5008056163788,0,1,"1_batch_size=435,dropout=0.51104,epochs=90,learning_rate=0.097355",0.09735531779037211,0.511040454732809,90,435
1389866c,0.19922027240196863,0.07460000365972519,0.19857549857549855,0.07483430799220273,0.19873294346978557,0.07490178437546859,0.1988678962363173,0.07024291497975708,0.08653021442495126,0.0,0.1176505836115675,563.5936241149902,True,,,1,5bbaecfe3d3c42f6867195e356607859,2020-11-05_07-33-13,1604583193,563.5936241149902,6840,iotagpu01,140.221.68.4,563.5936241149902,0,1,"2_batch_size=285,dropout=0.83534,epochs=98,learning_rate=0.081238",0.08123750052892187,0.8353365419239922,98,285
1389adb8,0.7239364040525336,0.11550000309944153,0.7090397505222691,0.11429957506993307,0.710287963552538,0.11424814116617325,0.7170292995831344,0.10929140030505502,0.03977830016145228,0.0,0.33534108375125304,488.7241027355194,True,,,1,3ea53003e97a470c988f08ee4beaea9d,2020-11-05_07-41-27,1604583687,488.7241027355194,7058,iotagpu01,140.221.68.4,488.7241027355194,0,1,"3_batch_size=551,dropout=0.68635,epochs=100,learning_rate=0.080433",0.08043327047454688,0.6863487617558663,100,551
1389dc3e,0.6944696805516227,0.08240000158548355,0.6864822467676508,0.08186427931144503,0.6870379373737067,0.08195885686503895,0.6882230055151247,0.07869118339689148,0.02814536835868063,0.0,0.31092725597256443,732.701069355011,True,,,1,ce6e9763a49e4f33ab4a5c0e9d2bc957,2020-11-05_07-53-44,1604584424,732.701069355011,7137,iotagpu01,140.221.68.4,732.701069355011,0,1,"4_batch_size=166,dropout=0.65001,epochs=96,learning_rate=0.053485",0.05348536475196004,0.6500075825686149,96,166
138a02ae,0.5200345023818638,0.1136000007390976,0.5132683921474458,0.11389099970562663,0.5138028983400816,0.11374981634577865,0.515376189671234,0.10768604106798024,0.009480876000356015,0.0,0.2520889716399464,595.759064912796,True,,,1,d765b485228541ceac941bf73661f8be,2020-11-05_08-03-44,1604585024,595.759064912796,6850,iotagpu01,140.221.68.4,595.759064912796,0,1,"5_batch_size=219,dropout=0.51073,epochs=93,learning_rate=0.091362",0.09136150173470194,0.5107283715935446,93,219
138a28e2,0.7748563137165335,0.1736000031232834,0.7563963003844251,0.17377184532819595,0.7581565163417254,0.17391208874861297,0.7643518206758033,0.16891280606882175,0.02974917215392229,0.0,0.37737068665413237,478.92738485336304,True,,,1,dec2429d03994fd793cf56426d3dd88a,2020-11-05_08-11-48,1604585508,478.92738485336304,6899,iotagpu01,140.221.68.4,478.92738485336304,0,1,"6_batch_size=235,dropout=0.46984,epochs=57,learning_rate=0.081643",0.08164342986882558,0.46983820307948326,57,235
138a4f70,0.653851006925106,0.08839999884366989,0.646677627927628,0.08856074481074482,0.6473415473415474,0.08858363858363857,0.6488344988344988,0.08465007215007217,0.026542207792207787,0.0,0.29734413432091134,618.6408178806305,True,,,1,ef5025c700104ef1b2875a1e93b39870,2020-11-05_08-22-11,1604586131,618.6408178806305,7001,iotagpu01,140.221.68.4,618.6408178806305,0,1,"7_batch_size=168,dropout=0.56457,epochs=72,learning_rate=0.082155",0.08215532288350685,0.5645722657206216,72,168
138a76bc,0.10291654224458494,0.08479999750852585,0.10291654073658303,0.08525322740814299,0.10291654073658303,0.08522034720169516,0.10291654073658303,0.08101633050253576,0.0938344631060835,0.0,0.08417905301813172,375.655886888504,True,,,1,a7704bc9933f4f1f8cea439c2772959b,2020-11-05_08-28-31,1604586511,375.655886888504,6909,iotagpu01,140.221.68.4,375.655886888504,0,1,"8_batch_size=530,dropout=0.88474,epochs=68,learning_rate=0.09073",0.09073010214526914,0.884743932491328,68,530
138a9c8c,0.2934874695810405,0.09440000355243683,0.29013638371927136,0.09373136271531993,0.2904351342854017,0.09356377431243741,0.29131213409288276,0.09053194775119906,0.022161003979185787,0.0,0.15597592139891753,608.9192380905151,True,,,1,732e28e1ce95422ba7d2258ebaf094f6,2020-11-05_08-38-45,1604587125,608.9192380905151,7033,iotagpu01,140.221.68.4,608.9192380905151,0,1,"9_batch_size=153,dropout=0.79528,epochs=65,learning_rate=0.070626",0.07062626952373885,0.7952779359767901,65,153
138ac220,0.39468642437096796,0.15150000154972076,0.3899525481921099,0.15224078556918352,0.39037386461135354,0.15222754123775742,0.39233087635885977,0.1449202078643891,0.028103996733697664,0.0,0.21963362464880395,362.6714587211609,True,,,1,fb1a64b603a24276a1cd5edca9fd1247,2020-11-05_08-44-52,1604587492,362.6714587211609,6880,iotagpu01,140.221.68.4,362.6714587211609,0,1,"10_batch_size=307,dropout=0.79013,epochs=50,learning_rate=0.073932",0.07393208029171441,0.7901273600709371,50,307
7703c534,0.8808543627912347,0.1023000031709671,0.870413884079479,0.10254848759671911,0.8712986281314254,0.10248462238012077,0.873741745928241,0.0974110071778882,0.0063334307707298,0.0,0.3907386172026805,358.8765778541565,True,,,1,f84c198fd32c412190d63af41885b00e,2020-11-05_08-50-56,1604587856,358.8765778541565,6845,iotagpu01,140.221.68.4,358.8765778541565,0,1,"1_batch_size=311,dropout=0.67224,epochs=55,learning_rate=0.045897",0.04589719251294069,0.672238468106535,55,311
7703f950,0.9130750326883226,0.0917000025510788,0.9057401563511546,0.0911016531179464,0.9068415856603228,0.09107587366243171,0.9048007811755264,0.08818940356618565,0.00019396760740956567,0.0,0.39927184563803786,441.714515209198,True,,,1,9e3543564dd4465a9c8f1d20e48f3fb6,2020-11-05_08-58-22,1604588302,441.714515209198,6979,iotagpu01,140.221.68.4,441.714515209198,0,1,"2_batch_size=491,dropout=0.56187,epochs=84,learning_rate=0.053019",0.05301892533125223,0.5618741204737573,84,491
770420a6,0.6301613322326115,0.11330000311136246,0.6222008538134624,0.11321159425316572,0.6229185007165822,0.1130214767720478,0.6253866432029979,0.10674337844278457,0.04051247975414261,0.0,0.2987456262299157,483.8061423301697,True,,,1,d02c6ceac0c34001958271d76e775b87,2020-11-05_09-06-30,1604588790,483.8061423301697,7000,iotagpu01,140.221.68.4,483.8061423301697,0,1,"3_batch_size=363,dropout=0.83685,epochs=95,learning_rate=0.049609",0.04960948289355894,0.8368525687030288,95,363
770446ee,0.9447435140609741,0.11079999804496765,0.9403021530927976,0.11103990661708028,0.9410563087430414,0.11096967916968375,0.9389005219614058,0.10608545413296322,0.0,0.0,0.42038975358229136,373.1317389011383,True,,,1,a82cab7cce9e4f738b62eae7579d8dc3,2020-11-05_09-12-48,1604589168,373.1317389011383,6884,iotagpu01,140.221.68.4,373.1317389011383,0,1,"4_batch_size=458,dropout=0.63591,epochs=70,learning_rate=0.031402",0.031402488735794695,0.635907991071669,70,458
77046d4a,0.9224271376927694,0.11050000041723251,0.9143199923937628,0.10991688184311134,0.9153490862507256,0.11001521247422887,0.9160409035409037,0.10574170820072462,0.000683060109289609,0.0,0.41049939829227483,318.5857787132263,True,,,1,1c79d7c1bde8493489b5fa686f5e3d72,2020-11-05_09-18-11,1604589491,318.5857787132263,6851,iotagpu01,140.221.68.4,318.5857787132263,0,1,"5_batch_size=488,dropout=0.67432,epochs=56,learning_rate=0.042439",0.04243867936570201,0.6743210998965916,56,488
77049450,0.9424734732934407,0.08829999715089798,0.9398102051416969,0.0888863591902266,0.9402807290928837,0.08884875100344715,0.9368948117566902,0.08648061576238372,0.0,0.0,0.4111974942391667,665.7625365257263,True,,,1,7559f3efc5d4451e9951cc55ed245aaf,2020-11-05_09-29-21,1604590161,665.7625365257263,6853,iotagpu01,140.221.68.4,665.7625365257263,0,1,"6_batch_size=181,dropout=0.80837,epochs=87,learning_rate=0.011563",0.01156319005839588,0.8083733326741215,87,181
7704ba84,0.9751388861073388,0.09049999713897705,0.9747420634920633,0.0903021978021978,0.9748489010989011,0.09048992673992674,0.972687728937729,0.08392246642246642,0.0,0.0,0.42526321677396,385.30009937286377,True,,,1,60bcbe29bfe3496ebd8dfd1a5e0782c9,2020-11-05_09-35-51,1604590551,385.30009937286377,6839,iotagpu01,140.221.68.4,385.30009937286377,0,1,"7_batch_size=280,dropout=0.63334,epochs=56,learning_rate=0.0030598",0.0030598185814166606,0.6333389088786155,56,280
7704e2b6,0.9024443742301729,0.12929999828338623,0.8958238282081697,0.12994227335864347,0.8965295808712178,0.12997494794647818,0.897238190832497,0.12199801648200223,0.005338078291814945,0.0,0.41085892885043823,359.4675898551941,True,,,1,f2f30877b08b4fada2ee6db44f082d66,2020-11-05_09-41-55,1604590915,359.4675898551941,6887,iotagpu01,140.221.68.4,359.4675898551941,0,1,"8_batch_size=281,dropout=0.6976,epochs=45,learning_rate=0.036105",0.03610542234235383,0.6976000160333458,45,281
77050890,0.9068561213857987,0.051899999380111694,0.9020790020790022,0.052374036932860454,0.9026369695487342,0.05240461049284578,0.9000840772899595,0.04922343157637274,0.0004968203497615252,0.0,0.3818055069035447,1297.275809288025,True,,,1,7b88dfdc1c5d47a2b4c97c4b9842b252,2020-11-05_10-03-37,1604592217,1297.275809288025,7050,iotagpu01,140.221.68.4,1297.275809288025,0,1,"9_batch_size=74,dropout=0.48275,epochs=95,learning_rate=0.030067",0.030066590655153956,0.48274690428645417,95,74
77052ea6,0.9620532890160879,0.1589999943971634,0.960281587235765,0.15774865616991146,0.9605806079429492,0.15780846031134826,0.957755708545081,0.15051009829600512,0.0,0.0,0.44657384019143115,438.4994959831238,True,,,1,538365df52d24771b989ebdb9c896b9f,2020-11-05_10-11-01,1604592661,438.4994959831238,7073,iotagpu01,140.221.68.4,438.4994959831238,0,1,"10_batch_size=343,dropout=0.64394,epochs=84,learning_rate=0.019216",0.01921597368067935,0.6439449717571999,84,343
7f80356a,0.5131476659041184,0.10379999876022339,0.5061657191897944,0.10374116781632929,0.5068638623071976,0.10354926342007961,0.5092709052544636,0.09692299088658454,0.010715543997986743,0.0,0.24541771175367777,433.77028012275696,True,,,1,d4b17d0953934204a03969bb92488e0a,2020-11-05_10-18-20,1604593100,433.77028012275696,6834,iotagpu01,140.221.68.4,433.77028012275696,0,1,"1_batch_size=393,dropout=0.63238,epochs=76,learning_rate=0.099795",0.09979507872598592,0.6323827442667274,76,393
7f80af40,0.8188567336867837,0.08590000122785568,0.8006112246387389,0.08748357903955628,0.8023390745876513,0.08739417603269596,0.8076923076923077,0.08506239964968618,0.022343453510436435,0.0,0.3597682950065712,332.4972586631775,True,,,1,85850f99abe6406291f2dac34480fa2e,2020-11-05_10-23-57,1604593437,332.4972586631775,6986,iotagpu01,140.221.68.4,332.4972586631775,0,1,"2_batch_size=620,dropout=0.51598,epochs=65,learning_rate=0.092002",0.09200189207415431,0.5159845536318607,65,620
7f80e366,0.9182518150495447,0.07720000296831131,0.9067302715400541,0.07689819238732282,0.908156155438764,0.07704335217922174,0.9034239462228593,0.07239160296225515,0.0,0.0,0.39400953387483334,435.0750002861023,True,,,1,0450c6ce78ea4facab694dcf5b49a6cb,2020-11-05_10-31-17,1604593877,435.0750002861023,7046,iotagpu01,140.221.68.4,435.0750002861023,0,1,"3_batch_size=448,dropout=0.27902,epochs=79,learning_rate=0.06595",0.06595017286136504,0.27902392616429106,79,448
7f811228,0.5405420388864435,0.11729999631643295,0.5335040992533348,0.11746918694133159,0.5340743922714405,0.11732344118330022,0.5342584921763222,0.113218979260729,0.0011966493817311455,0.0,0.26088872756710657,890.1244075298309,True,,,1,4546acc5eb554363a13ee6b10827d6b8,2020-11-05_10-46-11,1604594771,890.1244075298309,6934,iotagpu01,140.221.68.4,890.1244075298309,0,1,"4_batch_size=109,dropout=0.33021,epochs=80,learning_rate=0.087196",0.08719617361161204,0.33020577032413023,80,109
7f814662,0.6186647206022028,0.09560000151395798,0.6097973663763138,0.09546033888139151,0.6103741531373111,0.09553531264057578,0.6130919519077412,0.09011845853951116,0.042010012404749233,0.0,0.28706523160037545,544.1979954242706,True,,,1,f46ed6a61d744f6e882555350f3a1d0c,2020-11-05_10-55-20,1604595320,544.1979954242706,7086,iotagpu01,140.221.68.4,544.1979954242706,0,1,"5_batch_size=176,dropout=0.40805,epochs=59,learning_rate=0.09486",0.09486009785721494,0.40805128863205997,59,176
7f8174de,0.9396700999316048,0.07339999824762344,0.933145619114756,0.07262063596928293,0.9341495091887929,0.07249657219519756,0.9309231590427614,0.06775842787861788,0.0,0.0,0.4024164021568637,281.90858244895935,True,,,1,165b4b0065924942ac3c93c6915749e3,2020-11-05_11-00-07,1604595607,281.90858244895935,6832,iotagpu01,140.221.68.4,281.90858244895935,0,1,"6_batch_size=613,dropout=0.41015,epochs=53,learning_rate=0.062294",0.06229385893489677,0.41014855113636467,53,613
7f81a1fc,0.5600851968075465,0.09809999912977219,0.5546440383472283,0.09914877078538659,0.5550784167289021,0.09882870250415328,0.5559319321455244,0.09418390208958863,0.012185456706954636,0.0,0.2628186415245057,777.8710236549377,True,,,1,d54f00af17d14381b7d3189847f96ba6,2020-11-05_11-13-09,1604596389,777.8710236549377,6998,iotagpu01,140.221.68.4,777.8710236549377,0,1,"7_batch_size=98,dropout=0.5763,epochs=53,learning_rate=0.076561",0.07656085616591099,0.5762950813271667,53,98
7f81d1f4,0.8750992137938738,0.17919999361038208,0.8679929792429792,0.17893162393162396,0.8687347374847376,0.1788934676434676,0.8676190476190477,0.17141178266178267,0.0027777777777777727,0.0,0.41906606237656724,958.4771401882172,True,,,1,41bfeb4dfb9248b6849760bc2a9c3de4,2020-11-05_11-29-13,1604597353,958.4771401882172,7052,iotagpu01,140.221.68.4,958.4771401882172,0,1,"8_batch_size=105,dropout=0.51107,epochs=91,learning_rate=0.042863",0.04286288339837434,0.5110678360993952,91,105
7f82021e,0.21458458443752892,0.05849999934434891,0.21240823332873543,0.05812527779054977,0.2126611185188591,0.05819424647876532,0.21195610526154457,0.05504467638358851,0.03606296074915323,0.0,0.11175372022930738,1973.223421573639,True,,,1,7d4d3f1de12541489fd201c3ce37e548,2020-11-05_12-02-11,1604599331,1973.223421573639,6831,iotagpu01,140.221.68.4,1973.223421573639,0,1,"9_batch_size=42,dropout=0.56309,epochs=86,learning_rate=0.099671",0.09967111863123164,0.5630919155264527,86,42
7f82313a,0.9361952087458443,0.05559999868273735,0.9304534347767263,0.056112347326735014,0.9315624340270448,0.05588959158369733,0.9259197651215731,0.05136482725625055,0.0,0.0,0.39430976075206087,266.03866815567017,True,,,1,02f7dd4d4b2645458f5738d1cd7dfb3a,2020-11-05_12-06-42,1604599602,266.03866815567017,6873,iotagpu01,140.221.68.4,266.03866815567017,0,1,"10_batch_size=602,dropout=0.3513,epochs=50,learning_rate=0.064134",0.06413402627829137,0.3512997056563619,50,602
a8fd1074,0.9579486846923828,0.06199999898672104,0.9554516501171378,0.0619627395342102,0.9557139708922792,0.06186667356723356,0.9522673514715955,0.058635162525525024,0.0,0.0,0.4065846231787085,463.44094467163086,True,,,1,2573681f9b474e429c8292be3113d679,2020-11-05_12-14-30,1604600070,463.44094467163086,7115,iotagpu01,140.221.68.4,463.44094467163086,0,1,"1_batch_size=377,dropout=0.33658,epochs=86,learning_rate=0.037308",0.03730786841346174,0.3365802969635304,86,377
a8fd4620,0.4477835463258786,0.10949999839067459,0.44382065618087985,0.10944028016711724,0.4439819365937577,0.10961692061931676,0.4425150528385353,0.1027970631604817,0.023063099041533548,0.0,0.22325185533181752,2409.93923330307,True,,,1,ebdc989dbafa4ee3856e8de5283c0574,2020-11-05_12-54-45,1604602485,2409.93923330307,6894,iotagpu01,140.221.68.4,2409.93923330307,0,1,"2_batch_size=32,dropout=0.59892,epochs=77,learning_rate=0.056587",0.056587075935759006,0.5989197850059338,77,32
a8fd6e70,0.9578074554602305,0.07339999824762344,0.9550835565760938,0.07365104303046172,0.9555841574851786,0.07380318381103927,0.9530716189632137,0.06966651224310298,0.0,0.0,0.41120675258169437,352.29548740386963,True,,,1,2096ff93779040388a6fe953925ff5a7,2020-11-05_13-00-42,1604602842,352.29548740386963,6830,iotagpu01,140.221.68.4,352.29548740386963,0,1,"3_batch_size=335,dropout=0.37691,epochs=53,learning_rate=0.034766",0.03476619270009,0.3769141306293049,53,335
a8fd9594,0.9299591896580715,0.0820000022649765,0.9216907202813442,0.0817051141685361,0.9224281262680787,0.08170991213093334,0.9209710259217576,0.07782713553988561,0.0,0.0,0.40182912262335835,471.01017904281616,True,,,1,640ee2dcb95d4de8b8878e9247a7e5ba,2020-11-05_13-08-38,1604603318,471.01017904281616,6913,iotagpu01,140.221.68.4,471.01017904281616,0,1,"4_batch_size=197,dropout=0.23802,epochs=55,learning_rate=0.044389",0.044388532510275115,0.23801762586018896,55,197
a8fdbc72,0.9334942007886953,0.09759999811649323,0.9282949871218236,0.09775268615692154,0.9288266924230192,0.09766102525660246,0.9279117652712107,0.0930307682697113,9.995002498750592e-05,0.0,0.41046720734294645,1047.3382422924042,True,,,1,d4b163879bfc43cf9666e510393be17d,2020-11-05_13-26-10,1604604370,1047.3382422924042,7024,iotagpu01,140.221.68.4,1047.3382422924042,0,1,"5_batch_size=69,dropout=0.37632,epochs=51,learning_rate=0.026958",0.02695811174098374,0.3763167045057268,51,69
a8fde33c,0.9393849230947948,0.15070000290870667,0.9335393772893773,0.15152625152625152,0.934271978021978,0.15130494505494504,0.9336920024420025,0.14337606837606837,0.0001984126984126977,0.0,0.4337993961412537,521.0466282367706,True,,,1,912c8b2dc44b4a988477bb3f14b3c2c3,2020-11-05_13-34-56,1604604896,521.0466282367706,7025,iotagpu01,140.221.68.4,521.0466282367706,0,1,"6_batch_size=160,dropout=0.42961,epochs=50,learning_rate=0.035081",0.03508079583465141,0.42960729090347827,50,160
a8fe0e16,0.9258065469124738,0.08209999650716782,0.9184754995413751,0.08326870972485684,0.9196260951188986,0.08324649260434376,0.9157010043725409,0.07847043985666784,9.627418888995673e-05,0.0,0.40067910588272143,395.76369428634644,True,,,1,d0a7cb36e1ed44cfb92a3b233bb2c773,2020-11-05_13-41-36,1604605296,395.76369428634644,6885,iotagpu01,140.221.68.4,395.76369428634644,0,1,"7_batch_size=611,dropout=0.50696,epochs=85,learning_rate=0.058896",0.05889643116651471,0.5069561897892716,85,611
a8fe3486,0.9475409454769559,0.08990000188350677,0.9439254884670925,0.08984127661542608,0.9443121310179651,0.08967665450791559,0.9418176743631042,0.08464269305914336,0.0,0.0,0.41316568653911095,368.6208267211914,True,,,1,862dcf3ea9bb49928fb8ae1434fc5793,2020-11-05_13-47-49,1604605669,368.6208267211914,6846,iotagpu01,140.221.68.4,368.6208267211914,0,1,"8_batch_size=563,dropout=0.54283,epochs=73,learning_rate=0.039512",0.03951173211509341,0.542828275054584,73,563
a8fe5fd8,0.9499039905411857,0.09969999641180038,0.9469647288195676,0.09740192603095829,0.947276379534444,0.0975643979676238,0.9426163889873568,0.09107290558903462,0.0,0.0,0.41725007138819714,295.5718173980713,True,,,1,f0bc2c3008b64d299e1d557c1d0fef03,2020-11-05_13-52-50,1604605970,295.5718173980713,7028,iotagpu01,140.221.68.4,295.5718173980713,0,1,"9_batch_size=496,dropout=0.23025,epochs=45,learning_rate=0.047376",0.04737630695526151,0.23024599450524236,45,496
a8fe85bc,0.9256584973170839,0.11819999665021896,0.914330831686701,0.11790492379052059,0.9157840544978338,0.11778347871034367,0.9153466960962837,0.11225083706129174,0.0,0.0,0.4137259315810278,322.83003878593445,True,,,1,e86f5d9b1e4f450b82359011e8e94c21,2020-11-05_13-58-17,1604606297,322.83003878593445,7016,iotagpu01,140.221.68.4,322.83003878593445,0,1,"10_batch_size=347,dropout=0.373,epochs=44,learning_rate=0.057083",0.05708310923840927,0.3729971115375413,44,347
3f99329c,0.363786218225301,0.06560000032186508,0.36115807269653427,0.06517328825021132,0.3614808268654423,0.06511949588872665,0.36029739491277957,0.061523092292323056,0.06779886779886778,0.0,0.17719372572520511,2926.924040555954,True,,,1,1a01d901a82142d78e2b8cd470b23cc9,2020-11-05_14-47-09,1604609229,2926.924040555954,6867,iotagpu01,140.221.68.4,2926.924040555954,0,1,"1_batch_size=22,dropout=0.64687,epochs=53,learning_rate=0.047383",0.04738328942432965,0.6468695960154577,53,22
3f996ab4,0.9276100951571797,0.0738999992609024,0.9229097435507058,0.0739703527165941,0.9233755625107964,0.0737539855189153,0.9221982790170664,0.06885893385722107,0.0,0.0,0.3986576951589381,349.7041573524475,True,,,1,d021fa34f0694c518e735cbf23804666,2020-11-05_14-53-04,1604609584,349.7041573524475,7063,iotagpu01,140.221.68.4,349.7041573524475,0,1,"2_batch_size=235,dropout=0.51253,epochs=34,learning_rate=0.038021",0.03802119644957938,0.5125340693839513,34,235
3f9992a0,0.32590561960974046,0.08990000188350677,0.320604000496837,0.08919023946827252,0.32094335937734014,0.08912617784130689,0.32336316352608935,0.08491640237251676,0.06280483689246792,0.0,0.17067538014680778,378.21632194519043,True,,,1,c5c50911f01f4322817589a2be7f7fcc,2020-11-05_14-59-27,1604609967,378.21632194519043,6888,iotagpu01,140.221.68.4,378.21632194519043,0,1,"3_batch_size=327,dropout=0.75354,epochs=51,learning_rate=0.0913",0.09129968769763815,0.7535432341485574,51,327
3f99bdd4,0.11348921056542037,0.1136000007390976,0.11348920863309354,0.11330166635922033,0.11348920863309354,0.11344001721699565,0.11348920863309354,0.11018877205927567,0.05305755395683454,0.0,0.09575448467961248,2923.4595971107483,True,,,1,62f5d9de17e7432f855b204d0734e595,2020-11-05_15-48-15,1604612895,2923.4595971107483,7018,iotagpu01,140.221.68.4,2923.4595971107483,0,1,"4_batch_size=18,dropout=0.75279,epochs=28,learning_rate=0.095172",0.09517214710472778,0.7527912904241927,28,18
3f99e5c0,0.8394158202059129,0.07419999688863754,0.8269600462880959,0.07516321259778704,0.8282193740061164,0.07528894928897902,0.8280498459786808,0.06934701235242482,0.00455695422759599,0.0,0.36212012118342307,233.63015031814575,True,,,1,4d7bae55936242af9131a765ba0302ee,2020-11-05_15-52-13,1604613133,233.63015031814575,7108,iotagpu01,140.221.68.4,233.63015031814575,0,1,"5_batch_size=602,dropout=0.6247,epochs=38,learning_rate=0.07847",0.07847014573121873,0.6247021203222376,38,602
3f9a0c12,0.10267145107344292,0.11469999700784683,0.1026714513556619,0.11412710096920622,0.1026714513556619,0.11418077536498589,0.1026714513556619,0.1097258005152742,0.08931419457735246,0.0,0.09527336735750942,1170.8954799175262,True,,,1,dec63a5ae56046f684bc7dd3c1ba216f,2020-11-05_16-11-49,1604614309,1170.8954799175262,6836,iotagpu01,140.221.68.4,1170.8954799175262,0,1,"6_batch_size=48,dropout=0.76114,epochs=29,learning_rate=0.077135",0.07713526478714045,0.7611358278781754,29,48
3f9a32d2,0.6416453603775271,0.11129999905824661,0.6352675059008656,0.1113349573322036,0.6359268141378683,0.1115407311021001,0.6383068298735096,0.10720132542516495,0.030984461054287985,0.0,0.3023507984261774,271.79397773742676,True,,,1,9f6c18738dde42408eba19371c65bede,2020-11-05_16-16-26,1604614586,271.79397773742676,6844,iotagpu01,140.221.68.4,271.79397773742676,0,1,"7_batch_size=328,dropout=0.83224,epochs=29,learning_rate=0.044278",0.04427797580885459,0.8322376981110082,29,328
3f9a592e,0.8930555568801032,0.05990000069141388,0.8851648351648352,0.05960775335775335,0.8859317765567767,0.05942460317460317,0.8856570512820514,0.05520451770451771,0.0021825396825396787,0.0,0.37861286344945944,761.5691571235657,True,,,1,1a411a2c193f4546a49ffd90ca830d14,2020-11-05_16-29-12,1604615352,761.5691571235657,7078,iotagpu01,140.221.68.4,761.5691571235657,0,1,"8_batch_size=112,dropout=0.46385,epochs=61,learning_rate=0.040208",0.04020777429916152,0.4638535751937646,61,112
3f9a7fa8,0.8820767528132388,0.09600000083446503,0.8753363536115042,0.09637194471049793,0.8762432205331907,0.09646204379990954,0.8769945685918493,0.0912619552677608,0.0009930486593843096,0.0,0.3891739888821801,232.05834674835205,True,,,1,f47cc95ffcff43cfb6077ef6c6462d1d,2020-11-05_16-33-09,1604615589,232.05834674835205,6897,iotagpu01,140.221.68.4,232.05834674835205,0,1,"9_batch_size=265,dropout=0.53774,epochs=11,learning_rate=0.05928",0.059280037852792275,0.5377420138237625,11,265
3f9aa974,0.19048443287611008,0.053599998354911804,0.1895718468382828,0.0561979542948401,0.18965550020913338,0.05593178447849726,0.1899292748773717,0.05216167915129852,0.07728620860108748,0.0,0.10548186796815331,623.0358033180237,True,,,1,64d8f4bdc0784474ae9edb995c842e08,2020-11-05_16-43-36,1604616216,623.0358033180237,6857,iotagpu01,140.221.68.4,623.0358033180237,0,1,"10_batch_size=119,dropout=0.75338,epochs=43,learning_rate=0.081595",0.08159546644728935,0.7533840086868483,43,119
57dd4bf6,0.9574959492538033,0.06750000268220901,0.9569346350528615,0.06752589112802923,0.9568346750368679,0.06727160687681742,0.9545455771807334,0.06476383805452178,0.0,0.0,0.40928721752658437,915.1085450649261,True,,,1,898d04d4e7564accbb9e76ccc9c359ea,2020-11-05_16-58-56,1604617136,915.1085450649261,6847,iotagpu01,140.221.68.4,915.1085450649261,0,1,"1_batch_size=61,dropout=0.59037,epochs=27,learning_rate=0.010257",0.010256812606330724,0.5903718513347219,27,61
57dd813e,0.9069510698318481,0.12470000237226486,0.8994239881313123,0.12440490251153473,0.9004241412845357,0.12448074109669009,0.8989613727618646,0.1195536761837983,0.00019718032140392732,0.0,0.40990970744952526,316.38548016548157,True,,,1,9361cf3139f247c0a5075bf1b66ed980,2020-11-05_17-04-18,1604617458,316.38548016548157,6874,iotagpu01,140.221.68.4,316.38548016548157,0,1,"2_batch_size=441,dropout=0.48526,epochs=50,learning_rate=0.05955",0.05954977269459047,0.48525653251732215,50,441
57dda88a,0.923355153628758,0.07000000029802322,0.9187898072640631,0.0692969524570847,0.9192146776228022,0.06911631118055303,0.9179156695925708,0.06630105841253693,0.0,0.0,0.3953989630456392,377.0230073928833,True,,,1,fb97715597944ba8b5c68b3944f9018f,2020-11-05_17-10-39,1604617839,377.0230073928833,6966,iotagpu01,140.221.68.4,377.0230073928833,0,1,"3_batch_size=365,dropout=0.83996,epochs=64,learning_rate=0.019233",0.01923329124021324,0.8399611138019344,64,365
57ddcf22,0.9403258814956202,0.08240000158548355,0.9357303050484869,0.08185270117088299,0.9363887375251012,0.08186132049768413,0.9347714574987303,0.07767295835477654,0.0,0.0,0.40710033631767656,367.91823720932007,True,,,1,1320ae313a5d4b899818e16058b03aca,2020-11-05_17-16-52,1604618212,367.91823720932007,6930,iotagpu01,140.221.68.4,367.91823720932007,0,1,"4_batch_size=308,dropout=0.55299,epochs=56,learning_rate=0.035081",0.035080535050074774,0.5529853771463187,56,308
57ddf592,0.8755356327300649,0.09880000352859497,0.8708826798512899,0.09992717795408376,0.8713962669119619,0.09990418151853127,0.8712544555593884,0.09433904411482885,0.004384653712007974,0.0,0.38864240958807517,1161.9840195178986,True,,,1,fcda51afec06471da115cba5c30fdd0e,2020-11-05_17-36-18,1604619378,1161.9840195178986,6835,iotagpu01,140.221.68.4,1161.9840195178986,0,1,"5_batch_size=45,dropout=0.73282,epochs=19,learning_rate=0.017731",0.017731276211421284,0.732818609922391,19,45
57de1d92,0.9354915596404165,0.11420000344514847,0.9308868688411887,0.11521961653044076,0.931184783439004,0.11524864410663814,0.9306011763807196,0.11085173019631808,0.0,0.0,0.4183684382579874,712.7010877132416,True,,,1,0b790e7dfbc4471ea69458e9a1e0a1cf,2020-11-05_17-48-16,1604620096,712.7010877132416,7087,iotagpu01,140.221.68.4,712.7010877132416,0,1,"6_batch_size=95,dropout=0.49587,epochs=42,learning_rate=0.025222",0.025222066936513993,0.4958656199955642,42,95
57de43da,0.9351761495625531,0.10920000076293945,0.9279858846309852,0.10893180465233814,0.928853241084419,0.10911525419784358,0.9288442822797829,0.10318900493115261,9.772305286817297e-05,0.0,0.41513933451548823,360.10894870758057,True,,,1,31e2e3bd81c94e0dbbf5d3775aea5a51,2020-11-05_17-54-21,1604620461,360.10894870758057,6838,iotagpu01,140.221.68.4,360.10894870758057,0,1,"7_batch_size=379,dropout=0.5093,epochs=59,learning_rate=0.041997",0.04199651967424193,0.509301618547032,59,379
57de69a0,0.9472222231683277,0.11389999836683273,0.9449328449328449,0.11350732600732602,0.9453144078144079,0.11328601953601954,0.9419490231990233,0.10797466422466422,0.0,0.0,0.4228086507249446,871.6413848400116,True,,,1,5b21fbb7cdb44f6dadc6f1e8e09fe4e5,2020-11-05_18-08-57,1604621337,871.6413848400116,6960,iotagpu01,140.221.68.4,871.6413848400116,0,1,"8_batch_size=96,dropout=0.61128,epochs=65,learning_rate=0.016463",0.016462694574386982,0.6112827906096091,65,96
57de8f20,0.9564482288228141,0.08190000057220459,0.9551893436473624,0.0811880752512187,0.9554664875529666,0.0812885822837779,0.9535221783563124,0.07709599855561877,0.0,0.0,0.41420988950422755,286.8506269454956,True,,,1,bfdf3c76193e4b7d8e785307618d3b48,2020-11-05_18-13-49,1604621629,286.8506269454956,6961,iotagpu01,140.221.68.4,286.8506269454956,0,1,"9_batch_size=279,dropout=0.72606,epochs=28,learning_rate=0.012826",0.012825503478008747,0.7260586639372473,28,279
57debea0,0.9072945866473886,0.06629999727010727,0.9018454869845484,0.0666658133988643,0.902405197844908,0.06655144269535485,0.9020968728063222,0.0622188113388789,0.0011775095672652248,0.0,0.38765557185536376,262.3891725540161,True,,,1,ea1480b7c9cd41ee9c8be2da7e7c4e22,2020-11-05_18-18-16,1604621896,262.3891725540161,6843,iotagpu01,140.221.68.4,262.3891725540161,0,1,"10_batch_size=237,dropout=0.48245,epochs=12,learning_rate=0.051557",0.051556539163280964,0.48244706782125385,12,237
90e4f7b6,0.46075118815197663,0.08699999749660492,0.4516587210552729,0.08688715826139759,0.4524459902248949,0.08696991772549582,0.4565238705705237,0.08114881733035892,0.015565895510114584,0.0,0.21789515563266398,339.7801101207733,True,,,1,2da488b360794d2aa32e629a8a688d14,2020-11-05_18-24-00,1604622240,339.7801101207733,7084,iotagpu01,140.221.68.4,339.7801101207733,0,1,"1_batch_size=296,dropout=0.60306,epochs=44,learning_rate=0.09846",0.09845995910401445,0.6030579667417635,44,296
90e52f38,0.7403285032824466,0.12229999899864197,0.7259803470136932,0.12229614419382644,0.7277034126853547,0.12236222699422669,0.7339929347275328,0.11686579488746468,0.00821131776810449,0.0,0.3420040680551292,268.5889151096344,True,,,1,2b1c5844247d437dbcbd82958f01ad84,2020-11-05_18-28-33,1604622513,268.5889151096344,6947,iotagpu01,140.221.68.4,268.5889151096344,0,1,"2_batch_size=266,dropout=0.50209,epochs=17,learning_rate=0.081376",0.08137588795827658,0.5020898500391467,17,266
90e5567a,0.9211588899294535,0.131400004029274,0.9173260677256112,0.13125658587987354,0.9178480596859592,0.13141188255343506,0.9141128088045897,0.12421294670153119,0.0,0.0,0.41887272453097274,150.78373503684998,True,,,1,2d50c0dad4e04c1182d2bd2051aa7fb4,2020-11-05_18-31-08,1604622668,150.78373503684998,7002,iotagpu01,140.221.68.4,150.78373503684998,0,1,"3_batch_size=584,dropout=0.44028,epochs=10,learning_rate=0.066053",0.06605349248241822,0.4402800652834844,10,584
90e57d08,0.9067760635824764,0.12839999794960022,0.8985713627523727,0.1292081326718172,0.8994734302328401,0.12928785167294718,0.8969503086913717,0.12472719733453609,0.0,0.0,0.4113394344887962,160.0091290473938,True,,,1,84c8497f3c894ca98c3a4f2811e4d422,2020-11-05_18-33-53,1604622833,160.0091290473938,6919,iotagpu01,140.221.68.4,160.0091290473938,0,1,"4_batch_size=622,dropout=0.36152,epochs=14,learning_rate=0.097735",0.09773500315690235,0.36151995939087506,14,622
90e5a5c6,0.6468718985341629,0.1185000017285347,0.6383423726224123,0.11917042242762203,0.6390986173707127,0.11865098159040562,0.6417783209838821,0.11287907722863036,0.02184707050645482,0.0,0.30571387629928176,588.6579229831696,True,,,1,3026608a492343b79ee774ad3a0d7ad2,2020-11-05_18-43-46,1604623426,588.6579229831696,6872,iotagpu01,140.221.68.4,588.6579229831696,0,1,"5_batch_size=95,dropout=0.54817,epochs=21,learning_rate=0.067028",0.06702783414374158,0.5481718232312048,21,95
90e5cc68,0.9030679302700495,0.11630000174045563,0.8959489301921307,0.11500055587560515,0.8967145225028551,0.11494623166873857,0.8962887723234589,0.11198240401038984,0.003941663381947187,9.854158454867971e-05,0.40542895535501794,573.6277437210083,True,,,1,c4ba627eb516498981ee34335257c8ba,2020-11-05_18-53-24,1604624004,573.6277437210083,6870,iotagpu01,140.221.68.4,573.6277437210083,0,1,"6_batch_size=172,dropout=0.4442,epochs=52,learning_rate=0.044548",0.044548332110122386,0.44419641405383326,52,172
90e5f2ba,0.8185410147363489,0.15639999508857727,0.8036959448597382,0.15668203922514265,0.8052457599871395,0.15652128044369423,0.8086568603809986,0.15022154569568363,0.02067006269592478,0.0,0.38766345031132476,478.4747943878174,True,,,1,7a459cb49a5d48b48b3cb12b0c57d1da,2020-11-05_19-01-27,1604624487,478.4747943878174,6915,iotagpu01,140.221.68.4,478.4747943878174,0,1,"7_batch_size=232,dropout=0.37,epochs=61,learning_rate=0.08997",0.089970180277646,0.36999785219333936,61,232
90e6183a,0.9381136973698934,0.1589999943971634,0.9340265354800239,0.16047753925660901,0.9349035976942954,0.16031355595309088,0.9313257801629894,0.15425859670045713,0.0,0.0,0.43724192970145226,264.5743136405945,True,,,1,c88e8b4c98f9401ababf28a36dfac5a5,2020-11-05_19-05-56,1604624756,264.5743136405945,6974,iotagpu01,140.221.68.4,264.5743136405945,0,1,"8_batch_size=344,dropout=0.28473,epochs=27,learning_rate=0.055633",0.05563284521787927,0.2847284116164484,27,344
90e63df6,0.8924769236616892,0.08500000089406967,0.8811611383454743,0.08513204211908798,0.8823764240772133,0.08509505619950825,0.8816374215421268,0.08197368320581543,0.004268413738336315,0.0,0.3879121103783321,552.1540310382843,True,,,1,3a7768f2495843c19e7868931dd13c8d,2020-11-05_19-15-13,1604625313,552.1540310382843,7042,iotagpu01,140.221.68.4,552.1540310382843,0,1,"9_batch_size=138,dropout=0.28295,epochs=43,learning_rate=0.053009",0.053009432533013,0.2829536408656613,43,138
90e6634e,0.7494968306727525,0.08640000224113464,0.7382663898168063,0.08695821702588509,0.7392056201284339,0.08703858356594822,0.7430904795680227,0.08112148980307815,0.010807059290105099,0.0,0.33223846721121664,480.0293822288513,True,,,1,c69a985709a04cc7a5e7f94d245383f8,2020-11-05_19-23-18,1604625798,480.0293822288513,6849,iotagpu01,140.221.68.4,480.0293822288513,0,1,"10_batch_size=246,dropout=0.54221,epochs=66,learning_rate=0.072394",0.07239373512041578,0.5422144354122953,66,246
a726299c,0.8884145346554843,0.16339999437332153,0.8758535812480802,0.16321082607463183,0.8773009781320443,0.16296045343348664,0.8785331760536955,0.1570105858384054,0.0038705835649067055,0.0,0.41705547133740567,339.423211812973,True,,,1,5e0c112d0d0f452eac13c372447b7e85,2020-11-05_19-29-03,1604626143,339.423211812973,6855,iotagpu01,140.221.68.4,339.423211812973,0,1,"1_batch_size=458,dropout=0.57549,epochs=58,learning_rate=0.060279",0.06027934757483819,0.5754901843421347,58,458
a7299064,0.9569335915148258,0.14669999480247498,0.9545673076923078,0.14500450721153846,0.95478515625,0.14519981971153845,0.9533804086538462,0.1388897235576923,0.0,0.0,0.4395460509394224,255.36581563949585,True,,,1,3a66b2822b394c14989ca6e2e0578587,2020-11-05_19-33-23,1604626403,255.36581563949585,6865,iotagpu01,140.221.68.4,255.36581563949585,0,1,"2_batch_size=320,dropout=0.37242,epochs=22,learning_rate=0.028629",0.02862850600875291,0.37241992356473574,22,320
a729b724,0.975296543992084,0.0957999974489212,0.9749773904719613,0.09601287748765641,0.9749163040499461,0.09608004737889743,0.9728204859693382,0.09120156656464899,0.0,0.0,0.42771052133634535,267.3907871246338,True,,,1,f78b53813a9745a59fac391c00ce6bf8,2020-11-05_19-37-55,1604626675,267.3907871246338,6904,iotagpu01,140.221.68.4,267.3907871246338,0,1,"3_batch_size=438,dropout=0.25521,epochs=35,learning_rate=0.01365",0.013649900459737963,0.255209262116968,35,438
a729ddda,0.9681193370085496,0.10610000044107437,0.9671893866102699,0.10817877972016607,0.9673768758296398,0.10761756199018557,0.9653744909667694,0.09994300327731155,0.0,0.0,0.4289899435843966,337.7920060157776,True,,,1,df78ef087c7347c0bc4a523350709189,2020-11-05_19-43-37,1604627017,337.7920060157776,7057,iotagpu01,140.221.68.4,337.7920060157776,0,1,"4_batch_size=263,dropout=0.24609,epochs=35,learning_rate=0.020649",0.0206486453338986,0.24609343906487796,35,263
a72a03dc,0.9611339289695024,0.14880000054836273,0.9587057312868157,0.14811962153669328,0.9589674018154155,0.1480403030174653,0.9561656967320309,0.14142814317764033,0.0,0.0,0.4421360827083926,395.3569643497467,True,,,1,b31ded8993394a5d99a2caa32341a84a,2020-11-05_19-50-17,1604627417,395.3569643497467,6848,iotagpu01,140.221.68.4,395.3569643497467,0,1,"5_batch_size=314,dropout=0.26298,epochs=63,learning_rate=0.031066",0.031065542216755653,0.2629816623667072,63,314
a72a29c0,0.9756543512145678,0.07970000058412552,0.9752990466038964,0.0777205224974616,0.9753582637531828,0.07768026205755041,0.9734369561229811,0.07369375634598413,0.0,0.0,0.42085431591797495,264.9281086921692,True,,,1,f7abf32ff121447fa92ea317b2e5791e,2020-11-05_19-54-46,1604627686,264.9281086921692,7032,iotagpu01,140.221.68.4,264.9281086921692,0,1,"6_batch_size=433,dropout=0.22769,epochs=37,learning_rate=0.012426",0.012426245104320515,0.22769074709275738,37,433
a72a4f72,0.9639145483573278,0.07450000196695328,0.9634260081719667,0.07594725774047577,0.9634778231775923,0.07597361659351183,0.9611197890714028,0.0704696714314807,0.0,0.0,0.41488287165107113,237.01936888694763,True,,,1,6fee82fec8aa4471b4163a2864768476,2020-11-05_19-58-48,1604627928,237.01936888694763,6837,iotagpu01,140.221.68.4,237.01936888694763,0,1,"7_batch_size=433,dropout=0.44152,epochs=26,learning_rate=0.025553",0.025553125999951114,0.4415151982983901,26,433
a72a76aa,0.9082432777048594,0.0835999995470047,0.9019578730590612,0.08351651998968537,0.9024863697540418,0.08367736680989693,0.9029815776382463,0.08092686654486302,0.0022901523449168526,0.0,0.39496800033925755,553.8439660072327,True,,,1,6751708b1fb1406bbadce7a51440dd5b,2020-11-05_20-08-07,1604628487,553.8439660072327,6892,iotagpu01,140.221.68.4,553.8439660072327,0,1,"8_batch_size=121,dropout=0.38586,epochs=31,learning_rate=0.041446",0.041446480071132934,0.3858621991179034,31,121
a72a9c7a,0.9435819177066579,0.06159999966621399,0.9390252761350595,0.06358073706679142,0.939428087315453,0.06355225854477493,0.9355422158300377,0.05984837547545425,0.0,0.0,0.40061588677404425,258.76814889907837,True,,,1,0382cdf32ee14684833d2d541c8f0499,2020-11-05_20-12-30,1604628750,258.76814889907837,7090,iotagpu01,140.221.68.4,258.76814889907837,0,1,"9_batch_size=619,dropout=0.4812,epochs=44,learning_rate=0.050505",0.05050493438104712,0.48120239429622624,44,619
a72ac268,0.964843989610672,0.12389999628067017,0.9638923568606281,0.12341547484178697,0.9641193928472765,0.12383391245504517,0.9617875979247927,0.11681531213012879,0.0,0.0,0.43426080329510003,375.12222027778625,True,,,1,ea47b3f61c7742d2a46ccb47301b10c1,2020-11-05_20-18-50,1604629130,375.12222027778625,6918,iotagpu01,140.221.68.4,375.12222027778625,0,1,"10_batch_size=201,dropout=0.5153,epochs=31,learning_rate=0.016857",0.016857257711973116,0.5152958716818317,31,201
