trial_id,pt_test_acc,tf_test_acc,average_res,time_this_iter_s,done,timesteps_total,episodes_total,training_iteration,experiment_id,date,timestamp,time_total_s,pid,hostname,node_ip,time_since_restore,timesteps_since_restore,iterations_since_restore,experiment_tag,config.learning_rate,config.dropout,config.epochs,config.batch_size
38cffd02,0.6892161562162287,0.04670000076293945,0.36795807848958406,0.01068735122680664,True,,,2,850a8db920814051a5c7f160ff2347c4,2020-11-13_19-22-46,1605295366,164.2569341659546,148879,thetagpu10,140.221.68.20,164.2569341659546,0,2,"1_batch_size=299,dropout=0.73839,epochs=91,learning_rate=0.052663",0.052662876644580484,0.7383874936067822,91,299
38d72032,0.5218701987039476,0.04670000076293945,0.2842850997334435,0.00971841812133789,True,,,2,2ff2463a966349f981109915726a264c,2020-11-13_19-21-47,1605295307,104.50150966644287,148765,thetagpu10,140.221.68.20,104.50150966644287,0,2,"2_batch_size=496,dropout=0.85737,epochs=60,learning_rate=0.060366",0.060365604565322015,0.8573721011600154,60,496
38da351a,0.9444039810535519,0.04670000076293945,0.4955519909082457,0.008083820343017578,True,,,2,1801cab13db840b2bc8b5818e8b5284e,2020-11-13_19-22-52,1605295372,169.92364740371704,148966,thetagpu10,140.221.68.20,169.92364740371704,0,2,"3_batch_size=234,dropout=0.46605,epochs=91,learning_rate=0.035287",0.035287041122031994,0.4660516541537418,91,234
38dcdd24,0.9522892753283183,0.04670000076293945,0.4994946380456289,0.01294255256652832,True,,,2,f980fa60716d4aea8384259c7d473a66,2020-11-13_19-21-34,1605295294,91.92179465293884,148892,thetagpu10,140.221.68.20,91.92179465293884,0,2,"4_batch_size=343,dropout=0.56045,epochs=50,learning_rate=0.030357",0.03035671952125795,0.5604474545656437,50,343
38df6b48,0.941042830546697,0.04670000076293945,0.49387141565481824,0.01316976547241211,True,,,2,87465084285f4934ae28a62fcf1dbdfd,2020-11-13_19-21-26,1605295286,83.2020971775055,148927,thetagpu10,140.221.68.20,83.2020971775055,0,2,"5_batch_size=433,dropout=0.88567,epochs=48,learning_rate=0.007397",0.00739700393872486,0.8856744574794779,48,433
38e1cfc8,0.936258369258472,0.04670000076293945,0.4914791850107057,0.009260892868041992,True,,,2,8165a37b7a8542749a919050bf23a1c1,2020-11-13_19-22-30,1605295350,147.76006078720093,148942,thetagpu10,140.221.68.20,147.76006078720093,0,2,"6_batch_size=358,dropout=0.53615,epochs=83,learning_rate=0.040742",0.04074215795128115,0.5361497866237803,83,358
38e47228,0.9739422723650932,0.04670000076293945,0.5103211365640163,0.0072634220123291016,True,,,2,1e1ae1360c624d0785e2b0c9747963f9,2020-11-13_19-22-50,1605295370,167.7278709411621,148922,thetagpu10,140.221.68.20,167.7278709411621,0,2,"7_batch_size=317,dropout=0.56341,epochs=96,learning_rate=0.0063146",0.006314563257836089,0.5634102852749124,96,317
38e75efc,0.978920411556325,0.04670000076293945,0.5128102061596322,0.008087158203125,True,,,2,465487ca057a4da8b76706ba9921aef2,2020-11-13_19-23-08,1605295388,185.07056879997253,148930,thetagpu10,140.221.68.20,185.07056879997253,0,2,"8_batch_size=216,dropout=0.51242,epochs=93,learning_rate=0.0018192",0.001819195816696276,0.5124185805106476,93,216
38e9c58e,0.9548793782790502,0.04670000076293945,0.5007896895209949,0.009330511093139648,True,,,2,969b5e32801942bb8584945987cf4af5,2020-11-13_19-23-27,1605295407,118.32594037055969,148928,thetagpu10,140.221.68.20,118.32594037055969,0,2,"9_batch_size=417,dropout=0.7647,epochs=71,learning_rate=0.017567",0.017566820525741607,0.7646968387457875,71,417
6c6b3cf8,0.9197246840125636,0.04670000076293945,0.4832123423877515,0.007548332214355469,True,,,2,fca375d36a5548ceb0eb849146e4c4ea,2020-11-13_19-23-37,1605295417,119.39296412467957,148850,thetagpu10,140.221.68.20,119.39296412467957,0,2,"10_batch_size=268,dropout=0.85366,epochs=65,learning_rate=0.015941",0.015941311271177885,0.8536608759444686,65,268
5dd57590,0.9373926245249234,0.04670000076293945,0.49204631264393145,0.010807275772094727,True,,,2,0e0f93887c2b4f6c92f15b7024fe2e75,2020-11-13_19-30-50,1605295850,156.31514239311218,148878,thetagpu10,140.221.68.20,156.31514239311218,0,2,"1_batch_size=261,dropout=0.23544,epochs=82,learning_rate=0.048603",0.04860290186916997,0.23544017267101036,82,261
5ddc5f9a,0.9552575168402299,0.04670000076293945,0.5009787588015846,0.008493185043334961,True,,,2,23d7fd31ace2430e9cf8b5a1413f4920,2020-11-13_19-29-57,1605295797,103.19013619422913,148869,thetagpu10,140.221.68.20,103.19013619422913,0,2,"2_batch_size=452,dropout=0.58443,epochs=55,learning_rate=0.030501",0.030501272266846555,0.5844308724092067,55,452
5ddf999e,0.9712241029038149,0.04670000076293945,0.5089620518333772,0.0070438385009765625,True,,,2,3ba0f42d8cfb487e9e71ad1996ada4eb,2020-11-13_19-31-00,1605295860,166.3675889968872,148890,thetagpu10,140.221.68.20,166.3675889968872,0,2,"3_batch_size=301,dropout=0.58748,epochs=92,learning_rate=0.011305",0.011304813487836624,0.5874781661513393,92,301
5de1b454,0.9235728797705277,0.04670000076293945,0.4851364402667336,0.03308391571044922,True,,,2,aaadf8b4109b4edaa3d1a0fe82a2ba46,2020-11-13_19-31-08,1605295868,173.98068070411682,148905,thetagpu10,140.221.68.20,173.98068070411682,0,2,"4_batch_size=453,dropout=0.53797,epochs=99,learning_rate=0.050604",0.05060436585176336,0.5379689629237818,99,453
5de40948,0.9325764037313915,0.04670000076293945,0.4896382022471655,0.009211063385009766,True,,,2,e669f3a8ec6349b9a91227f65b38a35b,2020-11-13_19-30-15,1605295815,121.28251147270203,148983,thetagpu10,140.221.68.20,121.28251147270203,0,2,"5_batch_size=497,dropout=0.43058,epochs=74,learning_rate=0.055081",0.055081173598271055,0.43057661759397614,74,497
5de63ee8,0.9612956805662676,0.04670000076293945,0.5039978406646035,0.008535385131835938,True,,,2,24a9001bca8f4c9fb5bcf55e5af007a2,2020-11-13_19-30-07,1605295807,112.68202209472656,148773,thetagpu10,140.221.68.20,112.68202209472656,0,2,"6_batch_size=474,dropout=0.40551,epochs=62,learning_rate=0.031302",0.03130156081724088,0.405514919357153,62,474
5de88856,0.948021392027537,0.04670000076293945,0.4973606963952382,0.008177518844604492,True,,,2,c6506a9d537a462691fb204703a48410,2020-11-13_19-30-09,1605295809,115.19800472259521,148881,thetagpu10,140.221.68.20,115.19800472259521,0,2,"7_batch_size=198,dropout=0.31604,epochs=52,learning_rate=0.031406",0.031406237074357315,0.3160398559225799,52,198
5dea9d26,0.9498057422183809,0.04670000076293945,0.49825287149066017,0.008525609970092773,True,,,2,91f37ca3102d40a2a8c4f57ca814cce9,2020-11-13_19-30-26,1605295826,131.80801153182983,148982,thetagpu10,140.221.68.20,131.80801153182983,0,2,"8_batch_size=478,dropout=0.41503,epochs=75,learning_rate=0.04345",0.043449960951252926,0.41503487395474997,75,478
5ded2e4c,0.9726430352996377,0.04670000076293945,0.5096715180312885,0.009574413299560547,True,,,2,32d1417dd0c945aa9a4b99c5a34ceaf0,2020-11-13_19-32-04,1605295924,124.08730888366699,148979,thetagpu10,140.221.68.20,124.08730888366699,0,2,"9_batch_size=298,dropout=0.20172,epochs=73,learning_rate=0.015878",0.01587821365815483,0.20171838538165968,73,298
9d3b439a,0.9527531128663284,0.04670000076293945,0.4997265568146339,0.007654905319213867,True,,,2,790708b05cf54810a712f635e7132ab9,2020-11-13_19-32-21,1605295941,130.99691581726074,148948,thetagpu10,140.221.68.20,130.99691581726074,0,2,"10_batch_size=388,dropout=0.3422,epochs=77,learning_rate=0.04074",0.040739611883072326,0.34220293120745304,77,388
3df6d1b4,0.9311208211142441,0.04670000076293945,0.4889104109385918,0.007819175720214844,True,,,2,ba481957c8db499d8fd04ae36b06f062,2020-11-13_19-35-33,1605296133,62.93728303909302,148891,thetagpu10,140.221.68.20,62.93728303909302,0,2,"1_batch_size=354,dropout=0.8331,epochs=34,learning_rate=0.020222",0.020222454768053632,0.8330995606691283,34,354
3dfd4a6c,0.9352732324600219,0.04670000076293945,0.4909866166114807,0.009664773941040039,True,,,2,a7ec34ab4c1749d891ca55904e61f6b1,2020-11-13_19-34-59,1605296099,28.577614068984985,148970,thetagpu10,140.221.68.20,28.577614068984985,0,2,"2_batch_size=407,dropout=0.56202,epochs=13,learning_rate=0.044168",0.04416805340156586,0.5620228971981887,13,407
3dffbedc,0.9685483915465218,0.04670000076293945,0.5076241961547306,0.008042097091674805,True,,,2,774efb241ed448beb12ec656187b0a42,2020-11-13_19-35-30,1605296130,59.66517472267151,148887,thetagpu10,140.221.68.20,59.66517472267151,0,2,"3_batch_size=496,dropout=0.67301,epochs=32,learning_rate=0.00057491",0.0005749054222971056,0.6730110552467603,32,496
3e025eda,0.919267632744529,0.04670000076293945,0.48298381675373425,0.008554458618164062,True,,,2,e82c05250c6646feb108912f545ff227,2020-11-13_19-35-50,1605296150,79.49272632598877,148754,thetagpu10,140.221.68.20,79.49272632598877,0,2,"4_batch_size=462,dropout=0.68698,epochs=45,learning_rate=0.042254",0.04225356775305877,0.686975452854548,45,462
3e04afdc,0.8847033613257937,0.04670000076293945,0.4657016810443666,0.008560657501220703,True,,,2,8fc661d688954d63ba6937a90939d06d,2020-11-13_19-35-53,1605296153,83.21634817123413,148764,thetagpu10,140.221.68.20,83.21634817123413,0,2,"5_batch_size=283,dropout=0.69544,epochs=41,learning_rate=0.040007",0.04000714777987436,0.6954405490648521,41,283
3e083d3c,0.9249472715133844,0.04670000076293945,0.48582363613816193,0.009341716766357422,True,,,2,fdbd58ec68f2463081c9f647d671b12b,2020-11-13_19-35-17,1605296117,46.756369829177856,148906,thetagpu10,140.221.68.20,46.756369829177856,0,2,"6_batch_size=233,dropout=0.54214,epochs=20,learning_rate=0.038483",0.03848340855679471,0.5421395487919761,20,233
3e0a63b4,0.5483821758202144,0.04670000076293945,0.29754108829157694,0.008016347885131836,True,,,2,05c422e405a44f59b131f7a6db64c75f,2020-11-13_19-36-19,1605296179,109.00930094718933,148854,thetagpu10,140.221.68.20,109.00930094718933,0,2,"7_batch_size=288,dropout=0.85658,epochs=57,learning_rate=0.040599",0.04059882489144984,0.8565826455879901,57,288
3e0c9544,0.9203429222106934,0.04670000076293945,0.4835214614868164,0.007322788238525391,True,,,2,5a6de538f3674794a2bb28c4342c32ae,2020-11-13_19-35-32,1605296132,61.56337881088257,148734,thetagpu10,140.221.68.20,61.56337881088257,0,2,"8_batch_size=333,dropout=0.49157,epochs=30,learning_rate=0.054974",0.0549737682046349,0.49156639365713206,30,333
3e0f0446,0.962951452643783,0.04670000076293945,0.5048257267033612,0.008717060089111328,True,,,2,4ebc8d3f99f04805b44f7fd0824850fd,2020-11-13_19-35-51,1605296151,49.30976057052612,148745,thetagpu10,140.221.68.20,49.30976057052612,0,2,"9_batch_size=383,dropout=0.69684,epochs=26,learning_rate=0.012912",0.012912033038921952,0.6968430254277036,26,383
50fec35c,0.95769979922395,0.04670000076293945,0.5021998999934447,0.0071430206298828125,True,,,2,8502a53456fc462897dbd0382074192b,2020-11-13_19-35-52,1605296152,32.359593629837036,148897,thetagpu10,140.221.68.20,32.359593629837036,0,2,"10_batch_size=270,dropout=0.75675,epochs=16,learning_rate=0.010843",0.010843181106444567,0.7567455659648425,16,270
81390d2a,0.6462998247146606,0.04670000076293945,0.34649991273880004,0.010142087936401367,True,,,2,304a1a1c30744eaeac881af69533c228,2020-11-13_19-37-07,1605296227,44.38832426071167,148864,thetagpu10,140.221.68.20,44.38832426071167,0,2,"1_batch_size=405,dropout=0.58103,epochs=23,learning_rate=0.095826",0.09582622494482047,0.5810278289988289,23,405
81401228,0.6390378812085027,0.04670000076293945,0.34286894098572107,0.008710384368896484,True,,,2,6858241f414b4866bbae2ad173c88f6b,2020-11-13_19-37-32,1605296252,69.45269823074341,148775,thetagpu10,140.221.68.20,69.45269823074341,0,2,"2_batch_size=449,dropout=0.62091,epochs=35,learning_rate=0.09697",0.09697025760434733,0.6209078876209418,35,449
81425db2,0.9576588695247968,0.04670000076293945,0.5021794351438682,0.007394075393676758,True,,,2,28c489e5b4cf4a22bb5e6a88a6c6f8ed,2020-11-13_19-37-16,1605296236,53.15979266166687,148737,thetagpu10,140.221.68.20,53.15979266166687,0,2,"3_batch_size=419,dropout=0.27803,epochs=27,learning_rate=0.039508",0.03950780749179812,0.27803278942703674,27,419
814645da,0.8223973602959604,0.04670000076293945,0.43454868052944995,0.007545948028564453,True,,,2,983e1804088d401b8b751108217ec5c2,2020-11-13_19-37-54,1605296274,91.14985084533691,148804,thetagpu10,140.221.68.20,91.14985084533691,0,2,"4_batch_size=310,dropout=0.50674,epochs=47,learning_rate=0.073569",0.07356930310284353,0.5067400901685024,47,310
81488dea,0.7361622585190667,0.04670000076293945,0.3914311296410031,0.010340452194213867,True,,,2,087afc15b9654c0b956ac7c564496f28,2020-11-13_19-36-56,1605296216,32.60851812362671,148936,thetagpu10,140.221.68.20,32.60851812362671,0,2,"5_batch_size=223,dropout=0.36846,epochs=13,learning_rate=0.097393",0.09739288380135386,0.36846036493637746,13,223
81572a1c,0.7426392955164756,0.04670000076293945,0.3946696481397075,0.007717132568359375,True,,,2,6578e4706adc4b7cbbfa8b9826f66564,2020-11-13_19-37-02,1605296222,38.504313945770264,148733,thetagpu10,140.221.68.20,38.504313945770264,0,2,"6_batch_size=330,dropout=0.46383,epochs=19,learning_rate=0.097982",0.09798210952602072,0.46382968624494825,19,330
81595c9c,0.9149877538806513,0.04670000076293945,0.4808438773217954,0.007278919219970703,True,,,2,03a0a47fc09a41fdaefa7232d3160572,2020-11-13_19-37-13,1605296233,50.276531457901,148819,thetagpu10,140.221.68.20,50.276531457901,0,2,"7_batch_size=266,dropout=0.50868,epochs=22,learning_rate=0.048929",0.04892888385993928,0.5086778167395698,22,266
815bdaf8,0.8600437796634176,0.04670000076293945,0.45337189021317853,0.008736848831176758,True,,,2,45f000f0261e486191f0477c3219126f,2020-11-13_19-37-23,1605296243,59.96344828605652,148789,thetagpu10,140.221.68.20,59.96344828605652,0,2,"8_batch_size=449,dropout=0.58421,epochs=27,learning_rate=0.072936",0.07293628653470544,0.5842138027043133,27,449
815ea4ea,0.8072820930946164,0.04670000076293945,0.42699104692877793,0.008634805679321289,True,,,2,e29908fe006d4c6aa8e93a161d02d4b1,2020-11-13_19-38-24,1605296304,84.8914692401886,148926,thetagpu10,140.221.68.20,84.8914692401886,0,2,"9_batch_size=244,dropout=0.34457,epochs=45,learning_rate=0.085534",0.08553419006416701,0.34456868053502787,45,244
96cc6358,0.7607650099656521,0.04670000076293945,0.4037325053642958,0.008675336837768555,True,,,2,e601658f887246338104ee9f024ebc48,2020-11-13_19-38-42,1605296322,97.02324318885803,148963,thetagpu10,140.221.68.20,97.02324318885803,0,2,"10_batch_size=263,dropout=0.57154,epochs=54,learning_rate=0.066589",0.06658947336133111,0.5715448488414088,54,263
d61d06ca,0.9799237155145214,0.04670000076293945,0.5133118581387304,0.011573076248168945,True,,,2,a5e0074f8a7d4d8bb2599e665c84e9f0,2020-11-13_19-39-43,1605296383,57.373703479766846,148874,thetagpu10,140.221.68.20,57.373703479766846,0,2,"1_batch_size=326,dropout=0.33959,epochs=27,learning_rate=0.0018147",0.001814738540233034,0.33958854411544287,27,326
d6231772,0.9654895316722781,0.04670000076293945,0.5060947662176087,0.008013248443603516,True,,,2,3745a1b9e42e4b8f8cce269caf5288ea,2020-11-13_19-40-47,1605296447,122.10105538368225,148931,thetagpu10,140.221.68.20,122.10105538368225,0,2,"2_batch_size=234,dropout=0.4827,epochs=62,learning_rate=0.018031",0.018030977695687397,0.4827013796380966,62,234
d6255258,0.9705882316285913,0.04670000076293945,0.5086441161957653,0.007381439208984375,True,,,2,4808551945c44034b5937723241b38ff,2020-11-13_19-40-20,1605296420,95.31036281585693,148743,thetagpu10,140.221.68.20,95.31036281585693,0,2,"3_batch_size=476,dropout=0.32037,epochs=50,learning_rate=0.021873",0.021873038538417072,0.3203715811365263,50,476
d627ceac,0.9622549011426813,0.04670000076293945,0.5044774509528104,0.00821685791015625,True,,,2,96f6277c84d94bae9abfe5490c7d6e2f,2020-11-13_19-40-18,1605296418,92.95123934745789,148852,thetagpu10,140.221.68.20,92.95123934745789,0,2,"4_batch_size=300,dropout=0.24545,epochs=46,learning_rate=0.029094",0.029093863599203077,0.24545339029631888,46,300
d62a52e4,0.943816426007644,0.04670000076293945,0.49525821338529175,0.012535333633422852,True,,,2,d4bc280a54424373b9c047ec886655d2,2020-11-13_19-39-20,1605296360,35.024654388427734,148956,thetagpu10,140.221.68.20,35.024654388427734,0,2,"5_batch_size=450,dropout=0.26812,epochs=17,learning_rate=0.055304",0.05530366444926699,0.2681202701580158,17,450
d62cf8dc,0.9649577140808105,0.04670000076293945,0.505828857421875,0.008726835250854492,True,,,2,8eefce167f4c4d06b5153bd198ab6cdb,2020-11-13_19-39-25,1605296365,40.010647773742676,148951,thetagpu10,140.221.68.20,40.010647773742676,0,2,"6_batch_size=430,dropout=0.42485,epochs=18,learning_rate=0.021708",0.021707866186340286,0.4248461721580613,18,430
d62f4308,0.9678463244980032,0.04670000076293945,0.5072731626304714,0.009224653244018555,True,,,2,44ea08e719fc4c9192c4d51e72a8016c,2020-11-13_19-40-14,1605296414,88.4636914730072,148727,thetagpu10,140.221.68.20,88.4636914730072,0,2,"7_batch_size=229,dropout=0.37295,epochs=42,learning_rate=0.016454",0.016453618776135208,0.37294747707543063,42,229
d6318e42,0.9344389874201554,0.04670000076293945,0.49056949409154743,0.007996559143066406,True,,,2,5f7311d58d3146b8b820d061050b1a60,2020-11-13_19-40-42,1605296442,116.24559473991394,148798,thetagpu10,140.221.68.20,116.24559473991394,0,2,"8_batch_size=391,dropout=0.41335,epochs=62,learning_rate=0.048626",0.04862582865779095,0.41334894236831,62,391
d6340cd0,0.9410450657208761,0.04670000076293945,0.4938725332419078,0.00850367546081543,True,,,2,73434160ae3b4768bf0149481059bbad,2020-11-13_19-41-08,1605296468,104.81893372535706,148752,thetagpu10,140.221.68.20,104.81893372535706,0,2,"9_batch_size=312,dropout=0.60387,epochs=56,learning_rate=0.032991",0.03299089243581892,0.6038726013610358,56,312
ed0548f2,0.87236328125,0.04670000076293945,0.4595316410064697,0.010389089584350586,True,,,2,1a443ca1b56e4f80bc306fa4b530027a,2020-11-13_19-40-19,1605296419,50.59955596923828,148762,thetagpu10,140.221.68.20,50.59955596923828,0,2,"10_batch_size=256,dropout=0.52578,epochs=24,learning_rate=0.056104",0.05610448739016134,0.5257770782374889,24,256
2d8df50e,0.3275315462515272,0.04670000076293945,0.18711577350723332,0.009186506271362305,True,,,2,9f6cc8509b734fa2b653e2a8e79a01b2,2020-11-13_19-46-37,1605296797,324.7829694747925,148767,thetagpu10,140.221.68.20,324.7829694747925,0,2,"1_batch_size=69,dropout=0.48185,epochs=81,learning_rate=0.092735",0.09273524138020228,0.48185372321828607,81,69
2d9439dc,0.7277493021067452,0.04670000076293945,0.3872246514348423,0.012160301208496094,True,,,2,8ce32b4e333d412fa158731b8fc0647d,2020-11-13_19-43-50,1605296630,157.90318727493286,148759,thetagpu10,140.221.68.20,157.90318727493286,0,2,"2_batch_size=296,dropout=0.75086,epochs=85,learning_rate=0.050971",0.050970910893608994,0.7508560991367392,85,296
2d96dd18,0.32150000166147946,0.04670000076293945,0.18410000121220946,0.008989095687866211,True,,,2,3e0276fa1c7f4ca2bfd01ffa9d600dd4,2020-11-13_19-43-56,1605296636,164.2288773059845,148744,thetagpu10,140.221.68.20,164.2288773059845,0,2,"3_batch_size=125,dropout=0.61126,epochs=61,learning_rate=0.096975",0.09697506389653532,0.6112583127053215,61,125
2d9966d2,0.1743331083820926,0.04670000076293945,0.11051655457251602,0.008207559585571289,True,,,2,03c7637c674e42deb2e35a8bcb0d6623,2020-11-13_19-43-18,1605296598,125.94121217727661,148836,thetagpu10,140.221.68.20,125.94121217727661,0,2,"4_batch_size=187,dropout=0.79899,epochs=56,learning_rate=0.089649",0.08964893770519816,0.7989917000706339,56,187
2d9c082e,0.5506427319760018,0.04670000076293945,0.2986713663694706,0.008759498596191406,True,,,2,645ff6aef03d40c2a11eef5a93e9493c,2020-11-13_19-43-20,1605296600,127.68962073326111,148893,thetagpu10,140.221.68.20,127.68962073326111,0,2,"5_batch_size=216,dropout=0.76108,epochs=59,learning_rate=0.064792",0.06479248712688461,0.761077560824852,59,216
2da10d6a,0.10320000163465738,0.04670000076293945,0.07495000119879841,0.009733915328979492,True,,,2,bac1903f87844af688c829d25f9ba938,2020-11-13_19-47-45,1605296865,393.55780148506165,148865,thetagpu10,140.221.68.20,393.55780148506165,0,2,"6_batch_size=40,dropout=0.86358,epochs=60,learning_rate=0.093786",0.09378551112721861,0.8635843836553126,60,40
2da3a976,0.3361676538702827,0.04670000076293945,0.19143382731661107,0.009197235107421875,True,,,2,c6011dc9c1764dac98f35152d0190c74,2020-11-13_19-45-29,1605296729,256.9398248195648,148937,thetagpu10,140.221.68.20,256.9398248195648,0,2,"7_batch_size=63,dropout=0.70041,epochs=56,learning_rate=0.064463",0.06446340743672156,0.7004059070351398,56,63
2da64ce4,0.6483829668227662,0.04670000076293945,0.3475414837928528,0.009023666381835938,True,,,2,becd1cc740ef4621a1e7862e174b7cfa,2020-11-13_19-42-58,1605296578,105.77879333496094,148825,thetagpu10,140.221.68.20,105.77879333496094,0,2,"8_batch_size=214,dropout=0.6831,epochs=48,learning_rate=0.064589",0.06458908038256238,0.6831016321584817,48,214
2da8ce4c,0.11366331137039444,0.04670000076293945,0.08018165606666694,0.009284019470214844,True,,,2,7e28fec27f924e6fab726becfb99c135,2020-11-13_19-44-35,1605296675,94.21566486358643,148802,thetagpu10,140.221.68.20,94.21566486358643,0,2,"9_batch_size=230,dropout=0.86098,epochs=44,learning_rate=0.094148",0.09414830370861697,0.8609834466210704,44,230
6e98d3d4,0.5810918206418002,0.04670000076293945,0.31389591070236983,0.008697271347045898,True,,,2,8ee9fddd1cc14a09937ac19bcce3ce26,2020-11-13_19-45-07,1605296707,105.76102185249329,148933,thetagpu10,140.221.68.20,105.76102185249329,0,2,"10_batch_size=187,dropout=0.83486,epochs=49,learning_rate=0.044428",0.0444278593479054,0.8348592616589053,49,187
1a50021a,0.637481484413147,0.04670000076293945,0.34209074258804323,0.011380910873413086,True,,,2,77b81c0825fd4683ad26a2718117b137,2020-11-13_19-51-06,1605297066,197.29152274131775,148763,thetagpu10,140.221.68.20,197.29152274131775,0,2,"1_batch_size=135,dropout=0.49455,epochs=76,learning_rate=0.059251",0.059250927686742054,0.49455449352239944,76,135
1a5613f8,0.30328149799453585,0.04670000076293945,0.17499074937873765,0.008432626724243164,True,,,2,7b789b4598f14d65a6b0d8f566516421,2020-11-13_19-51-59,1605297119,250.30465650558472,148855,thetagpu10,140.221.68.20,250.30465650558472,0,2,"2_batch_size=132,dropout=0.82102,epochs=95,learning_rate=0.054676",0.05467609501532514,0.8210170477134433,95,132
1a584e20,0.9156141455356891,0.04670000076293945,0.4811570731493143,0.008668184280395508,True,,,2,c5805d71271045edbc55b96522469710,2020-11-13_19-50-15,1605297015,145.75417828559875,148886,thetagpu10,140.221.68.20,145.75417828559875,0,2,"3_batch_size=155,dropout=0.50945,epochs=60,learning_rate=0.036707",0.03670669824211274,0.5094489685561414,60,155
1a5a5a76,0.9540876463839882,0.04670000076293945,0.5003938235734638,0.008841514587402344,True,,,2,c7b66afb4d184d36b07de7d96890a269,2020-11-13_19-49-40,1605296980,110.6070306301117,148889,thetagpu10,140.221.68.20,110.6070306301117,0,2,"4_batch_size=268,dropout=0.67491,epochs=55,learning_rate=0.01858",0.018579740654683163,0.6749059424210602,55,268
1a5c8314,0.9557748604239079,0.04670000076293945,0.5012374305934237,0.009318351745605469,True,,,2,6605a9b9ca864072820f9ece9391c8a4,2020-11-13_19-55-51,1605297351,482.0991806983948,148925,thetagpu10,140.221.68.20,482.0991806983948,0,2,"5_batch_size=44,dropout=0.78112,epochs=80,learning_rate=0.0041835",0.004183474937117561,0.7811238982592223,80,44
1a5ec336,0.19898267333604852,0.04670000076293945,0.12284133704949399,0.008915901184082031,True,,,2,cbead29cfbb340639511d903244f83d1,2020-11-13_19-50-03,1605297003,133.8820822238922,148866,thetagpu10,140.221.68.20,133.8820822238922,0,2,"6_batch_size=207,dropout=0.8883,epochs=69,learning_rate=0.058338",0.058337832258366126,0.8883024461736015,69,207
1a60f796,0.953909729208265,0.04670000076293945,0.5003048649856022,0.009063243865966797,True,,,2,c45f2b2e693e46af997ce2a72514ca23,2020-11-13_19-51-26,1605297086,217.02527570724487,148757,thetagpu10,140.221.68.20,217.02527570724487,0,2,"7_batch_size=65,dropout=0.46658,epochs=50,learning_rate=0.014297",0.014296951441879476,0.46658222475421096,50,65
1a635568,0.9531779147092269,0.04670000076293945,0.49993895773608316,0.009254693984985352,True,,,2,aed17b14bb4548a5963439a05c1b1f3e,2020-11-13_19-55-16,1605297316,447.058730840683,148973,thetagpu10,140.221.68.20,447.058730840683,0,2,"8_batch_size=42,dropout=0.47627,epochs=75,learning_rate=0.012247",0.012246732222122693,0.47626882670339027,75,42
1a65ca1e,0.9611390117141936,0.04670000076293945,0.5039195062385665,0.007899999618530273,True,,,2,2aa34762e4e44895a664b9019724e873,2020-11-13_19-51-50,1605297110,127.25338816642761,148771,thetagpu10,140.221.68.20,127.25338816642761,0,2,"9_batch_size=283,dropout=0.80774,epochs=72,learning_rate=0.0042342",0.00423416811123974,0.8077360109542372,72,283
5e250062,0.7035614218976762,0.04670000076293945,0.37513071133030784,0.00985264778137207,True,,,2,25b38584f6044c64b1b667f2ea5a3780,2020-11-13_19-52-26,1605297146,139.4321949481964,148882,thetagpu10,140.221.68.20,139.4321949481964,0,2,"10_batch_size=188,dropout=0.83102,epochs=68,learning_rate=0.037457",0.03745698238006417,0.8310215486982839,68,188
3be6b1de,0.669207791576471,0.04670000076293945,0.35795389616970524,0.009208440780639648,True,,,2,f3eed60c5f2148b395644bfc4c1538d6,2020-11-13_20-02-45,1605297765,410.39105796813965,148831,thetagpu10,140.221.68.20,410.39105796813965,0,2,"1_batch_size=45,dropout=0.21764,epochs=72,learning_rate=0.065668",0.06566818457554108,0.2176366119697803,72,45
3bec9de2,0.8502464431027571,0.04670000076293945,0.4484732219328483,0.008189678192138672,True,,,2,7d60fdd7d244405aba4a07344a2df8b3,2020-11-13_19-58-46,1605297526,170.74736905097961,148781,thetagpu10,140.221.68.20,170.74736905097961,0,2,"2_batch_size=209,dropout=0.58404,epochs=83,learning_rate=0.049456",0.04945591303076946,0.5840385259011857,83,209
3beef54c,0.8367460327489036,0.04670000076293945,0.4417230167559215,0.009553909301757812,True,,,2,d1d130409f3b4f67bfa4ead7dcdde014,2020-11-13_19-59-29,1605297569,214.51718831062317,148751,thetagpu10,140.221.68.20,214.51718831062317,0,2,"3_batch_size=180,dropout=0.54068,epochs=98,learning_rate=0.051909",0.05190912732825311,0.5406841435035901,98,180
3bf17d26,0.1134932581251529,0.04670000076293945,0.08009662944404618,0.008207321166992188,True,,,2,ced48bb2f64649c0b9c66edfb6f30488,2020-11-13_20-07-07,1605298027,672.3588984012604,148776,thetagpu10,140.221.68.20,672.3588984012604,0,2,"4_batch_size=15,dropout=0.57652,epochs=45,learning_rate=0.096055",0.0960553206006382,0.5765189649193809,45,15
3bf3fc4a,0.8529431232147746,0.04670000076293945,0.44982156198885703,0.00827336311340332,True,,,2,a3a921d120704a898b38c2d5ca0e5728,2020-11-13_19-59-47,1605297587,232.0377562046051,148870,thetagpu10,140.221.68.20,232.0377562046051,0,2,"5_batch_size=140,dropout=0.36682,epochs=91,learning_rate=0.061323",0.061323057774350404,0.36682115312586316,91,140
3bf66e3a,0.8559881422830664,0.04670000076293945,0.45134407152300293,0.01201176643371582,True,,,2,788e233b6b8442fbac2bbd65ff13c3dc,2020-11-13_19-58-43,1605297523,167.39143085479736,148877,thetagpu10,140.221.68.20,167.39143085479736,0,2,"6_batch_size=220,dropout=0.33128,epochs=80,learning_rate=0.073364",0.0733635153711692,0.33128384800089566,80,220
3bf923c8,0.622383208014071,0.04670000076293945,0.3345416043885052,0.00722813606262207,True,,,2,95a57f6095a745509ab231f2b62c3c8d,2020-11-13_19-59-36,1605297576,221.01549649238586,148732,thetagpu10,140.221.68.20,221.01549649238586,0,2,"7_batch_size=157,dropout=0.48714,epochs=90,learning_rate=0.081557",0.08155654476379598,0.48714223442490584,90,157
3bfbe9e6,0.5281999981403351,0.04670000076293945,0.2874499994516373,0.009511709213256836,True,,,2,724e0eb6a7ba4e52965be2489160f38d,2020-11-13_20-00-55,1605297655,300.20201325416565,148672,thetagpu10,140.221.68.20,300.20201325416565,0,2,"8_batch_size=100,dropout=0.51867,epochs=98,learning_rate=0.078541",0.07854071008135377,0.5186680162197387,98,100
3bfe7378,0.7174368958053349,0.04670000076293945,0.38206844828413716,0.008072376251220703,True,,,2,24e91c089b8f4709be1f64ec9fcef184,2020-11-13_20-04-42,1605297882,356.29115748405457,148863,thetagpu10,140.221.68.20,356.29115748405457,0,2,"9_batch_size=63,dropout=0.34227,epochs=82,learning_rate=0.064586",0.06458605545302615,0.3422674027715068,82,63
a1ba383c,0.9286112063809445,0.04670000076293945,0.487655603571942,0.006537437438964844,True,,,2,a29160d2de8c401a8eacf34d08ed8faa,2020-11-13_20-01-37,1605297697,168.42068338394165,148858,thetagpu10,140.221.68.20,168.42068338394165,0,2,"10_batch_size=264,dropout=0.33277,epochs=97,learning_rate=0.049714",0.049714256085113886,0.33276538608813466,97,264
cee43a6e,0.9472125139954972,0.04670000076293945,0.49695625737921834,0.008546113967895508,True,,,2,97f93c8ee8fe4641b7e5acfa92211035,2020-11-13_20-09-56,1605298196,164.64284348487854,148840,thetagpu10,140.221.68.20,164.64284348487854,0,2,"1_batch_size=138,dropout=0.42577,epochs=64,learning_rate=0.025547",0.025547048160911683,0.42577147086509043,64,138
cee9ff94,0.9608622881082388,0.04670000076293945,0.5037811444355891,0.007776498794555664,True,,,2,934ff6ebcae14d87951baa8d0f9a8370,2020-11-13_20-09-46,1605298186,155.12493515014648,148907,thetagpu10,140.221.68.20,155.12493515014648,0,2,"2_batch_size=262,dropout=0.30584,epochs=82,learning_rate=0.027476",0.027476327280189724,0.3058403845902603,82,262
ceebebba,0.6725179027819979,0.04670000076293945,0.35960895177246865,0.008011102676391602,True,,,2,e8cfda107951489782a066e1869c16aa,2020-11-13_20-16-47,1605298607,576.348197221756,148900,thetagpu10,140.221.68.20,576.348197221756,0,2,"3_batch_size=29,dropout=0.41324,epochs=67,learning_rate=0.040218",0.040217949383661016,0.4132427189816299,67,29
ceeddbc8,0.9655768243890059,0.04670000076293945,0.5061384125759727,0.009274005889892578,True,,,2,e0e693d13ff440be9828f494c1321289,2020-11-13_20-09-06,1605298146,115.51046872138977,148954,thetagpu10,140.221.68.20,115.51046872138977,0,2,"4_batch_size=176,dropout=0.2173,epochs=48,learning_rate=0.017403",0.017403331355718258,0.2173005484018289,48,176
ceefde78,0.9183403292148233,0.04670000076293945,0.4825201649888814,0.008010625839233398,True,,,2,63036f43d415439786e27a28f976ba95,2020-11-13_20-13-37,1605298417,386.2147767543793,148950,thetagpu10,140.221.68.20,386.2147767543793,0,2,"5_batch_size=72,dropout=0.29269,epochs=100,learning_rate=0.034596",0.03459575126124939,0.2926899811456787,100,72
cef1ea38,0.9706020922887892,0.04670000076293945,0.5086510465258643,0.008257150650024414,True,,,2,42078797cfb543ddace503611aea3eec,2020-11-13_20-10-48,1605298248,216.8231658935547,148810,thetagpu10,140.221.68.20,216.8231658935547,0,2,"6_batch_size=159,dropout=0.29472,epochs=91,learning_rate=0.01425",0.014249993501756278,0.2947167835498594,91,159
cef3ccb8,0.9449170995981265,0.04670000076293945,0.495808550180533,0.0076406002044677734,True,,,2,5c21408ec2a2499fb6ae333c489cc6b0,2020-11-13_20-10-10,1605298210,179.0343086719513,148707,thetagpu10,140.221.68.20,179.0343086719513,0,2,"7_batch_size=259,dropout=0.45762,epochs=93,learning_rate=0.035123",0.03512330688507723,0.45761915779292817,93,259
cef5bf82,0.9606619073056627,0.04670000076293945,0.503680954034301,0.012679576873779297,True,,,2,2690137826e64c69b38b6f2dbe30ac7d,2020-11-13_20-10-53,1605298253,221.69498991966248,148849,thetagpu10,140.221.68.20,221.69498991966248,0,2,"8_batch_size=116,dropout=0.47659,epochs=77,learning_rate=0.016221",0.01622096354235762,0.4765932663792782,77,116
cef7a950,0.8680319727122129,0.04670000076293945,0.45736598673757617,0.009187459945678711,True,,,2,bcd5ad275a2e4cfba349f3e968e42f2b,2020-11-13_20-13-30,1605298410,260.3273584842682,148750,thetagpu10,140.221.68.20,260.3273584842682,0,2,"9_batch_size=110,dropout=0.2629,epochs=92,learning_rate=0.056134",0.05613416148015044,0.26290251883647325,92,110
15997a5a,0.9723442492012779,0.04670000076293945,0.5095221249821087,0.008932352066040039,True,,,2,35f20f46f5be43bf8ad7f70cf403fccc,2020-11-13_20-16-15,1605298575,386.3784658908844,148946,thetagpu10,140.221.68.20,386.3784658908844,0,2,"10_batch_size=32,dropout=0.28343,epochs=52,learning_rate=0.0044069",0.004406911192482345,0.28342849123419533,52,32
288dc2e6,0.09592607311959214,0.04670000076293945,0.0713130369412658,0.009927749633789062,True,,,2,47520a4ae50541748172f5805ec6ffde,2020-11-13_20-20-37,1605298837,225.7364685535431,148740,thetagpu10,140.221.68.20,225.7364685535431,0,2,"1_batch_size=74,dropout=0.87136,epochs=56,learning_rate=0.062242",0.06224167594137747,0.8713591552342164,56,74
2893c858,0.3574074072970284,0.04670000076293945,0.20205370402998393,0.008008956909179688,True,,,2,e079ca652571479fb6268a49cfdfcc70,2020-11-13_20-19-08,1605298748,137.0512137413025,148799,thetagpu10,140.221.68.20,137.0512137413025,0,2,"2_batch_size=224,dropout=0.75888,epochs=62,learning_rate=0.081235",0.08123527967050546,0.7588758077847779,62,224
28962e72,0.1432619461646447,0.04670000076293945,0.09498097346379207,0.007416486740112305,True,,,2,6f7bacb057d04fb0b1b24e1384576874,2020-11-13_20-19-07,1605298747,136.00459623336792,148806,thetagpu10,140.221.68.20,136.00459623336792,0,2,"3_batch_size=257,dropout=0.88095,epochs=65,learning_rate=0.079629",0.07962932386915192,0.880949458133787,65,257
2898cab0,0.09723598267702223,0.04670000076293945,0.07196799171998083,0.008835077285766602,True,,,2,d7409ae742434cfabb182e489bc13c86,2020-11-13_20-19-05,1605298745,134.36966371536255,148726,thetagpu10,140.221.68.20,134.36966371536255,0,2,"4_batch_size=98,dropout=0.83957,epochs=40,learning_rate=0.088807",0.08880747217491847,0.8395657869758313,40,98
289b7972,0.6482020824454552,0.04670000076293945,0.3474510416041973,0.010305404663085938,True,,,2,edd613b956bd4a29a0afb8e603112584,2020-11-13_20-19-02,1605298742,130.827734708786,148969,thetagpu10,140.221.68.20,130.827734708786,0,2,"5_batch_size=234,dropout=0.74135,epochs=66,learning_rate=0.055919",0.055919400277614294,0.7413547821864394,66,234
289e2852,0.3462213298541376,0.04670000076293945,0.19646066530853853,0.009171724319458008,True,,,2,e316971861d341ff95e9d627e35a6270,2020-11-13_20-25-46,1605299146,535.0933921337128,148935,thetagpu10,140.221.68.20,535.0933921337128,0,2,"6_batch_size=23,dropout=0.52819,epochs=52,learning_rate=0.068238",0.06823816745372088,0.5281925527169425,52,23
28a0dc50,0.42615729475893627,0.04670000076293945,0.23642864776093786,0.007692575454711914,True,,,2,19f3b9bfa8704c828837a12470a444d8,2020-11-13_20-19-14,1605298754,143.4931218624115,148563,thetagpu10,140.221.68.20,143.4931218624115,0,2,"7_batch_size=49,dropout=0.64506,epochs=25,learning_rate=0.060904",0.06090436578509761,0.6450626613117182,25,49
28a32ece,0.1604299363057325,0.04670000076293945,0.10356496853433597,0.007904052734375,True,,,2,4650cc0724eb473fb35966e9e667bb83,2020-11-13_20-19-04,1605298744,132.7831094264984,148694,thetagpu10,140.221.68.20,132.7831094264984,0,2,"8_batch_size=64,dropout=0.70052,epochs=28,learning_rate=0.065383",0.06538282955351868,0.7005203268315386,28,64
28a59e84,0.09590869168440501,0.04670000076293945,0.07130434622367224,0.008128166198730469,True,,,2,ac4241e8617f4f4ab66c890e46f69515,2020-11-13_20-20-40,1605298840,94.75264811515808,148719,thetagpu10,140.221.68.20,94.75264811515808,0,2,"9_batch_size=67,dropout=0.74075,epochs=22,learning_rate=0.091073",0.09107272495128191,0.7407542782848946,22,67
787cb2bc,0.43130162412470036,0.04670000076293945,0.2390008124438199,0.00709843635559082,True,,,2,f8d8968a9eb14b339845776b4ec2dcdf,2020-11-13_20-20-55,1605298855,108.30290031433105,148977,thetagpu10,140.221.68.20,108.30290031433105,0,2,"10_batch_size=183,dropout=0.85484,epochs=47,learning_rate=0.047546",0.04754640274518947,0.8548438731535832,47,183
6995d6ce,0.4970056930069248,0.04670000076293945,0.27185284688493216,0.009506940841674805,True,,,2,ae07d9f301684685b0c8e8d70d40cf48,2020-11-13_20-27-39,1605299259,109.90251517295837,148868,thetagpu10,140.221.68.20,109.90251517295837,0,2,"1_batch_size=43,dropout=0.72306,epochs=17,learning_rate=0.037784",0.037784115856501224,0.7230647048774819,17,43
699bc2c8,0.9104522365444111,0.04670000076293945,0.4785761186536753,0.009338617324829102,True,,,2,ec94375454f744e0b3fdeab3a362ba4f,2020-11-13_20-37-17,1605299837,687.7757346630096,148736,thetagpu10,140.221.68.20,687.7757346630096,0,2,"2_batch_size=21,dropout=0.49161,epochs=61,learning_rate=0.018566",0.018565872179040006,0.4916062052349967,61,21
699df0d4,0.10266808366590957,0.04670000076293945,0.07468404221442451,0.007729291915893555,True,,,2,0c82f308fcb543ebb2940f3333e1b63a,2020-11-13_20-28-07,1605299287,137.57504606246948,148735,thetagpu10,140.221.68.20,137.57504606246948,0,2,"3_batch_size=46,dropout=0.89648,epochs=23,learning_rate=0.038901",0.03890081551677525,0.8964820560154314,23,46
69a04f0a,0.6614011054237684,0.04670000076293945,0.3540505530933539,0.009196996688842773,True,,,2,691a8750ebc14c2cb0fdfff02c2f99e0,2020-11-13_20-26-40,1605299200,50.8512921333313,148715,thetagpu10,140.221.68.20,50.8512921333313,0,2,"4_batch_size=210,dropout=0.78019,epochs=21,learning_rate=0.047766",0.047766419250666006,0.7801912489892366,21,210
69a2d982,0.781781615043173,0.04670000076293945,0.41424080790305623,0.007124423980712891,True,,,2,7ad91a7917a64e4fab3cc401a72fba7d,2020-11-13_20-26-27,1605299187,37.1239595413208,148814,thetagpu10,140.221.68.20,37.1239595413208,0,2,"5_batch_size=206,dropout=0.70409,epochs=15,learning_rate=0.047189",0.04718857723336613,0.7040850757519368,15,206
69a55c84,0.8570436505334718,0.04670000076293945,0.4518718256482056,0.007787466049194336,True,,,2,c62d44fbd4f9426db68d4db29da94c53,2020-11-13_20-27-53,1605299273,123.58277773857117,148570,thetagpu10,140.221.68.20,123.58277773857117,0,2,"6_batch_size=180,dropout=0.57496,epochs=53,learning_rate=0.053371",0.05337066912416708,0.5749629126475303,53,180
69a7b894,0.512252682934002,0.04670000076293945,0.2794763418484707,0.007325649261474609,True,,,2,3b760e4d30b04a738c17e411d9e14720,2020-11-13_20-26-21,1605299181,31.664227724075317,148738,thetagpu10,140.221.68.20,31.664227724075317,0,2,"7_batch_size=206,dropout=0.75703,epochs=13,learning_rate=0.061225",0.06122488740796706,0.7570254883694074,13,206
69acdedc,0.9737313443155431,0.04670000076293945,0.5102156725392413,0.00939798355102539,True,,,2,206c71a489bb40539daecf5250add74b,2020-11-13_20-27-07,1605299227,77.66968297958374,148730,thetagpu10,140.221.68.20,77.66968297958374,0,2,"8_batch_size=150,dropout=0.4766,epochs=31,learning_rate=0.0072169",0.007216872836877665,0.4766005175928103,31,150
69aeedbc,0.9376186977985294,0.04670000076293945,0.4921593492807344,0.006504058837890625,True,,,2,fb4fbbeb989e4e308f2c98508b7007a6,2020-11-13_20-27-53,1605299273,89.00346326828003,148748,thetagpu10,140.221.68.20,89.00346326828003,0,2,"9_batch_size=236,dropout=0.89764,epochs=43,learning_rate=0.0051956",0.005195603938529869,0.8976416252788039,43,236
7e68c854,0.8993000008165837,0.04670000076293945,0.47300000078976157,0.0069234371185302734,True,,,2,c6c605524aed44f286ac38bbac56af95,2020-11-13_20-27-17,1605299237,47.65563249588013,148972,thetagpu10,140.221.68.20,47.65563249588013,0,2,"10_batch_size=125,dropout=0.73352,epochs=16,learning_rate=0.024338",0.024338329172038514,0.7335192614458577,16,125
05a08eb4,0.8704689589757768,0.04670000076293945,0.45858447986935813,0.009794473648071289,True,,,2,48d44e5c62f84edda25b9b2f1c0f2d6d,2020-11-13_20-39-26,1605299966,125.11392641067505,148728,thetagpu10,140.221.68.20,125.11392641067505,0,2,"1_batch_size=161,dropout=0.34089,epochs=51,learning_rate=0.062986",0.06298601260351185,0.34089336083964783,51,161
05a67068,0.14279999846592545,0.04670000076293945,0.09474999961443245,0.009839773178100586,True,,,2,3b737d934a8b4c2e98ecc87efde9b660,2020-11-13_20-47-13,1605300433,592.4530773162842,148821,thetagpu10,140.221.68.20,592.4530773162842,0,2,"2_batch_size=25,dropout=0.59474,epochs=63,learning_rate=0.085543",0.08554298380832284,0.594739559666088,63,25
05a8d3a8,0.4563097133757962,0.04670000076293945,0.2515048570693678,0.009745359420776367,True,,,2,1accf346b176486ab8847160847e4a92,2020-11-13_20-40-35,1605300035,194.08322858810425,148517,thetagpu10,140.221.68.20,194.08322858810425,0,2,"3_batch_size=64,dropout=0.39766,epochs=43,learning_rate=0.094062",0.09406205897627548,0.39766441810661746,43,64
05ab6f46,0.8077657544935072,0.04670000076293945,0.4272328776282233,0.011075019836425781,True,,,2,5b6ff12f2c9b411c8eb269163785fb55,2020-11-13_20-38-41,1605299921,79.71001625061035,148540,thetagpu10,140.221.68.20,79.71001625061035,0,2,"4_batch_size=271,dropout=0.4042,epochs=41,learning_rate=0.086248",0.08624805548547748,0.40419907552079304,41,271
05ae34f6,0.8487064310095527,0.04670000076293945,0.44770321588624606,0.007796525955200195,True,,,2,cf7c5e4fb9da44d4a67f00a3555ee1d6,2020-11-13_20-39-21,1605299961,119.90943908691406,148965,thetagpu10,140.221.68.20,119.90943908691406,0,2,"5_batch_size=230,dropout=0.30892,epochs=58,learning_rate=0.082691",0.08269107779367141,0.30891901132806526,58,230
05b0ee12,0.9243140281775059,0.04670000076293945,0.48550701447022265,0.009183883666992188,True,,,2,a56af832a80d4b9ea885fc71a83d1bef,2020-11-13_20-38-02,1605299882,40.872241497039795,148487,thetagpu10,140.221.68.20,40.872241497039795,0,2,"6_batch_size=129,dropout=0.30989,epochs=12,learning_rate=0.051661",0.05166076119261044,0.3098893455448399,12,129
05b3c772,0.8217254200806985,0.04670000076293945,0.43421271042181897,0.011929035186767578,True,,,2,0ed91c3111434c1a8178b4305230416c,2020-11-13_20-38-39,1605299919,77.99743294715881,148473,thetagpu10,140.221.68.20,77.99743294715881,0,2,"7_batch_size=194,dropout=0.20196,epochs=32,learning_rate=0.09313",0.09312970183892781,0.2019563961766889,32,194
05b6b2c0,0.7336000171867577,0.04670000076293945,0.3901500089748486,0.009664058685302734,True,,,2,fb036af60bec4c6ea605a5af66037dff,2020-11-13_20-38-47,1605299927,86.26705002784729,148504,thetagpu10,140.221.68.20,86.26705002784729,0,2,"8_batch_size=271,dropout=0.42578,epochs=44,learning_rate=0.086608",0.08660846335984906,0.42577803383161006,44,271
05b92032,0.5184616406998003,0.04670000076293945,0.28258082073136986,0.007837772369384766,True,,,2,09b5d9e831354ab391b0e7a5103de871,2020-11-13_20-40-51,1605300051,165.93982601165771,148747,thetagpu10,140.221.68.20,165.93982601165771,0,2,"9_batch_size=121,dropout=0.62969,epochs=59,learning_rate=0.069446",0.06944623727736982,0.6296895511065508,59,121
2000841c,0.805187338590622,0.04670000076293945,0.4259436696767807,0.009806156158447266,True,,,2,3bcdd4e8e0654eb388c57e59bffbe8c6,2020-11-13_20-39-44,1605299984,62.0176739692688,148723,thetagpu10,140.221.68.20,62.0176739692688,0,2,"10_batch_size=202,dropout=0.61687,epochs=29,learning_rate=0.058684",0.058684421197642375,0.6168658454117024,29,202
69024f5a,0.8771839658562228,0.04670000076293945,0.46194198330958114,0.007040739059448242,True,,,2,f10a5c23780b40e3a75360c25e06ca06,2020-11-13_20-51-12,1605300672,235.28404760360718,148682,thetagpu10,140.221.68.20,235.28404760360718,0,2,"1_batch_size=36,dropout=0.36954,epochs=32,learning_rate=0.033009",0.03300855524833191,0.36954417819991603,32,36
6907c02a,0.9413102002286199,0.04670000076293945,0.49400510049577967,0.0076940059661865234,True,,,2,357422b5b3cc4a4683b35d777d224a53,2020-11-13_20-49-51,1605300591,154.39692378044128,148880,thetagpu10,140.221.68.20,154.39692378044128,0,2,"2_batch_size=151,dropout=0.38078,epochs=58,learning_rate=0.031366",0.03136586813646592,0.3807756756701418,58,151
6909dfd6,0.9814925433984444,0.04670000076293945,0.5140962720806919,0.008116722106933594,True,,,2,1e54070f9af546628971b77f674fd651,2020-11-13_20-49-32,1605300572,134.9938144683838,148756,thetagpu10,140.221.68.20,134.9938144683838,0,2,"3_batch_size=150,dropout=0.34435,epochs=54,learning_rate=0.00093019",0.000930193252516056,0.34434550192617086,54,150
690bedd0,0.966965179389982,0.04670000076293945,0.5068325900764608,0.008390665054321289,True,,,2,5a855dc8015b47a2abbbfe2e30d12b30,2020-11-13_20-50-36,1605300636,198.67467665672302,148749,thetagpu10,140.221.68.20,198.67467665672302,0,2,"4_batch_size=75,dropout=0.50975,epochs=52,learning_rate=0.011197",0.011196866338434716,0.5097546998900073,52,75
690e6736,0.8863772439385602,0.04670000076293945,0.46653862235074983,0.01114201545715332,True,,,2,5a575b69ecc841a3a50e9f2c87958934,2020-11-13_20-48-10,1605300490,52.86551237106323,148769,thetagpu10,140.221.68.20,52.86551237106323,0,2,"5_batch_size=60,dropout=0.42773,epochs=10,learning_rate=0.038454",0.038454479288747394,0.42773388148987856,10,60
6910c83c,0.9812439271381923,0.04670000076293945,0.5139719639505659,0.010190486907958984,True,,,2,4a4087c8403d4dc7b7faaf5c2fd664ce,2020-11-13_20-49-30,1605300570,133.0034463405609,148485,thetagpu10,140.221.68.20,133.0034463405609,0,2,"6_batch_size=294,dropout=0.301,epochs=64,learning_rate=0.0013836",0.0013835525298607802,0.3010002595394575,64,294
69133b08,0.9317924387213112,0.04670000076293945,0.48924621974212534,0.007590532302856445,True,,,2,6c1e31907eec480282a745bac0d14609,2020-11-13_20-50-22,1605300622,184.57012391090393,148573,thetagpu10,140.221.68.20,184.57012391090393,0,2,"7_batch_size=29,dropout=0.28941,epochs=21,learning_rate=0.020702",0.020702377458619612,0.2894098612416148,21,29
69159bbe,0.9585471775601891,0.04670000076293945,0.5026235891615642,0.008948087692260742,True,,,2,61fd63e0af2b4c27bdf325192f381123,2020-11-13_20-49-57,1605300597,159.64487600326538,148486,thetagpu10,140.221.68.20,159.64487600326538,0,2,"8_batch_size=149,dropout=0.58309,epochs=62,learning_rate=0.016762",0.016761557409242706,0.5830895598089851,62,149
6917ccf4,0.9717477272296774,0.04670000076293945,0.5092238639963085,0.008668899536132812,True,,,2,24574ac434ea4e55ad94ab2edca31799,2020-11-13_20-49-41,1605300581,87.36158299446106,148520,thetagpu10,140.221.68.20,87.36158299446106,0,2,"9_batch_size=174,dropout=0.20311,epochs=39,learning_rate=0.011611",0.011611322338980034,0.20311393820609921,39,174
8a787786,0.9598331898450851,0.04670000076293945,0.5032665953040123,0.007570981979370117,True,,,2,149dfac86ead428a9b7a54f90b5d82ee,2020-11-13_20-50-58,1605300658,85.16685199737549,148548,thetagpu10,140.221.68.20,85.16685199737549,0,2,"10_batch_size=251,dropout=0.26241,epochs=46,learning_rate=0.027852",0.02785195365572208,0.2624114459834181,46,251
